Order ID,Order Date,Origin Port,Carrier,TPT,Service Level,Ship ahead day count,Ship Late Day count,Customer,Product ID,Plant Code,Destination Port,Unit quantity,Weight,Plant ID,Daily Capacity ,Truck Count
1447306622.7,2011-01-01,PORT04,V44_3,4,CRF,0,0,V555555555555555_29,1699333,PLANT03,PORT09,635,936.85,PLANT03,1013,32
1447306541.7,2011-01-02,PORT04,V44_3,4,CRF,0,0,V555555555555555_29,1699268,PLANT03,PORT09,220,237.162050448668,PLANT03,1013,8
1447392840.7,2011-01-03,PORT04,V44_3,4,CRF,0,0,V555555555555555_29,1699268,PLANT03,PORT09,658,942.97,PLANT03,1013,32
1447306543.7,2011-01-04,PORT04,V44_3,4,CRF,0,0,V555555555555555_29,1699268,PLANT03,PORT09,330,333.4,PLANT03,1013,12
1447189595.7,2011-01-04,PORT04,V44_3,4,CRF,0,0,V555555555555555_29,1699584,PLANT03,PORT09,691,1015.2699609649416,PLANT03,1013,34
1447189594.7,2011-01-05,PORT04,V44_3,4,CRF,0,0,V555555555555555_29,1699584,PLANT03,PORT09,476,622.96,PLANT03,1013,21
1447189593.7,2011-01-05,PORT04,V44_3,4,CRF,0,0,V555555555555555_29,1699584,PLANT03,PORT09,452,549.6195742131181,PLANT03,1013,19
1447405923.7,2011-01-06,PORT04,V44_3,0,CRF,0,0,V555555555555555_29,1699584,PLANT03,PORT09,369,377.61,PLANT03,1013,13
1447306544.7,2011-01-07,PORT04,V44_3,4,CRF,0,0,V555555555555555_29,1699584,PLANT03,PORT09,389,406.62,PLANT03,1013,14
1447182454.7,2011-01-08,PORT04,V44_3,4,CRF,0,0,V555555555555555_29,1699562,PLANT03,PORT09,254,378.8703224974621,PLANT03,1013,13
1447320769.7,2011-01-08,PORT04,V44_3,0,CRF,0,0,V555555555555555_29,1699562,PLANT03,PORT09,684,891.7803393502918,PLANT03,1013,30
1447316999.7,2011-01-09,PORT04,V44_3,4,CRF,0,0,V555555555555555_29,1699562,PLANT03,PORT09,473,697.41,PLANT03,1013,24
1447320723.7,2011-01-10,PORT04,V44_3,0,CRF,0,0,V555555555555555_29,1699564,PLANT03,PORT09,464,467.7041705150897,PLANT03,1013,16
1447306567.7,2011-01-10,PORT04,V44_3,4,CRF,0,0,V555555555555555_29,1699564,PLANT03,PORT09,291,355.04218783911205,PLANT03,1013,12
1447306637.7,2011-01-11,PORT04,V44_3,4,CRF,0,0,V555555555555555_29,1699564,PLANT03,PORT09,463,470.96,PLANT03,1013,16
1447399896.7,2011-01-12,PORT04,V44_3,4,CRF,0,0,V555555555555555_29,1699561,PLANT03,PORT09,249,331.4840244020708,PLANT03,1013,12
1447306540.7,2011-01-12,PORT04,V44_3,4,CRF,0,0,V555555555555555_29,1699561,PLANT03,PORT09,589,650.24,PLANT03,1013,22
1447306621.7,2011-01-13,PORT04,V44_3,4,CRF,0,0,V555555555555555_29,1699561,PLANT03,PORT09,390,554.2455310460248,PLANT03,1013,19
1447320841.7,2011-01-14,PORT04,V44_3,0,CRF,0,0,V555555555555555_29,1699561,PLANT03,PORT09,645,943.85,PLANT03,1013,32
1447399894.7,2011-01-14,PORT04,V44_3,4,CRF,0,0,V555555555555555_29,1699561,PLANT03,PORT09,470,490.7957379822011,PLANT03,1013,17
1447320823.7,2011-01-15,PORT04,V44_3,0,CRF,0,0,V555555555555555_29,1699793,PLANT03,PORT09,389,452.2767493334549,PLANT03,1013,16
1447418500.7,2011-01-16,PORT04,V44_3,0,CRF,0,0,V555555555555555_29,1700980,PLANT03,PORT09,566,800.532715089996,PLANT03,1013,27
1447379297.7,2011-01-16,PORT04,V44_3,0,CRF,0,0,V555555555555555_29,1699792,PLANT03,PORT09,451,587.8862228533474,PLANT03,1013,20
1447269468.7,2011-01-17,PORT04,V44_3,4,CRF,0,0,V555555555555555_29,1699792,PLANT03,PORT09,214,231.68356247974123,PLANT03,1013,8
1447379325.7,2011-01-18,PORT04,V44_3,0,CRF,0,0,V555555555555555_29,1699792,PLANT03,PORT09,543,650.2103321846672,PLANT03,1013,22
1447269470.7,2011-01-19,PORT04,V44_3,4,CRF,0,0,V555555555555555_29,1699792,PLANT03,PORT09,338,371.6,PLANT03,1013,13
1447182453.7,2011-01-20,PORT04,V44_3,4,CRF,0,0,V555555555555555_29,1699792,PLANT03,PORT09,488,635.85,PLANT03,1013,22
1447379201.7,2011-01-21,PORT04,V44_3,4,CRF,0,0,V555555555555555_29,1699792,PLANT03,PORT09,240,349.8,PLANT03,1013,12
1447344845.7,2011-01-21,PORT04,V44_3,0,CRF,0,0,V555555555555555_29,1699314,PLANT03,PORT09,467,544.2646888030936,PLANT03,1013,19
1447412852.7,2011-01-22,PORT04,V44_3,0,CRF,0,0,V555555555555555_29,1699314,PLANT03,PORT09,261,303.44,PLANT03,1013,11
1447313126.7,2011-01-23,PORT04,V44_3,0,CRF,0,0,V555555555555555_29,1699314,PLANT03,PORT09,413,596.2094313420114,PLANT03,1013,20
1447320655.7,2011-01-23,PORT04,V44_3,0,CRF,0,0,V555555555555555_29,1699315,PLANT03,PORT09,300,445.76,PLANT03,1013,15
1447269469.7,2011-01-24,PORT04,V44_3,4,CRF,0,0,V555555555555555_29,1699315,PLANT03,PORT09,417,466.2028557676573,PLANT03,1013,16
1447182458.7,2011-01-25,PORT04,V44_3,4,CRF,0,0,V555555555555555_29,1699312,PLANT03,PORT09,592,802.356215346993,PLANT03,1013,27
1447182460.7,2011-01-26,PORT04,V44_3,4,CRF,0,0,V555555555555555_29,1699795,PLANT03,PORT09,660,726.57,PLANT03,1013,25
1447410408.7,2011-01-26,PORT04,V44_3,0,CRF,0,0,V555555555555555_29,1699795,PLANT03,PORT09,440,509.16,PLANT03,1013,17
1447306545.7,2011-01-27,PORT04,V44_3,4,CRF,0,0,V555555555555555_29,1699795,PLANT03,PORT09,684,769.2579423689152,PLANT03,1013,26
1447403803.7,2011-01-27,PORT04,V44_3,4,CRF,0,0,V555555555555555_29,1699795,PLANT03,PORT09,370,407.57,PLANT03,1013,14
1447392326.7,2011-01-28,PORT04,V44_3,0,CRF,0,0,V555555555555555_29,1699795,PLANT03,PORT09,386,520.09,PLANT03,1013,18
1447392328.7,2011-01-29,PORT04,V44_3,0,CRF,0,0,V555555555555555_29,1699795,PLANT03,PORT09,244,280.06730967220113,PLANT03,1013,10
1447392327.7,2011-01-29,PORT04,V44_3,0,CRF,0,0,V555555555555555_29,1699795,PLANT03,PORT09,483,677.0868065711361,PLANT03,1013,23
1447320842.7,2011-01-30,PORT04,V44_3,0,CRF,0,0,V555555555555555_29,1699797,PLANT03,PORT09,645,818.94,PLANT03,1013,28
1447379298.7,2011-01-30,PORT04,V44_3,0,CRF,0,0,V555555555555555_29,1699797,PLANT03,PORT09,547,644.45,PLANT03,1013,22
1447399895.7,2011-01-31,PORT04,V44_3,4,CRF,0,0,V555555555555555_29,1699797,PLANT03,PORT09,576,762.5347547159124,PLANT03,1013,26
1447355125.7,2011-02-01,PORT04,V44_3,0,CRF,0,0,V555555555555555_29,1699797,PLANT03,PORT09,432,497.8327517621343,PLANT03,1013,17
1447379324.7,2011-02-02,PORT04,V44_3,0,CRF,0,0,V555555555555555_29,1699797,PLANT03,PORT09,336,417.45,PLANT03,1013,14
1447182474.7,2011-02-03,PORT04,V44_3,4,CRF,0,0,V555555555555555_29,1699371,PLANT03,PORT09,371,416.2852843769621,PLANT03,1013,14
1447182478.7,2011-02-03,PORT04,V44_3,4,CRF,0,0,V555555555555555_29,1699371,PLANT03,PORT09,359,452.12,PLANT03,1013,16
1447320824.7,2011-02-04,PORT04,V44_3,0,CRF,0,0,V555555555555555_29,1699836,PLANT03,PORT09,517,768.21,PLANT03,1013,26
1447405962.7,2011-02-05,PORT04,V44_3,0,CRF,0,0,V555555555555555_29,1699836,PLANT03,PORT09,494,616.8203809554193,PLANT03,1013,21
1447320801.7,2011-02-05,PORT04,V44_3,0,CRF,0,0,V555555555555555_29,1699329,PLANT03,PORT09,312,467.6475156676349,PLANT03,1013,16
1447306592.7,2011-02-06,PORT04,V44_3,4,CRF,0,0,V555555555555555_29,1699329,PLANT03,PORT09,329,396.61558869084905,PLANT03,1013,14
1447306624.7,2011-02-06,PORT04,V44_3,4,CRF,0,0,V555555555555555_29,1699329,PLANT03,PORT09,423,615.0982348819473,PLANT03,1013,21
1447405947.7,2011-02-07,PORT04,V44_3,0,CRF,0,0,V555555555555555_29,1699329,PLANT03,PORT09,252,313.67,PLANT03,1013,11
1447182481.7,2011-02-07,PORT04,V44_3,4,CRF,0,0,V555555555555555_29,1699327,PLANT03,PORT09,615,797.2542425929134,PLANT03,1013,27
1447405954.7,2011-02-08,PORT04,V44_3,0,CRF,0,0,V555555555555555_29,1699623,PLANT03,PORT09,322,360.99,PLANT03,1013,13
1447325921.7,2011-02-08,PORT04,V44_3,0,CRF,0,0,V555555555555555_29,1699625,PLANT03,PORT09,524,689.66,PLANT03,1013,23
1447182468.7,2011-02-09,PORT04,V44_3,4,CRF,0,0,V555555555555555_29,1699625,PLANT03,PORT09,439,614.236754934109,PLANT03,1013,21
1447392875.7,2011-02-10,PORT04,V44_3,4,CRF,0,0,V555555555555555_29,1699625,PLANT03,PORT09,525,707.65,PLANT03,1013,24
1447325913.7,2011-02-11,PORT04,V44_3,4,CRF,0,0,V555555555555555_29,1699625,PLANT03,PORT09,642,712.7,PLANT03,1013,24
1447325915.7,2011-02-11,PORT04,V44_3,4,CRF,0,0,V555555555555555_29,1699625,PLANT03,PORT09,346,406.3192158014692,PLANT03,1013,14
1447269586.7,2011-02-12,PORT04,V44_3,4,CRF,0,0,V555555555555555_29,1699248,PLANT03,PORT09,616,738.45,PLANT03,1013,25
1447182480.7,2011-02-13,PORT04,V44_3,4,CRF,0,0,V555555555555555_29,1699248,PLANT03,PORT09,328,438.81,PLANT03,1013,15
1447406046.7,2011-02-13,PORT04,V44_3,0,CRF,0,0,V555555555555555_29,1699248,PLANT03,PORT09,633,925.67,PLANT03,1013,31
1447242978.7,2011-02-14,PORT04,V44_3,4,CRF,0,0,V555555555555555_29,1699416,PLANT03,PORT09,462,614.46,PLANT03,1013,21
1447340137.7,2011-02-15,PORT04,V44_3,0,CRF,0,0,V555555555555555_29,1699416,PLANT03,PORT09,699,884.1128771354242,PLANT03,1013,30
1447252496.7,2011-02-16,PORT04,V44_3,4,CRF,0,0,V555555555555555_29,1699416,PLANT03,PORT09,453,656.22,PLANT03,1013,22
1447340136.7,2011-02-16,PORT04,V44_3,4,CRF,0,0,V555555555555555_29,1699416,PLANT03,PORT09,208,237.0,PLANT03,1013,8
1447182463.7,2011-02-17,PORT04,V44_3,4,CRF,0,0,V555555555555555_29,1699418,PLANT03,PORT09,330,471.2935081598852,PLANT03,1013,16
1447405955.7,2011-02-17,PORT04,V44_3,0,CRF,0,0,V555555555555555_29,1699418,PLANT03,PORT09,360,475.56569630777176,PLANT03,1013,16
1447405945.7,2011-02-18,PORT04,V44_3,0,CRF,0,0,V555555555555555_29,1699419,PLANT03,PORT09,619,897.1,PLANT03,1013,30
1447365154.7,2011-02-18,PORT04,V44_3,4,CRF,0,0,V555555555555555_29,1699419,PLANT03,PORT09,426,505.3,PLANT03,1013,17
1447405961.7,2011-02-19,PORT04,V44_3,0,CRF,0,0,V555555555555555_29,1699419,PLANT03,PORT09,548,625.7943470780656,PLANT03,1013,21
1447316992.7,2011-02-20,PORT04,V44_3,4,CRF,0,0,V555555555555555_29,1699419,PLANT03,PORT09,509,623.12,PLANT03,1013,21
1447340135.7,2011-02-20,PORT04,V44_3,4,CRF,0,0,V555555555555555_29,1699419,PLANT03,PORT09,683,926.2092040901834,PLANT03,1013,31
1447331105.7,2011-02-21,PORT04,V44_3,4,CRF,0,0,V555555555555555_29,1699419,PLANT03,PORT09,503,690.74,PLANT03,1013,24
1447182476.7,2011-02-22,PORT04,V44_3,4,CRF,0,0,V555555555555555_29,1699419,PLANT03,PORT09,394,523.55,PLANT03,1013,18
1447325826.7,2011-02-23,PORT04,V44_3,4,CRF,0,0,V555555555555555_29,1699419,PLANT03,PORT09,642,760.0367727820782,PLANT03,1013,26
1447325825.7,2011-02-23,PORT04,V44_3,4,CRF,0,0,V555555555555555_29,1699419,PLANT03,PORT09,437,565.89,PLANT03,1013,19
1447320840.7,2011-02-24,PORT04,V44_3,0,CRF,0,0,V555555555555555_29,1699417,PLANT03,PORT09,637,925.5924638883596,PLANT03,1013,31
1447399893.7,2011-02-25,PORT04,V44_3,4,CRF,0,0,V555555555555555_29,1699417,PLANT03,PORT09,485,641.44,PLANT03,1013,22
1447405986.7,2011-02-26,PORT04,V44_3,0,CRF,0,0,V555555555555555_29,1699417,PLANT03,PORT09,652,727.040397446747,PLANT03,1013,25
1447320770.7,2011-02-27,PORT04,V44_3,0,CRF,0,0,V555555555555555_29,1699417,PLANT03,PORT09,234,323.92081967383814,PLANT03,1013,11
1447182455.7,2011-02-27,PORT04,V44_3,4,CRF,0,0,V555555555555555_29,1699417,PLANT03,PORT09,371,545.46,PLANT03,1013,19
1447320771.7,2011-02-28,PORT04,V44_3,0,CRF,0,0,V555555555555555_29,1699417,PLANT03,PORT09,205,242.94126677618303,PLANT03,1013,9
1447327175.7,2011-03-01,PORT04,V44_3,0,CRF,0,0,V555555555555555_29,1699378,PLANT03,PORT09,548,665.32,PLANT03,1013,23
1447386265.7,2011-03-01,PORT04,V44_3,0,CRF,0,0,V555555555555555_29,1699378,PLANT03,PORT09,298,444.0694059736908,PLANT03,1013,15
1447306631.7,2011-03-02,PORT04,V44_3,4,CRF,0,0,V555555555555555_29,1699553,PLANT03,PORT09,668,731.7642844042156,PLANT03,1013,25
1447392847.7,2011-03-03,PORT04,V44_3,4,CRF,0,0,V555555555555555_29,1699553,PLANT03,PORT09,327,387.934302769877,PLANT03,1013,13
1447182465.7,2011-03-04,PORT04,V44_3,4,CRF,0,0,V555555555555555_29,1699553,PLANT03,PORT09,257,376.5071632731919,PLANT03,1013,13
1447254154.7,2011-03-04,PORT04,V44_3,4,CRF,0,0,V555555555555555_29,1699557,PLANT03,PORT09,313,409.25,PLANT03,1013,14
1447392831.7,2011-03-05,PORT04,V44_3,4,CRF,0,0,V555555555555555_29,1699557,PLANT03,PORT09,326,410.49,PLANT03,1013,14
1447316603.7,2011-03-05,PORT04,V44_3,4,CRF,0,0,V555555555555555_29,1699557,PLANT03,PORT09,472,672.2860716022233,PLANT03,1013,23
1447182472.7,2011-03-06,PORT04,V44_3,4,CRF,0,0,V555555555555555_29,1699557,PLANT03,PORT09,375,478.6537456702327,PLANT03,1013,16
1447392845.7,2011-03-06,PORT04,V44_3,4,CRF,0,0,V555555555555555_29,1699557,PLANT03,PORT09,225,316.14,PLANT03,1013,11
1447182473.7,2011-03-07,PORT04,V44_3,4,CRF,0,0,V555555555555555_29,1699555,PLANT03,PORT09,515,646.67,PLANT03,1013,22
1447241593.7,2011-03-08,PORT04,V44_3,4,CRF,0,0,V555555555555555_29,1699555,PLANT03,PORT09,219,290.17,PLANT03,1013,10
1447392846.7,2011-03-09,PORT04,V44_3,4,CRF,0,0,V555555555555555_29,1699555,PLANT03,PORT09,341,492.74591077989504,PLANT03,1013,17
1447392832.7,2011-03-09,PORT04,V44_3,4,CRF,0,0,V555555555555555_29,1699555,PLANT03,PORT09,291,375.2248422963498,PLANT03,1013,13
1447182479.7,2011-03-10,PORT04,V44_3,4,CRF,0,0,V555555555555555_29,1699555,PLANT03,PORT09,541,629.765296551915,PLANT03,1013,21
1447405933.7,2011-03-11,PORT04,V44_3,0,CRF,0,0,V555555555555555_29,1699555,PLANT03,PORT09,324,459.91,PLANT03,1013,16
1447182470.7,2011-03-11,PORT04,V44_3,4,CRF,0,0,V555555555555555_29,1699555,PLANT03,PORT09,504,513.41,PLANT03,1013,18
1447344844.7,2011-03-12,PORT04,V44_3,0,CRF,0,0,V555555555555555_29,1699310,PLANT03,PORT09,690,733.84,PLANT03,1013,25
1447412851.7,2011-03-12,PORT04,V44_3,0,CRF,0,0,V555555555555555_29,1699310,PLANT03,PORT09,252,286.21,PLANT03,1013,10
1447182467.7,2011-03-13,PORT04,V44_3,4,CRF,0,0,V555555555555555_29,1699311,PLANT03,PORT09,395,561.2995573148663,PLANT03,1013,19
1447182457.7,2011-03-14,PORT04,V44_3,4,CRF,0,0,V555555555555555_29,1699311,PLANT03,PORT09,246,332.04000192436484,PLANT03,1013,12
1447313124.7,2011-03-14,PORT04,V44_3,0,CRF,0,0,V555555555555555_29,1699310,PLANT03,PORT09,343,510.36,PLANT03,1013,18
1447405946.7,2011-03-15,PORT04,V44_3,0,CRF,0,0,V555555555555555_29,1699265,PLANT03,PORT09,346,483.5672116949857,PLANT03,1013,17
1447344843.7,2011-03-15,PORT04,V44_3,0,CRF,0,0,V555555555555555_29,1699526,PLANT03,PORT09,291,399.2582045563713,PLANT03,1013,14
1447182466.7,2011-03-16,PORT04,V44_3,4,CRF,0,0,V555555555555555_29,1699525,PLANT03,PORT09,316,328.77792872551726,PLANT03,1013,11
1447313123.7,2011-03-16,PORT04,V44_3,0,CRF,0,0,V555555555555555_29,1699526,PLANT03,PORT09,595,716.6635009632453,PLANT03,1013,24
1447182456.7,2011-03-17,PORT04,V44_3,4,CRF,0,0,V555555555555555_29,1699525,PLANT03,PORT09,438,492.8,PLANT03,1013,17
1447313125.7,2011-03-18,PORT04,V44_3,0,CRF,0,0,V555555555555555_29,1699700,PLANT03,PORT09,288,383.0684222473533,PLANT03,1013,13
1447306598.7,2011-03-18,PORT04,V44_3,4,CRF,0,0,V555555555555555_29,1699022,PLANT03,PORT09,471,592.68,PLANT03,1013,20
1447306597.7,2011-03-19,PORT04,V44_3,4,CRF,0,0,V555555555555555_29,1699674,PLANT03,PORT09,477,651.1143769999937,PLANT03,1013,22
1447343377.7,2011-03-20,PORT04,V44_3,4,CRF,0,0,V555555555555555_29,1699674,PLANT03,PORT09,343,370.2078657706873,PLANT03,1013,13
1447306539.7,2011-03-20,PORT04,V44_3,4,CRF,0,0,V555555555555555_29,1699345,PLANT03,PORT09,484,512.0895790026738,PLANT03,1013,18
1447306542.7,2011-03-21,PORT04,V44_3,4,CRF,0,0,V555555555555555_29,1699345,PLANT03,PORT09,293,418.32,PLANT03,1013,14
1447350175.7,2011-03-22,PORT04,V44_3,4,CRF,0,0,V555555555555555_29,1699345,PLANT03,PORT09,599,628.301331114975,PLANT03,1013,21
1447397993.7,2011-03-22,PORT04,V44_3,4,CRF,0,0,V555555555555555_29,1699345,PLANT03,PORT09,238,279.2102142096387,PLANT03,1013,10
1447231067.7,2011-03-23,PORT04,V44_3,4,CRF,0,0,V555555555555555_29,1699540,PLANT03,PORT09,222,227.33,PLANT03,1013,8
1447306538.7,2011-03-24,PORT04,V44_3,4,CRF,0,0,V555555555555555_29,1699540,PLANT03,PORT09,489,552.7884909070491,PLANT03,1013,19
1447355121.7,2011-03-24,PORT04,V44_3,4,CRF,0,0,V555555555555555_29,1699540,PLANT03,PORT09,346,433.04,PLANT03,1013,15
1447240887.7,2011-03-25,PORT04,V44_3,4,CRF,0,0,V555555555555555_29,1699540,PLANT03,PORT09,692,748.3753117701747,PLANT03,1013,25
1447364831.7,2011-03-26,PORT04,V44_3,0,CRF,0,0,V555555555555555_29,1699540,PLANT03,PORT09,457,463.06,PLANT03,1013,16
1447240888.7,2011-03-27,PORT04,V44_3,4,CRF,0,0,V555555555555555_29,1699540,PLANT03,PORT09,539,694.0902909375494,PLANT03,1013,24
1447306546.7,2011-03-28,PORT04,V44_3,4,CRF,0,0,V555555555555555_29,1699368,PLANT03,PORT09,232,285.16,PLANT03,1013,10
1447372031.7,2011-03-28,PORT04,V44_3,4,CRF,0,0,V555555555555555_29,1699368,PLANT03,PORT09,300,393.89,PLANT03,1013,14
1447298090.7,2011-03-29,PORT04,V44_3,0,CRF,0,0,V555555555555555_29,1699368,PLANT03,PORT09,529,583.6680131873992,PLANT03,1013,20
1447182461.7,2011-03-29,PORT04,V44_3,4,CRF,0,0,V555555555555555_29,1699368,PLANT03,PORT09,211,221.6320791453185,PLANT03,1013,8
1447320772.7,2011-03-30,PORT04,V44_3,0,CRF,0,0,V555555555555555_29,1699368,PLANT03,PORT09,441,591.6029935383067,PLANT03,1013,20
1447405932.7,2011-03-31,PORT04,V44_3,0,CRF,0,0,V555555555555555_29,1699368,PLANT03,PORT09,292,415.3517954015404,PLANT03,1013,14
1447182477.7,2011-03-31,PORT04,V44_3,4,CRF,0,0,V555555555555555_29,1699368,PLANT03,PORT09,617,697.4242619607761,PLANT03,1013,24
1447182469.7,2011-04-01,PORT04,V44_3,4,CRF,0,0,V555555555555555_29,1699372,PLANT03,PORT09,700,821.92,PLANT03,1013,28
1447387681.7,2011-04-01,PORT04,V44_3,0,CRF,0,0,V555555555555555_29,1699372,PLANT03,PORT09,575,786.33,PLANT03,1013,27
1447182464.7,2011-04-02,PORT04,V44_3,4,CRF,0,0,V555555555555555_29,1699220,PLANT03,PORT09,363,395.21,PLANT03,1013,14
1447405924.7,2011-04-03,PORT04,V44_3,0,CRF,0,0,V555555555555555_29,1699575,PLANT03,PORT09,426,636.9775952461434,PLANT03,1013,22
1447320724.7,2011-04-03,PORT04,V44_3,0,CRF,0,0,V555555555555555_29,1699575,PLANT03,PORT09,665,748.13,PLANT03,1013,25
1447286436.7,2011-04-04,PORT04,V44_3,4,CRF,0,0,V555555555555555_29,1699575,PLANT03,PORT09,389,498.283071621964,PLANT03,1013,17
1447189587.7,2011-04-05,PORT04,V44_3,4,CRF,0,0,V555555555555555_29,1699537,PLANT03,PORT09,212,290.4303286074217,PLANT03,1013,10
1447231070.7,2011-04-06,PORT04,V44_3,4,CRF,0,0,V555555555555555_29,1699537,PLANT03,PORT09,472,598.101283753213,PLANT03,1013,20
1447182462.7,2011-04-06,PORT04,V44_3,4,CRF,0,0,V555555555555555_29,1699537,PLANT03,PORT09,416,482.57,PLANT03,1013,17
1447337604.7,2011-04-07,PORT04,V44_3,0,CRF,0,0,V555555555555555_29,1699537,PLANT03,PORT09,299,300.62,PLANT03,1013,11
1447344824.7,2011-04-08,PORT04,V44_3,0,CRF,0,0,V555555555555555_29,1699537,PLANT03,PORT09,464,538.08,PLANT03,1013,18
1447182452.7,2011-04-08,PORT04,V44_3,4,CRF,0,0,V555555555555555_29,1699574,PLANT03,PORT09,583,723.6548568208302,PLANT03,1013,25
1447327229.7,2011-04-09,PORT04,V44_3,0,CRF,0,0,V555555555555555_29,1699574,PLANT03,PORT09,572,598.23,PLANT03,1013,20
1447182471.7,2011-04-09,PORT04,V44_3,4,CRF,0,0,V555555555555555_29,1699576,PLANT03,PORT09,635,848.52,PLANT03,1013,29
1447182475.7,2011-04-10,PORT04,V44_3,4,CRF,0,0,V555555555555555_29,1699576,PLANT03,PORT09,343,478.419511489266,PLANT03,1013,16
1447377330.7,2011-04-11,PORT04,V44_3,0,CRF,0,0,V555555555555555_29,1699567,PLANT03,PORT09,385,396.08,PLANT03,1013,14
1447306549.7,2011-04-11,PORT04,V44_3,4,CRF,0,0,V555555555555555_29,1699567,PLANT03,PORT09,332,454.35,PLANT03,1013,16
1447320800.7,2011-04-12,PORT04,V44_3,0,CRF,0,0,V555555555555555_29,1699567,PLANT03,PORT09,345,512.09,PLANT03,1013,18
1447377331.7,2011-04-13,PORT04,V44_3,0,CRF,0,0,V555555555555555_29,1699567,PLANT03,PORT09,691,990.5,PLANT03,1013,34
1447286433.7,2011-04-13,PORT04,V44_3,4,CRF,0,0,V555555555555555_29,1699567,PLANT03,PORT09,373,503.73074301712586,PLANT03,1013,17
1447286432.7,2011-04-14,PORT04,V44_3,4,CRF,0,0,V555555555555555_29,1699567,PLANT03,PORT09,482,652.2043767447157,PLANT03,1013,22
1447366429.7,2011-04-14,PORT04,V44_3,0,CRF,0,0,V555555555555555_29,1699567,PLANT03,PORT09,364,406.45,PLANT03,1013,14
1447320822.7,2011-04-15,PORT04,V44_3,0,CRF,0,0,V555555555555555_29,1699841,PLANT03,PORT09,520,748.8935918459885,PLANT03,1013,25
1447405948.7,2011-04-16,PORT04,V44_3,0,CRF,0,0,V555555555555555_29,1699841,PLANT03,PORT09,416,539.1128576748271,PLANT03,1013,18
1447182451.7,2011-04-17,PORT04,V44_3,4,CRF,0,0,V555555555555555_29,1699841,PLANT03,PORT09,614,761.8717653049835,PLANT03,1013,26
1447306623.7,2011-04-17,PORT04,V44_3,4,CRF,0,0,V555555555555555_29,1699841,PLANT03,PORT09,366,443.63,PLANT03,1013,15
1447262011.7,2011-04-18,PORT04,V44_3,0,CRF,0,0,V5555555_30,1658528,PLANT03,PORT09,325,405.0515794472646,PLANT03,1013,14
1447308834.7,2011-04-19,PORT04,V44_3,0,CRF,0,0,V5555555_30,1699166,PLANT03,PORT09,325,334.14928229829854,PLANT03,1013,12
1447261866.7,2011-04-19,PORT04,V44_3,0,CRF,0,0,V5555555_30,1699591,PLANT03,PORT09,516,728.28,PLANT03,1013,25
1447201700.7,2011-04-20,PORT04,V44_3,0,CRF,0,0,V5555555_30,1699591,PLANT03,PORT09,660,738.377135526515,PLANT03,1013,25
1447356152.7,2011-04-21,PORT04,V44_3,0,CRF,0,0,V5555555_30,1699591,PLANT03,PORT09,568,591.54,PLANT03,1013,20
1447338331.7,2011-04-21,PORT04,V44_3,0,CRF,0,0,V5555555_30,1699465,PLANT03,PORT09,316,468.1891612316166,PLANT03,1013,16
1447308149.7,2011-04-22,PORT04,V44_3,0,CRF,0,0,V5555555_30,1699465,PLANT03,PORT09,372,380.03,PLANT03,1013,13
1447335436.7,2011-04-22,PORT04,V44_3,0,CRF,0,0,V5555555_30,1699465,PLANT03,PORT09,573,837.91,PLANT03,1013,28
1447262049.7,2011-04-23,PORT04,V44_3,0,CRF,0,0,V5555555_30,1629341,PLANT03,PORT09,426,574.1225692217159,PLANT03,1013,20
1447261868.7,2011-04-23,PORT04,V44_3,0,CRF,0,0,V5555555_30,1699242,PLANT03,PORT09,246,323.42,PLANT03,1013,11
1447404339.7,2011-04-24,PORT04,V44_3,0,CRF,0,0,V5555555_30,1699242,PLANT03,PORT09,200,262.76,PLANT03,1013,9
1447323413.7,2011-04-25,PORT04,V44_3,0,CRF,0,0,V5555555_30,1699242,PLANT03,PORT09,670,685.2245374143885,PLANT03,1013,23
1447384150.7,2011-04-25,PORT04,V44_3,0,CRF,0,0,V5555555_30,1699242,PLANT03,PORT09,423,435.2382143757552,PLANT03,1013,15
1447221633.7,2011-04-26,PORT04,V44_3,0,CRF,0,0,V5555555_30,1699242,PLANT03,PORT09,355,414.579661501461,PLANT03,1013,14
1447340632.7,2011-04-26,PORT04,V44_3,0,CRF,0,0,V5555555_30,1699242,PLANT03,PORT09,363,447.1612604966067,PLANT03,1013,15
1447184595.7,2011-04-27,PORT04,V44_3,0,CRF,0,0,V5555555_30,1699242,PLANT03,PORT09,227,235.82,PLANT03,1013,8
1447278499.7,2011-04-27,PORT04,V44_3,0,CRF,0,0,V5555555_30,1699799,PLANT03,PORT09,391,479.6085855550365,PLANT03,1013,16
1447386296.7,2011-04-28,PORT04,V44_3,0,CRF,0,0,V5555555_30,1699799,PLANT03,PORT09,616,742.65,PLANT03,1013,25
1447182391.7,2011-04-29,PORT04,V44_3,0,CRF,0,0,V5555555_30,1699799,PLANT03,PORT09,612,652.7546483184674,PLANT03,1013,22
1447309254.7,2011-04-29,PORT04,V44_3,0,CRF,0,0,V5555555_30,1699552,PLANT03,PORT09,589,868.72,PLANT03,1013,29
1447396766.7,2011-04-30,PORT04,V44_3,0,CRF,0,0,V5555555_30,1699552,PLANT03,PORT09,608,735.15,PLANT03,1013,25
1447352018.7,2011-05-01,PORT04,V44_3,0,CRF,0,0,V5555555_30,1699552,PLANT03,PORT09,450,460.1742007738926,PLANT03,1013,16
1447352020.7,2011-05-01,PORT04,V44_3,0,CRF,0,0,V5555555_30,1699552,PLANT03,PORT09,488,677.734957231395,PLANT03,1013,23
1447379196.7,2011-05-02,PORT04,V44_3,0,CRF,0,0,V5555555_30,1699552,PLANT03,PORT09,376,446.83,PLANT03,1013,15
1447359554.7,2011-05-03,PORT04,V44_3,0,CRF,0,0,V5555555_30,1699552,PLANT03,PORT09,541,765.29,PLANT03,1013,26
1447178243.7,2011-05-04,PORT04,V44_3,0,CRF,0,0,V5555555_30,1699552,PLANT03,PORT09,297,302.4680473439447,PLANT03,1013,11
1447317147.7,2011-05-05,PORT04,V44_3,0,CRF,0,0,V5555555_30,1699552,PLANT03,PORT09,695,721.19,PLANT03,1013,25
1447359553.7,2011-05-06,PORT04,V44_3,0,CRF,0,0,V5555555_30,1699552,PLANT03,PORT09,550,756.23,PLANT03,1013,26
1447352021.7,2011-05-07,PORT04,V44_3,0,CRF,0,0,V5555555_30,1699552,PLANT03,PORT09,684,932.33,PLANT03,1013,32
1447352017.7,2011-05-08,PORT04,V44_3,0,CRF,0,0,V5555555_30,1699552,PLANT03,PORT09,344,385.4665911606967,PLANT03,1013,13
1447352019.7,2011-05-09,PORT04,V44_3,0,CRF,0,0,V5555555_30,1699552,PLANT03,PORT09,250,284.3414746282386,PLANT03,1013,10
1447205761.7,2011-05-10,PORT04,V44_3,0,CRF,0,0,V5555555_30,1693117,PLANT03,PORT09,568,782.9877535369129,PLANT03,1013,27
1447205762.7,2011-05-11,PORT04,V44_3,0,CRF,0,0,V5555555_30,1693117,PLANT03,PORT09,271,274.0060325451058,PLANT03,1013,10
1447370681.7,2011-05-12,PORT04,V44_3,0,CRF,0,0,V5555555_30,1699172,PLANT03,PORT09,317,448.7723811749064,PLANT03,1013,15
1447372962.7,2011-05-12,PORT04,V44_3,0,CRF,0,0,V5555555_30,1699173,PLANT03,PORT09,648,826.82,PLANT03,1013,28
1447182402.7,2011-05-13,PORT04,V44_3,0,CRF,0,0,V5555555_30,1699173,PLANT03,PORT09,450,540.7836448977894,PLANT03,1013,19
1447234948.7,2011-05-13,PORT04,V44_3,0,CRF,0,0,V5555555_30,1699184,PLANT03,PORT09,502,607.55,PLANT03,1013,21
1447178061.7,2011-05-14,PORT04,V44_3,0,CRF,0,0,V5555555_30,1699184,PLANT03,PORT09,265,371.67,PLANT03,1013,13
1447388728.7,2011-05-14,PORT04,V44_3,0,CRF,0,0,V5555555_30,1699184,PLANT03,PORT09,391,393.84348213807095,PLANT03,1013,14
1447392216.7,2011-05-15,PORT04,V44_3,0,CRF,0,0,V5555555_30,1699353,PLANT03,PORT09,537,642.3175261092781,PLANT03,1013,22
1447193186.7,2011-05-15,PORT04,V44_3,0,CRF,0,0,V5555555_30,1699298,PLANT03,PORT09,646,880.63,PLANT03,1013,30
1447353694.7,2011-05-16,PORT04,V44_3,0,CRF,0,0,V5555555_30,1699345,PLANT03,PORT09,671,976.463113904298,PLANT03,1013,33
1447352523.7,2011-05-17,PORT04,V44_3,0,CRF,0,0,V5555555_30,1699540,PLANT03,PORT09,250,337.21,PLANT03,1013,12
1447182397.7,2011-05-17,PORT04,V44_3,0,CRF,0,0,V5555555_30,1699540,PLANT03,PORT09,337,493.1300148397119,PLANT03,1013,17
1447278496.7,2011-05-18,PORT04,V44_3,0,CRF,0,0,V5555555_30,1699540,PLANT03,PORT09,539,662.74,PLANT03,1013,23
1447255583.7,2011-05-18,PORT04,V44_3,0,CRF,0,0,V5555555_30,1699540,PLANT03,PORT09,252,295.7740894364022,PLANT03,1013,10
1447332135.7,2011-05-19,PORT04,V44_3,0,CRF,0,0,V5555555_30,1699540,PLANT03,PORT09,439,513.97,PLANT03,1013,18
1447366886.7,2011-05-20,PORT04,V44_3,0,CRF,0,0,V5555555_30,1699540,PLANT03,PORT09,382,493.69032623628834,PLANT03,1013,17
1447234949.7,2011-05-21,PORT04,V44_3,0,CRF,0,0,V5555555_30,1699540,PLANT03,PORT09,207,225.64,PLANT03,1013,8
1447213260.7,2011-05-21,PORT04,V44_3,0,CRF,0,0,V5555555_30,1699368,PLANT03,PORT09,480,695.2292183774429,PLANT03,1013,24
1447201701.7,2011-05-22,PORT04,V44_3,0,CRF,0,0,V5555555_30,1699697,PLANT03,PORT09,359,389.93141688069255,PLANT03,1013,13
1447201699.7,2011-05-23,PORT04,V44_3,0,CRF,0,0,V5555555_30,1699697,PLANT03,PORT09,476,516.2065450111752,PLANT03,1013,18
1447182393.7,2011-05-24,PORT04,V44_3,0,CRF,0,0,V5555555_30,1698924,PLANT03,PORT09,221,230.80162998015464,PLANT03,1013,8
1447178242.7,2011-05-25,PORT04,V44_3,0,CRF,0,0,V5555555_30,1698924,PLANT03,PORT09,211,232.7682072918111,PLANT03,1013,8
1447182392.7,2011-05-26,PORT04,V44_3,0,CRF,0,0,V5555555_30,1698997,PLANT03,PORT09,417,560.9473217692228,PLANT03,1013,19
1447362578.7,2011-05-26,PORT04,V44_3,0,CRF,0,0,V5555555_30,1698997,PLANT03,PORT09,448,555.78,PLANT03,1013,19
1447410883.7,2011-05-27,PORT04,V44_3,2,CRF,3,0,V55555_2,1650905,PLANT03,PORT09,549,592.0903739055951,PLANT03,1013,20
1447373505.7,2011-05-27,PORT04,V44_3,2,CRF,3,0,V55555_2,1620510,PLANT03,PORT09,536,610.2,PLANT03,1013,21
1447393108.7,2011-05-28,PORT04,V44_3,2,CRF,3,0,V55555_2,1620510,PLANT03,PORT09,554,605.1123223617165,PLANT03,1013,21
1447205897.7,2011-05-29,PORT04,V44_3,2,CRF,3,0,V55555_2,1658532,PLANT03,PORT09,255,316.78,PLANT03,1013,11
1447261156.7,2011-05-30,PORT04,V44_3,2,CRF,3,0,V55555_2,1658532,PLANT03,PORT09,277,341.06,PLANT03,1013,12
1447283771.7,2011-05-31,PORT04,V44_3,2,CRF,3,0,V55555_2,1658532,PLANT03,PORT09,386,434.72,PLANT03,1013,15
1447216709.7,2011-05-31,PORT04,V44_3,2,CRF,3,0,V55555_2,1658532,PLANT03,PORT09,310,440.89,PLANT03,1013,15
1447302785.7,2011-06-01,PORT04,V44_3,2,CRF,3,0,V55555_2,1658532,PLANT03,PORT09,692,992.0563834518543,PLANT03,1013,34
1447283726.7,2011-06-01,PORT04,V44_3,2,CRF,3,0,V55555_2,1658532,PLANT03,PORT09,570,639.1040935358978,PLANT03,1013,22
1447373432.7,2011-06-02,PORT04,V44_3,2,CRF,3,0,V55555_2,1658532,PLANT03,PORT09,227,229.27808094777197,PLANT03,1013,8
1447389130.7,2011-06-03,PORT04,V44_3,2,CRF,3,0,V55555_2,1658532,PLANT03,PORT09,285,331.66837268535284,PLANT03,1013,12
1447208345.7,2011-06-04,PORT04,V44_3,2,CRF,3,0,V55555_2,1658532,PLANT03,PORT09,212,274.92,PLANT03,1013,10
1447266882.7,2011-06-05,PORT04,V44_3,2,CRF,3,0,V55555_2,1658532,PLANT03,PORT09,432,539.6635149686763,PLANT03,1013,18
1447373502.7,2011-06-06,PORT04,V44_3,2,CRF,3,0,V55555_2,1658528,PLANT03,PORT09,669,865.3,PLANT03,1013,29
1447401849.7,2011-06-07,PORT04,V44_3,2,CRF,3,0,V55555_2,1658528,PLANT03,PORT09,435,462.7487158580351,PLANT03,1013,16
1447373490.7,2011-06-08,PORT04,V44_3,2,CRF,3,0,V55555_2,1658528,PLANT03,PORT09,379,501.4,PLANT03,1013,17
1447373509.7,2011-06-08,PORT04,V44_3,2,CRF,3,0,V55555_2,1649008,PLANT03,PORT09,639,798.1901394627364,PLANT03,1013,27
1447305017.7,2011-06-09,PORT04,V44_3,2,CRF,3,0,V55555_2,1696757,PLANT03,PORT09,488,489.8383846047142,PLANT03,1013,17
1447373480.7,2011-06-10,PORT04,V44_3,2,CRF,3,0,V55555_2,1696757,PLANT03,PORT09,311,335.9859535418609,PLANT03,1013,12
1447305016.7,2011-06-10,PORT04,V44_3,2,CRF,3,0,V55555_2,1696757,PLANT03,PORT09,517,725.3160732225856,PLANT03,1013,25
1447373452.7,2011-06-11,PORT04,V44_3,2,CRF,3,0,V55555_2,1696757,PLANT03,PORT09,446,457.5147115660164,PLANT03,1013,16
1447186294.7,2011-06-12,PORT04,V44_3,2,CRF,3,0,V55555_2,1696758,PLANT03,PORT09,235,352.18,PLANT03,1013,12
1447201981.7,2011-06-13,PORT04,V44_3,2,CRF,3,0,V55555_2,1696758,PLANT03,PORT09,419,611.1943809414189,PLANT03,1013,21
1447219346.7,2011-06-13,PORT04,V44_3,2,CRF,3,0,V55555_2,1696758,PLANT03,PORT09,317,357.8775980866229,PLANT03,1013,12
1447186298.7,2011-06-14,PORT04,V44_3,2,CRF,3,0,V55555_2,1696758,PLANT03,PORT09,261,382.28,PLANT03,1013,13
1447186295.7,2011-06-15,PORT04,V44_3,2,CRF,3,0,V55555_2,1696758,PLANT03,PORT09,225,256.5,PLANT03,1013,9
1447201982.7,2011-06-15,PORT04,V44_3,2,CRF,3,0,V55555_2,1696758,PLANT03,PORT09,525,779.1,PLANT03,1013,26
1447201984.7,2011-06-16,PORT04,V44_3,2,CRF,3,0,V55555_2,1696758,PLANT03,PORT09,424,580.08,PLANT03,1013,20
1447219347.7,2011-06-16,PORT04,V44_3,2,CRF,3,0,V55555_2,1696758,PLANT03,PORT09,200,261.06200424416323,PLANT03,1013,9
1447302856.7,2011-06-17,PORT04,V44_3,2,CRF,3,0,V55555_2,1696746,PLANT03,PORT09,581,625.8423687871558,PLANT03,1013,21
1447373487.7,2011-06-18,PORT04,V44_3,2,CRF,3,0,V55555_2,1696746,PLANT03,PORT09,458,469.8675899323358,PLANT03,1013,16
1447399141.7,2011-06-19,PORT04,V44_3,2,CRF,3,0,V55555_2,1696746,PLANT03,PORT09,460,474.58,PLANT03,1013,16
1447373486.7,2011-06-19,PORT04,V44_3,2,CRF,3,0,V55555_2,1696746,PLANT03,PORT09,212,284.5645840752623,PLANT03,1013,10
1447399140.7,2011-06-20,PORT04,V44_3,2,CRF,3,0,V55555_2,1696746,PLANT03,PORT09,300,300.40663491214946,PLANT03,1013,11
1447373485.7,2011-06-21,PORT04,V44_3,2,CRF,3,0,V55555_2,1696746,PLANT03,PORT09,607,790.95,PLANT03,1013,27
1447373463.7,2011-06-22,PORT04,V44_3,2,CRF,3,0,V55555_2,1696746,PLANT03,PORT09,504,718.38,PLANT03,1013,24
1447219343.7,2011-06-23,PORT04,V44_3,2,CRF,3,0,V55555_2,1696748,PLANT03,PORT09,533,781.63,PLANT03,1013,27
1447373479.7,2011-06-23,PORT04,V44_3,2,CRF,3,0,V55555_2,1696748,PLANT03,PORT09,617,672.9104009121062,PLANT03,1013,23
1447373478.7,2011-06-24,PORT04,V44_3,2,CRF,3,0,V55555_2,1696748,PLANT03,PORT09,519,668.08,PLANT03,1013,23
1447305010.7,2011-06-24,PORT04,V44_3,2,CRF,3,0,V55555_2,1696748,PLANT03,PORT09,527,745.16,PLANT03,1013,25
1447402614.7,2011-06-25,PORT04,V44_3,2,CRF,3,0,V55555_2,1700382,PLANT03,PORT09,485,685.0946740980033,PLANT03,1013,23
1447402564.7,2011-06-25,PORT04,V44_3,2,CRF,3,0,V55555_2,1700382,PLANT03,PORT09,538,716.94,PLANT03,1013,24
1447402565.7,2011-06-26,PORT04,V44_3,2,CRF,3,0,V55555_2,1700382,PLANT03,PORT09,288,414.3168778770876,PLANT03,1013,14
1447312217.7,2011-06-26,PORT04,V44_3,2,CRF,3,0,V55555_2,1676566,PLANT03,PORT09,495,606.86,PLANT03,1013,21
1447309076.7,2011-06-27,PORT04,V44_3,2,CRF,3,0,V55555_2,1675654,PLANT03,PORT09,378,495.96,PLANT03,1013,17
1447403221.7,2011-06-27,PORT04,V44_3,2,CRF,3,0,V55555_2,1696074,PLANT03,PORT09,262,327.8563711021148,PLANT03,1013,11
1447403220.7,2011-06-28,PORT04,V44_3,2,CRF,3,0,V55555_2,1696074,PLANT03,PORT09,694,827.21,PLANT03,1013,28
1447373475.7,2011-06-29,PORT04,V44_3,2,CRF,3,0,V55555_2,1696073,PLANT03,PORT09,303,397.5720563809698,PLANT03,1013,14
1447179685.7,2011-06-29,PORT04,V44_3,2,CRF,3,0,V55555_2,1676853,PLANT03,PORT09,333,388.41,PLANT03,1013,13
1447373460.7,2011-06-30,PORT04,V44_3,2,CRF,3,0,V55555_2,1685214,PLANT03,PORT09,647,700.94,PLANT03,1013,24
1447373420.7,2011-06-30,PORT04,V44_3,2,CRF,3,0,V55555_2,1668612,PLANT03,PORT09,488,618.16,PLANT03,1013,21
1447306773.7,2011-07-01,PORT04,V44_3,2,CRF,3,0,V55555_2,1668612,PLANT03,PORT09,356,382.99812859242974,PLANT03,1013,13
1447309550.7,2011-07-01,PORT04,V44_3,2,CRF,3,0,V55555_2,1668612,PLANT03,PORT09,684,950.271603155357,PLANT03,1013,32
1447390884.7,2011-07-02,PORT04,V44_3,2,CRF,3,0,V55555_2,1668612,PLANT03,PORT09,285,386.754131716865,PLANT03,1013,13
1447375214.7,2011-07-02,PORT04,V44_3,2,CRF,3,0,V55555_2,1668612,PLANT03,PORT09,529,619.48,PLANT03,1013,21
1447301466.7,2011-07-03,PORT04,V44_3,2,CRF,3,0,V55555_2,1668612,PLANT03,PORT09,502,714.459525225364,PLANT03,1013,24
1447229097.7,2011-07-04,PORT04,V44_3,2,CRF,3,0,V55555_2,1668607,PLANT03,PORT09,214,299.3106041384122,PLANT03,1013,10
1447392970.7,2011-07-04,PORT04,V44_3,2,CRF,3,0,V55555_2,1700094,PLANT03,PORT09,246,296.3,PLANT03,1013,10
1447373491.7,2011-07-05,PORT04,V44_3,2,CRF,3,0,V55555_2,1700094,PLANT03,PORT09,294,381.97,PLANT03,1013,13
1447390898.7,2011-07-06,PORT04,V44_3,2,CRF,3,0,V55555_2,1700094,PLANT03,PORT09,498,647.16,PLANT03,1013,22
1447390907.7,2011-07-06,PORT04,V44_3,2,CRF,3,0,V55555_2,1700097,PLANT03,PORT09,453,658.76,PLANT03,1013,22
1447367646.7,2011-07-07,PORT04,V44_3,2,CRF,3,0,V55555_2,1689298,PLANT03,PORT09,222,273.28,PLANT03,1013,10
1447375239.7,2011-07-07,PORT04,V44_3,2,CRF,3,0,V55555_2,1651302,PLANT03,PORT09,595,866.2760916307819,PLANT03,1013,29
1447312216.7,2011-07-08,PORT04,V44_3,2,CRF,3,0,V55555_2,1651302,PLANT03,PORT09,672,758.02,PLANT03,1013,26
1447312215.7,2011-07-08,PORT04,V44_3,2,CRF,3,0,V55555_2,1651302,PLANT03,PORT09,370,542.44,PLANT03,1013,19
1447188611.7,2011-07-09,PORT04,V44_3,2,CRF,3,0,V55555_2,1651302,PLANT03,PORT09,332,485.13,PLANT03,1013,17
1447401850.7,2011-07-09,PORT04,V44_3,2,CRF,3,0,V55555_2,1651302,PLANT03,PORT09,305,422.61511694926,PLANT03,1013,15
1447309075.7,2011-07-10,PORT04,V44_3,2,CRF,3,0,V55555_2,1651302,PLANT03,PORT09,250,342.06,PLANT03,1013,12
1447373504.7,2011-07-11,PORT04,V44_3,2,CRF,3,0,V55555_2,1651302,PLANT03,PORT09,466,571.0455735371628,PLANT03,1013,20
1447390889.7,2011-07-11,PORT04,V44_3,2,CRF,3,0,V55555_2,1651299,PLANT03,PORT09,604,653.9871941309215,PLANT03,1013,22
1447390888.7,2011-07-12,PORT04,V44_3,2,CRF,3,0,V55555_2,1651299,PLANT03,PORT09,512,597.0294816396644,PLANT03,1013,20
1447309593.7,2011-07-13,PORT04,V44_3,2,CRF,3,0,V55555_2,1651299,PLANT03,PORT09,623,812.3591036669116,PLANT03,1013,28
1447410882.7,2011-07-14,PORT04,V44_3,2,CRF,3,0,V55555_2,1651299,PLANT03,PORT09,336,370.54,PLANT03,1013,13
1447390890.7,2011-07-15,PORT04,V44_3,2,CRF,3,0,V55555_2,1651299,PLANT03,PORT09,624,659.6513976173745,PLANT03,1013,22
1447410884.7,2011-07-15,PORT04,V44_3,2,CRF,3,0,V55555_2,1651299,PLANT03,PORT09,289,421.9191365716439,PLANT03,1013,15
1447241520.7,2011-07-16,PORT04,V44_3,2,CRF,3,0,V55555_2,1684170,PLANT03,PORT09,674,922.5379206129852,PLANT03,1013,31
1447241522.7,2011-07-16,PORT04,V44_3,2,CRF,3,0,V55555_2,1684170,PLANT03,PORT09,626,636.28,PLANT03,1013,22
1447241521.7,2011-07-17,PORT04,V44_3,2,CRF,3,0,V55555_2,1684170,PLANT03,PORT09,351,452.37440794306656,PLANT03,1013,16
1447194397.7,2011-07-17,PORT04,V44_3,2,CRF,3,0,V55555_2,1684170,PLANT03,PORT09,700,1020.1960653738348,PLANT03,1013,35
1447312471.7,2011-07-18,PORT04,V44_3,2,CRF,3,0,V55555_2,1684170,PLANT03,PORT09,690,908.131179332238,PLANT03,1013,31
1447312470.7,2011-07-19,PORT04,V44_3,2,CRF,3,0,V55555_2,1684170,PLANT03,PORT09,248,270.08,PLANT03,1013,10
1447312469.7,2011-07-20,PORT04,V44_3,2,CRF,3,0,V55555_2,1684170,PLANT03,PORT09,347,418.93728546663857,PLANT03,1013,14
1447373501.7,2011-07-21,PORT04,V44_3,2,CRF,3,0,V55555_2,1688600,PLANT03,PORT09,559,699.36,PLANT03,1013,24
1447305238.7,2011-07-22,PORT04,V44_3,2,CRF,3,0,V55555_2,1688600,PLANT03,PORT09,677,930.8616192301216,PLANT03,1013,32
1447194398.7,2011-07-23,PORT04,V44_3,2,CRF,3,0,V55555_2,1689541,PLANT03,PORT09,517,570.0285970645988,PLANT03,1013,20
1447261163.7,2011-07-24,PORT04,V44_3,2,CRF,3,0,V55555_2,1689541,PLANT03,PORT09,676,835.56,PLANT03,1013,28
1447219337.7,2011-07-25,PORT04,V44_3,2,CRF,3,0,V55555_2,1688629,PLANT03,PORT09,456,632.8202966064624,PLANT03,1013,22
1447373477.7,2011-07-25,PORT04,V44_3,2,CRF,3,0,V55555_2,1689785,PLANT03,PORT09,393,498.020582632049,PLANT03,1013,17
1447373500.7,2011-07-26,PORT04,V44_3,2,CRF,3,0,V55555_2,1689785,PLANT03,PORT09,365,504.6775212945889,PLANT03,1013,17
1447309594.7,2011-07-26,PORT04,V44_3,2,CRF,3,0,V55555_2,1689546,PLANT03,PORT09,463,662.5,PLANT03,1013,23
1447211155.7,2011-07-27,PORT04,V44_3,2,CRF,3,0,V55555_2,1689551,PLANT03,PORT09,465,527.95,PLANT03,1013,18
1447394301.7,2011-07-27,PORT04,V44_3,2,CRF,3,0,V55555_2,1672706,PLANT03,PORT09,579,810.82,PLANT03,1013,28
1447403134.7,2011-07-28,PORT04,V44_3,2,CRF,3,0,V55555_2,1672706,PLANT03,PORT09,377,540.4283237621721,PLANT03,1013,19
1447403222.7,2011-07-28,PORT04,V44_3,2,CRF,3,0,V55555_2,1672706,PLANT03,PORT09,512,568.824873454835,PLANT03,1013,19
1447373498.7,2011-07-29,PORT04,V44_3,2,CRF,3,0,V55555_2,1672706,PLANT03,PORT09,454,458.4742920702407,PLANT03,1013,16
1447266969.7,2011-07-30,PORT04,V44_3,2,CRF,3,0,V55555_2,1674853,PLANT03,PORT09,428,466.21,PLANT03,1013,16
1447373520.7,2011-07-31,PORT04,V44_3,2,CRF,3,0,V55555_2,1674853,PLANT03,PORT09,463,486.0206824237884,PLANT03,1013,17
1447304794.7,2011-08-01,PORT04,V44_3,2,CRF,3,0,V55555_2,1674853,PLANT03,PORT09,487,695.36,PLANT03,1013,24
1447304800.7,2011-08-01,PORT04,V44_3,2,CRF,3,0,V55555_2,1674853,PLANT03,PORT09,651,958.4053656754024,PLANT03,1013,32
1447312468.7,2011-08-02,PORT04,V44_3,2,CRF,3,0,V55555_2,1674853,PLANT03,PORT09,422,490.3619028935348,PLANT03,1013,17
1447373518.7,2011-08-02,PORT04,V44_3,2,CRF,3,0,V55555_2,1674853,PLANT03,PORT09,529,551.6170064110067,PLANT03,1013,19
1447228999.7,2011-08-03,PORT04,V44_3,2,CRF,3,0,V55555_2,1674853,PLANT03,PORT09,311,339.21,PLANT03,1013,12
1447229003.7,2011-08-04,PORT04,V44_3,2,CRF,3,0,V55555_2,1674853,PLANT03,PORT09,281,406.42,PLANT03,1013,14
1447304799.7,2011-08-04,PORT04,V44_3,2,CRF,3,0,V55555_2,1674853,PLANT03,PORT09,603,704.26,PLANT03,1013,24
1447373519.7,2011-08-05,PORT04,V44_3,2,CRF,3,0,V55555_2,1674853,PLANT03,PORT09,670,681.47,PLANT03,1013,23
1447261171.7,2011-08-06,PORT04,V44_3,2,CRF,3,0,V55555_2,1674853,PLANT03,PORT09,621,861.2756194540162,PLANT03,1013,29
1447229002.7,2011-08-07,PORT04,V44_3,2,CRF,3,0,V55555_2,1674853,PLANT03,PORT09,627,695.82,PLANT03,1013,24
1447304793.7,2011-08-08,PORT04,V44_3,2,CRF,3,0,V55555_2,1674853,PLANT03,PORT09,479,506.36,PLANT03,1013,17
1447373516.7,2011-08-08,PORT04,V44_3,2,CRF,3,0,V55555_2,1674853,PLANT03,PORT09,258,373.4,PLANT03,1013,13
1447373517.7,2011-08-09,PORT04,V44_3,2,CRF,3,0,V55555_2,1674853,PLANT03,PORT09,569,575.3925182170734,PLANT03,1013,20
1447304796.7,2011-08-10,PORT04,V44_3,2,CRF,3,0,V55555_2,1674853,PLANT03,PORT09,649,854.5636823335848,PLANT03,1013,29
1447229001.7,2011-08-10,PORT04,V44_3,2,CRF,3,0,V55555_2,1674853,PLANT03,PORT09,445,588.5245523286758,PLANT03,1013,20
1447373515.7,2011-08-11,PORT04,V44_3,2,CRF,3,0,V55555_2,1674853,PLANT03,PORT09,641,929.63,PLANT03,1013,31
1447229004.7,2011-08-11,PORT04,V44_3,2,CRF,3,0,V55555_2,1674853,PLANT03,PORT09,492,496.52,PLANT03,1013,17
1447304795.7,2011-08-12,PORT04,V44_3,2,CRF,3,0,V55555_2,1674853,PLANT03,PORT09,241,310.4702352994676,PLANT03,1013,11
1447194396.7,2011-08-13,PORT04,V44_3,2,CRF,3,0,V55555_2,1674853,PLANT03,PORT09,364,482.56,PLANT03,1013,17
1447229000.7,2011-08-14,PORT04,V44_3,2,CRF,3,0,V55555_2,1674853,PLANT03,PORT09,316,317.7373409280399,PLANT03,1013,11
1447373461.7,2011-08-15,PORT04,V44_3,2,CRF,3,0,V55555_2,1672713,PLANT03,PORT09,486,698.36,PLANT03,1013,24
1447194393.7,2011-08-16,PORT04,V44_3,2,CRF,3,0,V55555_2,1672713,PLANT03,PORT09,436,580.9779950510837,PLANT03,1013,20
1447194395.7,2011-08-16,PORT04,V44_3,2,CRF,3,0,V55555_2,1672713,PLANT03,PORT09,372,527.8878951511631,PLANT03,1013,18
1447194394.7,2011-08-17,PORT04,V44_3,2,CRF,3,0,V55555_2,1672713,PLANT03,PORT09,321,388.7367875578853,PLANT03,1013,13
1447304797.7,2011-08-17,PORT04,V44_3,2,CRF,3,0,V55555_2,1674853,PLANT03,PORT09,509,696.8295553805114,PLANT03,1013,24
1447304798.7,2011-08-18,PORT04,V44_3,2,CRF,3,0,V55555_2,1674853,PLANT03,PORT09,570,639.9244962591765,PLANT03,1013,22
1447373476.7,2011-08-18,PORT04,V44_3,2,CRF,3,0,V55555_2,1672722,PLANT03,PORT09,495,603.21,PLANT03,1013,21
1447305015.7,2011-08-19,PORT04,V44_3,2,CRF,3,0,V55555_2,1672722,PLANT03,PORT09,494,644.77,PLANT03,1013,22
1447373462.7,2011-08-20,PORT04,V44_3,2,CRF,3,0,V55555_2,1682739,PLANT03,PORT09,310,457.8834751636432,PLANT03,1013,16
1447390897.7,2011-08-21,PORT04,V44_3,2,CRF,3,0,V55555_2,1682832,PLANT03,PORT09,488,553.86,PLANT03,1013,19
1447373499.7,2011-08-21,PORT04,V44_3,2,CRF,3,0,V55555_2,1682805,PLANT03,PORT09,666,864.1609509231849,PLANT03,1013,29
1447389208.7,2011-08-22,PORT04,V44_3,2,CRF,3,0,V55555_2,1682805,PLANT03,PORT09,564,607.62,PLANT03,1013,21
1447219335.7,2011-08-22,PORT04,V44_3,2,CRF,3,0,V55555_2,1682757,PLANT03,PORT09,649,683.5911331419089,PLANT03,1013,23
1447261162.7,2011-08-23,PORT04,V44_3,2,CRF,3,0,V55555_2,1682757,PLANT03,PORT09,328,409.26,PLANT03,1013,14
1447219334.7,2011-08-24,PORT04,V44_3,2,CRF,3,0,V55555_2,1682757,PLANT03,PORT09,224,251.6,PLANT03,1013,9
1447241516.7,2011-08-24,PORT04,V44_3,2,CRF,3,0,V55555_2,1682763,PLANT03,PORT09,428,428.5,PLANT03,1013,15
1447241517.7,2011-08-25,PORT04,V44_3,2,CRF,3,0,V55555_2,1682763,PLANT03,PORT09,553,581.5054207728004,PLANT03,1013,20
1447398964.7,2011-08-25,PORT04,V44_3,2,CRF,3,0,V55555_2,1682835,PLANT03,PORT09,642,936.45765772338,PLANT03,1013,32
1447373492.7,2011-08-26,PORT04,V44_3,2,CRF,3,0,V55555_2,1689145,PLANT03,PORT09,256,313.08873893861835,PLANT03,1013,11
1447373511.7,2011-08-26,PORT04,V44_3,2,CRF,3,0,V55555_2,1660579,PLANT03,PORT09,517,764.69,PLANT03,1013,26
1447281462.7,2011-08-27,PORT04,V44_3,2,CRF,3,0,V55555_2,1660579,PLANT03,PORT09,348,480.07,PLANT03,1013,17
1447187563.7,2011-08-28,PORT04,V44_3,2,CRF,3,0,V55555_2,1669702,PLANT03,PORT09,397,591.64,PLANT03,1013,20
1447261158.7,2011-08-28,PORT04,V44_3,2,CRF,3,0,V55555_2,1669702,PLANT03,PORT09,467,518.65,PLANT03,1013,18
1447227121.7,2011-08-29,PORT04,V44_3,2,CRF,3,0,V55555_2,1687661,PLANT03,PORT09,225,229.44,PLANT03,1013,8
1447212628.7,2011-08-30,PORT04,V44_3,2,CRF,3,0,V55555_2,1687346,PLANT03,PORT09,600,654.17,PLANT03,1013,22
1447227123.7,2011-08-31,PORT04,V44_3,2,CRF,3,0,V55555_2,1687346,PLANT03,PORT09,590,600.01,PLANT03,1013,21
1447390891.7,2011-08-31,PORT04,V44_3,2,CRF,3,0,V55555_2,1687346,PLANT03,PORT09,336,368.35663666798587,PLANT03,1013,13
1447393109.7,2011-09-01,PORT04,V44_3,2,CRF,3,0,V55555_2,1669409,PLANT03,PORT09,414,578.64,PLANT03,1013,20
1447323824.7,2011-09-02,PORT04,V44_3,2,CRF,3,0,V55555_2,1669409,PLANT03,PORT09,622,763.55,PLANT03,1013,26
1447373482.7,2011-09-02,PORT04,V44_3,2,CRF,3,0,V55555_2,1651126,PLANT03,PORT09,302,307.59,PLANT03,1013,11
1447373508.7,2011-09-03,PORT04,V44_3,2,CRF,3,0,V55555_2,1657064,PLANT03,PORT09,307,325.5070169668123,PLANT03,1013,11
1447373468.7,2011-09-04,PORT04,V44_3,2,CRF,3,0,V55555_2,1668545,PLANT03,PORT09,370,432.88,PLANT03,1013,15
1447227122.7,2011-09-05,PORT04,V44_3,2,CRF,3,0,V55555_2,1668545,PLANT03,PORT09,238,275.52,PLANT03,1013,10
1447261157.7,2011-09-05,PORT04,V44_3,2,CRF,3,0,V55555_2,1668545,PLANT03,PORT09,548,729.29,PLANT03,1013,25
1447227124.7,2011-09-06,PORT04,V44_3,2,CRF,3,0,V55555_2,1668547,PLANT03,PORT09,215,260.88,PLANT03,1013,9
1447179660.7,2011-09-07,PORT04,V44_3,2,CRF,3,0,V55555_2,1696488,PLANT03,PORT09,510,627.8,PLANT03,1013,21
1447313160.7,2011-09-07,PORT04,V44_3,2,CRF,3,0,V55555_2,1662317,PLANT03,PORT09,450,646.81,PLANT03,1013,22
1447373424.7,2011-09-08,PORT04,V44_3,2,CRF,3,0,V55555_2,1663337,PLANT03,PORT09,295,412.82,PLANT03,1013,14
1447373448.7,2011-09-08,PORT04,V44_3,2,CRF,3,0,V55555_2,1663347,PLANT03,PORT09,699,717.4130006740414,PLANT03,1013,24
1447373458.7,2011-09-09,PORT04,V44_3,2,CRF,3,0,V55555_2,1672085,PLANT03,PORT09,444,550.51,PLANT03,1013,19
1447373456.7,2011-09-09,PORT04,V44_3,2,CRF,3,0,V55555_2,1672085,PLANT03,PORT09,435,649.04,PLANT03,1013,22
1447240821.7,2011-09-10,PORT04,V44_3,2,CRF,3,0,V55555_2,1672085,PLANT03,PORT09,558,703.78,PLANT03,1013,24
1447373457.7,2011-09-11,PORT04,V44_3,2,CRF,3,0,V55555_2,1672085,PLANT03,PORT09,202,249.19838742030288,PLANT03,1013,9
1447373459.7,2011-09-12,PORT04,V44_3,2,CRF,3,0,V55555_2,1672085,PLANT03,PORT09,523,710.12,PLANT03,1013,24
1447305225.7,2011-09-12,PORT04,V44_3,2,CRF,3,0,V55555_2,1672085,PLANT03,PORT09,631,636.64,PLANT03,1013,22
1447373521.7,2011-09-13,PORT04,V44_3,2,CRF,3,0,V55555_2,1672091,PLANT03,PORT09,598,712.91,PLANT03,1013,24
1447373522.7,2011-09-14,PORT04,V44_3,2,CRF,3,0,V55555_2,1672091,PLANT03,PORT09,386,569.34,PLANT03,1013,19
1447308929.7,2011-09-14,PORT04,V44_3,2,CRF,3,0,V55555_2,1672091,PLANT03,PORT09,626,810.22,PLANT03,1013,28
1447261159.7,2011-09-15,PORT04,V44_3,2,CRF,3,0,V55555_2,1672034,PLANT03,PORT09,501,651.5,PLANT03,1013,22
1447241508.7,2011-09-16,PORT04,V44_3,2,CRF,3,0,V55555_2,1672034,PLANT03,PORT09,352,482.83009682927786,PLANT03,1013,17
1447241510.7,2011-09-16,PORT04,V44_3,2,CRF,3,0,V55555_2,1672034,PLANT03,PORT09,271,398.74,PLANT03,1013,14
1447373513.7,2011-09-17,PORT04,V44_3,2,CRF,3,0,V55555_2,1672034,PLANT03,PORT09,442,555.3041609346484,PLANT03,1013,19
1447261160.7,2011-09-18,PORT04,V44_3,2,CRF,3,0,V55555_2,1672034,PLANT03,PORT09,512,568.444469521965,PLANT03,1013,19
1447241506.7,2011-09-18,PORT04,V44_3,2,CRF,3,0,V55555_2,1672034,PLANT03,PORT09,458,647.2,PLANT03,1013,22
1447241512.7,2011-09-19,PORT04,V44_3,2,CRF,3,0,V55555_2,1672034,PLANT03,PORT09,246,272.61,PLANT03,1013,10
1447261161.7,2011-09-19,PORT04,V44_3,2,CRF,3,0,V55555_2,1672034,PLANT03,PORT09,219,327.9424065797847,PLANT03,1013,11
1447214658.7,2011-09-20,PORT04,V44_3,2,CRF,3,0,V55555_2,1696654,PLANT03,PORT09,618,852.3,PLANT03,1013,29
1447219886.7,2011-09-20,PORT04,V44_3,2,CRF,3,0,V55555_2,1697072,PLANT03,PORT09,415,601.2180007195873,PLANT03,1013,21
1447187236.7,2011-09-21,PORT04,V44_3,2,CRF,3,0,V55555_2,1697086,PLANT03,PORT09,319,438.2855208527105,PLANT03,1013,15
1447281390.7,2011-09-22,PORT04,V44_3,2,CRF,3,0,V55555_2,1677884,PLANT03,PORT09,597,853.7478547007502,PLANT03,1013,29
1447281389.7,2011-09-22,PORT04,V44_3,2,CRF,3,0,V55555_2,1677884,PLANT03,PORT09,639,723.8592136070915,PLANT03,1013,25
1447373493.7,2011-09-23,PORT04,V44_3,2,CRF,3,0,V55555_2,1677889,PLANT03,PORT09,394,582.26,PLANT03,1013,20
1447373465.7,2011-09-24,PORT04,V44_3,2,CRF,3,0,V55555_2,1677889,PLANT03,PORT09,662,878.89,PLANT03,1013,30
1447191648.7,2011-09-25,PORT04,V44_3,2,CRF,3,0,V55555_2,1677889,PLANT03,PORT09,425,511.79630777752345,PLANT03,1013,18
1447390896.7,2011-09-26,PORT04,V44_3,2,CRF,3,0,V55555_2,1677878,PLANT03,PORT09,450,612.7695255799316,PLANT03,1013,21
1447373503.7,2011-09-26,PORT04,V44_3,2,CRF,3,0,V55555_2,1677878,PLANT03,PORT09,653,967.1328240513044,PLANT03,1013,33
1447410716.7,2011-09-27,PORT04,V44_3,2,CRF,3,0,V55555_2,1666954,PLANT03,PORT09,652,975.2209592572856,PLANT03,1013,33
1447229202.7,2011-09-27,PORT04,V44_3,2,CRF,3,0,V55555_2,1666954,PLANT03,PORT09,500,620.15,PLANT03,1013,21
1447207593.7,2011-09-28,PORT04,V44_3,2,CRF,3,0,V55555_2,1666954,PLANT03,PORT09,522,612.78,PLANT03,1013,21
1447373494.7,2011-09-28,PORT04,V44_3,2,CRF,3,0,V55555_2,1666954,PLANT03,PORT09,546,782.01,PLANT03,1013,27
1447391441.7,2011-09-29,PORT04,V44_3,2,CRF,3,0,V55555_2,1660551,PLANT03,PORT09,346,496.1918191009176,PLANT03,1013,17
1447373488.7,2011-09-29,PORT04,V44_3,2,CRF,3,0,V55555_2,1660551,PLANT03,PORT09,258,369.88,PLANT03,1013,13
1447373510.7,2011-09-30,PORT04,V44_3,2,CRF,3,0,V55555_2,1660551,PLANT03,PORT09,244,329.09,PLANT03,1013,11
1447373489.7,2011-10-01,PORT04,V44_3,2,CRF,3,0,V55555_2,1660551,PLANT03,PORT09,354,487.2308452017024,PLANT03,1013,17
1447373512.7,2011-10-02,PORT04,V44_3,2,CRF,3,0,V55555_2,1682982,PLANT03,PORT09,244,350.3649103849183,PLANT03,1013,12
1447211433.7,2011-10-03,PORT04,V44_3,2,CRF,3,0,V55555_2,1682983,PLANT03,PORT09,625,665.2718335854515,PLANT03,1013,23
1447362502.7,2011-10-04,PORT04,V44_3,4,CRF,0,0,V555555555555_31,1684560,PLANT03,PORT09,238,257.13,PLANT03,1013,9
1447273022.7,2011-10-04,PORT04,V44_3,4,CRF,0,0,V555555555555_31,1684560,PLANT03,PORT09,405,558.2187502664493,PLANT03,1013,19
1447327827.7,2011-10-05,PORT04,V44_3,4,CRF,0,0,V555555555555_31,1684560,PLANT03,PORT09,423,440.7867744749788,PLANT03,1013,15
1447350149.7,2011-10-05,PORT04,V44_3,4,CRF,0,0,V555555555555_31,1684560,PLANT03,PORT09,432,568.4717218356003,PLANT03,1013,19
1447209353.7,2011-10-06,PORT04,V44_3,4,CRF,0,0,V555555555555_31,1684560,PLANT03,PORT09,647,821.69,PLANT03,1013,28
1447273037.7,2011-10-06,PORT04,V44_3,4,CRF,0,0,V555555555555_31,1684560,PLANT03,PORT09,525,599.3775239197153,PLANT03,1013,20
1447156285.7,2011-10-07,PORT04,V44_3,4,CRF,0,0,V555555555555_31,1684560,PLANT03,PORT09,423,600.6856978297677,PLANT03,1013,21
1447207800.7,2011-10-08,PORT04,V44_3,4,CRF,0,0,V555555555555_31,1684560,PLANT03,PORT09,421,579.65,PLANT03,1013,20
1447353639.7,2011-10-09,PORT04,V44_3,4,CRF,0,0,V555555555555_31,1684560,PLANT03,PORT09,551,763.37,PLANT03,1013,26
1447172089.7,2011-10-09,PORT04,V44_3,4,CRF,0,0,V555555555555_31,1684560,PLANT03,PORT09,391,529.4476433301526,PLANT03,1013,18
1447203521.7,2011-10-10,PORT04,V44_3,4,CRF,0,0,V555555555555_31,1684560,PLANT03,PORT09,573,672.1,PLANT03,1013,23
1447353623.7,2011-10-10,PORT04,V44_3,4,CRF,0,0,V555555555555_31,1684560,PLANT03,PORT09,409,587.23,PLANT03,1013,20
1447384076.7,2011-10-11,PORT04,V44_3,4,CRF,0,0,V555555555555_31,1684560,PLANT03,PORT09,403,554.0548440961993,PLANT03,1013,19
1447331097.7,2011-10-12,PORT04,V44_3,4,CRF,0,0,V555555555555_31,1684560,PLANT03,PORT09,659,667.1013889731751,PLANT03,1013,23
1447172060.7,2011-10-13,PORT04,V44_3,4,CRF,0,0,V555555555555_31,1684560,PLANT03,PORT09,566,704.29,PLANT03,1013,24
1447289952.7,2011-10-13,PORT04,V44_3,4,CRF,0,0,V555555555555_31,1684560,PLANT03,PORT09,257,257.1322881601639,PLANT03,1013,9
1447310382.7,2011-10-14,PORT04,V44_3,4,CRF,0,0,V555555555555_31,1684560,PLANT03,PORT09,484,712.5214796597949,PLANT03,1013,24
1447152286.7,2011-10-14,PORT04,V44_3,4,CRF,0,0,V555555555555_31,1684560,PLANT03,PORT09,688,744.29,PLANT03,1013,25
1447207801.7,2011-10-15,PORT04,V44_3,4,CRF,0,0,V555555555555_31,1684560,PLANT03,PORT09,274,304.2454369520602,PLANT03,1013,11
1447269303.7,2011-10-16,PORT04,V44_3,4,CRF,0,0,V555555555555_31,1684560,PLANT03,PORT09,283,375.6133368207807,PLANT03,1013,13
1447269277.7,2011-10-16,PORT04,V44_3,4,CRF,0,0,V555555555555_31,1684560,PLANT03,PORT09,536,794.1474231219554,PLANT03,1013,27
1447172087.7,2011-10-17,PORT04,V44_3,4,CRF,0,0,V555555555555_31,1684560,PLANT03,PORT09,220,320.05,PLANT03,1013,11
1447269268.7,2011-10-18,PORT04,V44_3,4,CRF,0,0,V555555555555_31,1684560,PLANT03,PORT09,461,636.2016850799814,PLANT03,1013,22
1447201493.7,2011-10-18,PORT04,V44_3,4,CRF,0,0,V555555555555_31,1684560,PLANT03,PORT09,456,529.13,PLANT03,1013,18
1447272972.7,2011-10-19,PORT04,V44_3,4,CRF,0,0,V555555555555_31,1684560,PLANT03,PORT09,644,708.52,PLANT03,1013,24
1447286376.7,2011-10-19,PORT04,V44_3,4,CRF,0,0,V555555555555_31,1684560,PLANT03,PORT09,479,567.26,PLANT03,1013,19
1447384051.7,2011-10-20,PORT04,V44_3,4,CRF,0,0,V555555555555_31,1684560,PLANT03,PORT09,226,335.40585735436355,PLANT03,1013,12
1447201523.7,2011-10-20,PORT04,V44_3,4,CRF,0,0,V555555555555_31,1684560,PLANT03,PORT09,344,359.68029234986494,PLANT03,1013,12
1447384054.7,2011-10-21,PORT04,V44_3,4,CRF,0,0,V555555555555_31,1684560,PLANT03,PORT09,373,471.9110944303198,PLANT03,1013,16
1447310389.7,2011-10-22,PORT04,V44_3,4,CRF,0,0,V555555555555_31,1684560,PLANT03,PORT09,647,742.16,PLANT03,1013,25
1447221386.7,2011-10-23,PORT04,V44_3,4,CRF,0,0,V555555555555_31,1684560,PLANT03,PORT09,586,640.3394502802597,PLANT03,1013,22
1447207819.7,2011-10-23,PORT04,V44_3,4,CRF,0,0,V555555555555_31,1684560,PLANT03,PORT09,421,445.69337377658405,PLANT03,1013,15
1447201516.7,2011-10-24,PORT04,V44_3,4,CRF,0,0,V555555555555_31,1684560,PLANT03,PORT09,539,654.9674386754052,PLANT03,1013,22
1447353628.7,2011-10-24,PORT04,V44_3,4,CRF,0,0,V555555555555_31,1684560,PLANT03,PORT09,643,663.64,PLANT03,1013,23
1447269352.7,2011-10-25,PORT04,V44_3,4,CRF,0,0,V555555555555_31,1684560,PLANT03,PORT09,585,818.2860369363775,PLANT03,1013,28
1447286291.7,2011-10-26,PORT04,V44_3,4,CRF,0,0,V555555555555_31,1684560,PLANT03,PORT09,408,410.3705901412525,PLANT03,1013,14
1447172040.7,2011-10-27,PORT04,V44_3,4,CRF,0,0,V555555555555_31,1684560,PLANT03,PORT09,537,665.86,PLANT03,1013,23
1447156282.7,2011-10-27,PORT04,V44_3,4,CRF,0,0,V555555555555_31,1684560,PLANT03,PORT09,231,306.88,PLANT03,1013,11
1447272983.7,2011-10-28,PORT04,V44_3,4,CRF,0,0,V555555555555_31,1684560,PLANT03,PORT09,301,437.63,PLANT03,1013,15
1447290013.7,2011-10-28,PORT04,V44_3,4,CRF,0,0,V555555555555_31,1684560,PLANT03,PORT09,378,397.83180372103504,PLANT03,1013,14
1447162259.7,2011-10-29,PORT04,V44_3,4,CRF,0,0,V555555555555_31,1684560,PLANT03,PORT09,245,262.4557040054354,PLANT03,1013,9
1447290011.7,2011-10-30,PORT04,V44_3,4,CRF,0,0,V555555555555_31,1684560,PLANT03,PORT09,291,393.21,PLANT03,1013,14
1447152288.7,2011-10-30,PORT04,V44_3,4,CRF,0,0,V555555555555_31,1684560,PLANT03,PORT09,615,904.4305325514588,PLANT03,1013,31
1447201511.7,2011-10-31,PORT04,V44_3,4,CRF,0,0,V555555555555_31,1684560,PLANT03,PORT09,488,703.3381705399825,PLANT03,1013,24
1447353624.7,2011-11-01,PORT04,V44_3,4,CRF,0,0,V555555555555_31,1684560,PLANT03,PORT09,315,371.3537127712028,PLANT03,1013,13
1447399904.7,2011-11-02,PORT04,V44_3,0,CRF,3,0,V55555555_32,1699676,PLANT03,PORT09,558,614.04,PLANT03,1013,21
1447335400.7,2011-11-02,PORT04,V44_3,0,CRF,3,0,V55555555_32,1699844,PLANT03,PORT09,342,376.2256917658625,PLANT03,1013,13
1447311715.7,2011-11-03,PORT04,V44_3,0,CRF,3,0,V55555555_32,1699135,PLANT03,PORT09,559,736.88,PLANT03,1013,25
1447322707.7,2011-11-04,PORT04,V44_3,0,CRF,3,0,V55555555_32,1699283,PLANT03,PORT09,208,305.36607360934374,PLANT03,1013,11
1447182395.7,2011-11-04,PORT04,V44_3,0,CRF,3,0,V55555555_32,1699283,PLANT03,PORT09,615,706.89,PLANT03,1013,24
1447185193.7,2011-11-05,PORT04,V44_3,0,CRF,3,0,V55555555_32,1699283,PLANT03,PORT09,377,494.87,PLANT03,1013,17
1447182386.7,2011-11-05,PORT04,V44_3,0,CRF,3,0,V55555555_32,1699283,PLANT03,PORT09,310,436.2978926307094,PLANT03,1013,15
1447207512.7,2011-11-06,PORT04,V44_3,0,CRF,3,0,V55555555_32,1699283,PLANT03,PORT09,407,518.44,PLANT03,1013,18
1447320601.7,2011-11-06,PORT04,V44_3,0,CRF,3,0,V55555555_32,1699283,PLANT03,PORT09,609,755.4352166762159,PLANT03,1013,26
1447182385.7,2011-11-07,PORT04,V44_3,0,CRF,3,0,V55555555_32,1699283,PLANT03,PORT09,561,684.03,PLANT03,1013,23
1447269477.7,2011-11-07,PORT04,V44_3,0,CRF,3,0,V55555555_32,1699283,PLANT03,PORT09,211,237.06939118807043,PLANT03,1013,8
1447269479.7,2011-11-08,PORT04,V44_3,0,CRF,3,0,V55555555_32,1699283,PLANT03,PORT09,442,490.45,PLANT03,1013,17
1447399907.7,2011-11-09,PORT04,V44_3,0,CRF,3,0,V55555555_32,1699369,PLANT03,PORT09,372,405.87,PLANT03,1013,14
1447184599.7,2011-11-09,PORT04,V44_3,0,CRF,3,0,V55555555_32,1699268,PLANT03,PORT09,382,390.339376622106,PLANT03,1013,14
1447386505.7,2011-11-10,PORT04,V44_3,0,CRF,3,0,V55555555_32,1699268,PLANT03,PORT09,601,797.3055372808176,PLANT03,1013,27
1447326638.7,2011-11-10,PORT04,V44_3,0,CRF,3,0,V55555555_32,1699268,PLANT03,PORT09,511,760.06,PLANT03,1013,26
1447184596.7,2011-11-11,PORT04,V44_3,0,CRF,3,0,V55555555_32,1699268,PLANT03,PORT09,442,592.3304415773155,PLANT03,1013,20
1447242878.7,2011-11-11,PORT04,V44_3,0,CRF,3,0,V55555555_32,1699268,PLANT03,PORT09,646,711.76,PLANT03,1013,24
1447242877.7,2011-11-12,PORT04,V44_3,0,CRF,3,0,V55555555_32,1699268,PLANT03,PORT09,549,812.7342613831751,PLANT03,1013,28
1447320602.7,2011-11-13,PORT04,V44_3,0,CRF,3,0,V55555555_32,1699268,PLANT03,PORT09,603,792.57,PLANT03,1013,27
1447286435.7,2011-11-13,PORT04,V44_3,0,CRF,3,0,V55555555_32,1699268,PLANT03,PORT09,581,867.9121982653248,PLANT03,1013,29
1447286434.7,2011-11-14,PORT04,V44_3,0,CRF,3,0,V55555555_32,1699268,PLANT03,PORT09,634,817.4401045174487,PLANT03,1013,28
1447378805.7,2011-11-15,PORT04,V44_3,0,CRF,3,0,V55555555_32,1699268,PLANT03,PORT09,553,687.56,PLANT03,1013,23
1447182404.7,2011-11-16,PORT04,V44_3,0,CRF,3,0,V55555555_32,1699583,PLANT03,PORT09,619,749.5226268673345,PLANT03,1013,25
1447364748.7,2011-11-16,PORT04,V44_3,0,CRF,3,0,V55555555_32,1699583,PLANT03,PORT09,570,650.8985406534639,PLANT03,1013,22
1447396880.7,2011-11-17,PORT04,V44_3,0,CRF,3,0,V55555555_32,1699583,PLANT03,PORT09,436,537.55,PLANT03,1013,18
1447278502.7,2011-11-18,PORT04,V44_3,0,CRF,3,0,V55555555_32,1699583,PLANT03,PORT09,554,768.9520573488139,PLANT03,1013,26
1447369944.7,2011-11-19,PORT04,V44_3,0,CRF,3,0,V55555555_32,1699583,PLANT03,PORT09,286,376.4532962513618,PLANT03,1013,13
1447196784.7,2011-11-19,PORT04,V44_3,0,CRF,3,0,V55555555_32,1699586,PLANT03,PORT09,201,219.19,PLANT03,1013,8
1447385926.7,2011-11-20,PORT04,V44_3,0,CRF,3,0,V55555555_32,1699586,PLANT03,PORT09,240,269.67,PLANT03,1013,9
1447405874.7,2011-11-21,PORT04,V44_3,0,CRF,3,0,V55555555_32,1699586,PLANT03,PORT09,213,267.828048193512,PLANT03,1013,9
1447399898.7,2011-11-22,PORT04,V44_3,0,CRF,3,0,V55555555_32,1699586,PLANT03,PORT09,430,465.15763260577984,PLANT03,1013,16
1447412841.7,2011-11-22,PORT04,V44_3,0,CRF,3,0,V55555555_32,1699562,PLANT03,PORT09,227,256.3,PLANT03,1013,9
1447385917.7,2011-11-23,PORT04,V44_3,0,CRF,3,0,V55555555_32,1699564,PLANT03,PORT09,648,898.6052927224587,PLANT03,1013,30
1447299629.7,2011-11-24,PORT04,V44_3,0,CRF,3,0,V55555555_32,1699561,PLANT03,PORT09,606,743.4982310392427,PLANT03,1013,25
1447184610.7,2011-11-25,PORT04,V44_3,0,CRF,3,0,V55555555_32,1699561,PLANT03,PORT09,317,343.91,PLANT03,1013,12
1447231049.7,2011-11-26,PORT04,V44_3,0,CRF,3,0,V55555555_32,1699380,PLANT03,PORT09,531,751.0685336418328,PLANT03,1013,26
1447399899.7,2011-11-26,PORT04,V44_3,0,CRF,3,0,V55555555_32,1699380,PLANT03,PORT09,475,614.62,PLANT03,1013,21
1447196786.7,2011-11-27,PORT04,V44_3,0,CRF,3,0,V55555555_32,1699380,PLANT03,PORT09,263,310.2414733509863,PLANT03,1013,11
1447182371.7,2011-11-28,PORT04,V44_3,0,CRF,3,0,V55555555_32,1699380,PLANT03,PORT09,620,730.59,PLANT03,1013,25
1447295076.7,2011-11-29,PORT04,V44_3,0,CRF,3,0,V55555555_32,1699290,PLANT03,PORT09,696,941.4741867510468,PLANT03,1013,32
1447184607.7,2011-11-30,PORT04,V44_3,0,CRF,3,0,V55555555_32,1699285,PLANT03,PORT09,406,519.3,PLANT03,1013,18
1447254397.7,2011-12-01,PORT04,V44_3,0,CRF,3,0,V55555555_32,1699285,PLANT03,PORT09,569,849.7141529116124,PLANT03,1013,29
1447334665.7,2011-12-01,PORT04,V44_3,0,CRF,3,0,V55555555_32,1699285,PLANT03,PORT09,492,722.4050003045605,PLANT03,1013,25
1447182399.7,2011-12-02,PORT04,V44_3,0,CRF,3,0,V55555555_32,1698913,PLANT03,PORT09,234,286.91,PLANT03,1013,10
1447323147.7,2011-12-03,PORT04,V44_3,0,CRF,3,0,V55555555_32,1698913,PLANT03,PORT09,360,451.3022655639106,PLANT03,1013,16
1447280405.7,2011-12-04,PORT04,V44_3,0,CRF,3,0,V55555555_32,1698913,PLANT03,PORT09,475,709.32,PLANT03,1013,24
1447372038.7,2011-12-04,PORT04,V44_3,0,CRF,3,0,V55555555_32,1699246,PLANT03,PORT09,498,502.32756775618446,PLANT03,1013,17
1447254396.7,2011-12-05,PORT04,V44_3,0,CRF,3,0,V55555555_32,1699591,PLANT03,PORT09,384,495.3815481015299,PLANT03,1013,17
1447305782.7,2011-12-06,PORT04,V44_3,0,CRF,3,0,V55555555_32,1699239,PLANT03,PORT09,377,441.59,PLANT03,1013,15
1447312168.7,2011-12-07,PORT04,V44_3,0,CRF,3,0,V55555555_32,1699792,PLANT03,PORT09,583,621.6863215883194,PLANT03,1013,21
1447329264.7,2011-12-08,PORT04,V44_3,0,CRF,3,0,V55555555_32,1699792,PLANT03,PORT09,433,591.6726158209004,PLANT03,1013,20
1447269475.7,2011-12-08,PORT04,V44_3,0,CRF,3,0,V55555555_32,1699792,PLANT03,PORT09,540,565.35,PLANT03,1013,19
1447421843.7,2011-12-09,PORT04,V44_3,0,CRF,3,0,V55555555_32,1699315,PLANT03,PORT09,557,798.7776178441353,PLANT03,1013,27
1447421254.7,2011-12-09,PORT04,V44_3,0,CRF,3,0,V55555555_32,1699315,PLANT03,PORT09,489,650.77,PLANT03,1013,22
1447343380.7,2011-12-10,PORT04,V44_3,0,CRF,3,0,V55555555_32,1699315,PLANT03,PORT09,657,662.7540029981874,PLANT03,1013,23
1447390883.7,2011-12-11,PORT04,V44_3,0,CRF,3,0,V55555555_32,1699315,PLANT03,PORT09,335,479.82,PLANT03,1013,16
1447242879.7,2011-12-11,PORT04,V44_3,0,CRF,3,0,V55555555_32,1699315,PLANT03,PORT09,674,987.73,PLANT03,1013,33
1447320328.7,2011-12-12,PORT04,V44_3,0,CRF,3,0,V55555555_32,1699315,PLANT03,PORT09,200,221.57,PLANT03,1013,8
1447387535.7,2011-12-13,PORT04,V44_3,0,CRF,3,0,V55555555_32,1699315,PLANT03,PORT09,503,666.7850937259352,PLANT03,1013,23
1447189599.7,2011-12-14,PORT04,V44_3,0,CRF,3,0,V55555555_32,1699318,PLANT03,PORT09,649,973.3097540125812,PLANT03,1013,33
1447182387.7,2011-12-14,PORT04,V44_3,0,CRF,3,0,V55555555_32,1699241,PLANT03,PORT09,272,389.84,PLANT03,1013,13
1447269473.7,2011-12-15,PORT04,V44_3,0,CRF,3,0,V55555555_32,1699241,PLANT03,PORT09,272,284.3055105590389,PLANT03,1013,10
1447405841.7,2011-12-16,PORT04,V44_3,0,CRF,3,0,V55555555_32,1699241,PLANT03,PORT09,523,693.11,PLANT03,1013,24
1447310422.7,2011-12-17,PORT04,V44_3,0,CRF,3,0,V55555555_32,1699241,PLANT03,PORT09,301,366.94,PLANT03,1013,13
1447184602.7,2011-12-17,PORT04,V44_3,0,CRF,3,0,V55555555_32,1698988,PLANT03,PORT09,596,833.7484673598731,PLANT03,1013,28
1447184601.7,2011-12-18,PORT04,V44_3,0,CRF,3,0,V55555555_32,1698977,PLANT03,PORT09,328,347.71,PLANT03,1013,12
1447372037.7,2011-12-19,PORT04,V44_3,0,CRF,3,0,V55555555_32,1698977,PLANT03,PORT09,412,478.86468095945565,PLANT03,1013,16
1447372030.7,2011-12-20,PORT04,V44_3,0,CRF,3,0,V55555555_32,1699798,PLANT03,PORT09,342,460.92489234396646,PLANT03,1013,16
1447293052.7,2011-12-21,PORT04,V44_3,0,CRF,3,0,V55555555_32,1699798,PLANT03,PORT09,616,689.1635923092929,PLANT03,1013,23
1447278506.7,2011-12-22,PORT04,V44_3,0,CRF,3,0,V55555555_32,1699794,PLANT03,PORT09,301,312.02,PLANT03,1013,11
1447182403.7,2011-12-22,PORT04,V44_3,0,CRF,3,0,V55555555_32,1699794,PLANT03,PORT09,309,408.28,PLANT03,1013,14
1447399902.7,2011-12-23,PORT04,V44_3,0,CRF,3,0,V55555555_32,1699794,PLANT03,PORT09,202,256.78,PLANT03,1013,9
1447182405.7,2011-12-24,PORT04,V44_3,0,CRF,3,0,V55555555_32,1699794,PLANT03,PORT09,653,951.5,PLANT03,1013,32
1447364734.7,2011-12-24,PORT04,V44_3,0,CRF,3,0,V55555555_32,1699794,PLANT03,PORT09,352,418.9144289063108,PLANT03,1013,14
1447369943.7,2011-12-25,PORT04,V44_3,0,CRF,3,0,V55555555_32,1699794,PLANT03,PORT09,662,838.62,PLANT03,1013,28
1447320650.7,2011-12-26,PORT04,V44_3,0,CRF,3,0,V55555555_32,1699836,PLANT03,PORT09,542,762.32,PLANT03,1013,26
1447178351.7,2011-12-26,PORT04,V44_3,0,CRF,3,0,V55555555_32,1699836,PLANT03,PORT09,578,728.64,PLANT03,1013,25
1447269474.7,2011-12-27,PORT04,V44_3,0,CRF,3,0,V55555555_32,1699836,PLANT03,PORT09,535,708.2,PLANT03,1013,24
1447305205.7,2011-12-28,PORT04,V44_3,0,CRF,3,0,V55555555_32,1699836,PLANT03,PORT09,491,718.5869807474933,PLANT03,1013,24
1447364746.7,2011-12-29,PORT04,V44_3,0,CRF,3,0,V55555555_32,1699329,PLANT03,PORT09,340,399.7758568307378,PLANT03,1013,14
1447196783.7,2011-12-30,PORT04,V44_3,0,CRF,3,0,V55555555_32,1699329,PLANT03,PORT09,651,734.5807727930253,PLANT03,1013,25
1447184609.7,2011-12-31,PORT04,V44_3,0,CRF,3,0,V55555555_32,1699329,PLANT03,PORT09,356,498.94,PLANT03,1013,17
1447385925.7,2012-01-01,PORT04,V44_3,0,CRF,3,0,V55555555_32,1699329,PLANT03,PORT09,305,398.08,PLANT03,1013,14
1447399901.7,2012-01-01,PORT04,V44_3,0,CRF,3,0,V55555555_32,1699329,PLANT03,PORT09,632,940.65,PLANT03,1013,32
1447278507.7,2012-01-02,PORT04,V44_3,0,CRF,3,0,V55555555_32,1699329,PLANT03,PORT09,658,698.54,PLANT03,1013,24
1447405875.7,2012-01-02,PORT04,V44_3,0,CRF,3,0,V55555555_32,1699329,PLANT03,PORT09,238,300.49,PLANT03,1013,11
1447399897.7,2012-01-03,PORT04,V44_3,0,CRF,3,0,V55555555_32,1699325,PLANT03,PORT09,440,564.8086883183588,PLANT03,1013,19
1447403211.7,2012-01-03,PORT04,V44_3,0,CRF,3,0,V55555555_32,1699249,PLANT03,PORT09,235,284.8819724605725,PLANT03,1013,10
1447306816.7,2012-01-04,PORT04,V44_3,0,CRF,3,0,V55555555_32,1699249,PLANT03,PORT09,584,693.06,PLANT03,1013,24
1447386266.7,2012-01-04,PORT04,V44_3,0,CRF,3,0,V55555555_32,1699249,PLANT03,PORT09,246,363.02,PLANT03,1013,13
1447189598.7,2012-01-05,PORT04,V44_3,0,CRF,3,0,V55555555_32,1699249,PLANT03,PORT09,476,686.441138276921,PLANT03,1013,23
1447399900.7,2012-01-05,PORT04,V44_3,0,CRF,3,0,V55555555_32,1699689,PLANT03,PORT09,208,275.24701499597745,PLANT03,1013,10
1447399906.7,2012-01-06,PORT04,V44_3,0,CRF,3,0,V55555555_32,1699689,PLANT03,PORT09,324,470.75,PLANT03,1013,16
1447322708.7,2012-01-07,PORT04,V44_3,0,CRF,3,0,V55555555_32,1699689,PLANT03,PORT09,353,398.1213421133365,PLANT03,1013,14
1447269512.7,2012-01-08,PORT04,V44_3,0,CRF,3,0,V55555555_32,1699625,PLANT03,PORT09,218,310.78,PLANT03,1013,11
1447306128.7,2012-01-08,PORT04,V44_3,0,CRF,3,0,V55555555_32,1699625,PLANT03,PORT09,544,569.99,PLANT03,1013,19
1447385916.7,2012-01-09,PORT04,V44_3,0,CRF,3,0,V55555555_32,1699625,PLANT03,PORT09,638,825.1280997529763,PLANT03,1013,28
1447325917.7,2012-01-10,PORT04,V44_3,0,CRF,3,0,V55555555_32,1699625,PLANT03,PORT09,307,439.4393514028856,PLANT03,1013,15
1447299630.7,2012-01-11,PORT04,V44_3,0,CRF,3,0,V55555555_32,1699416,PLANT03,PORT09,349,353.12,PLANT03,1013,12
1447278501.7,2012-01-12,PORT04,V44_3,0,CRF,3,0,V55555555_32,1699416,PLANT03,PORT09,654,832.7700539575009,PLANT03,1013,28
1447178197.7,2012-01-12,PORT04,V44_3,0,CRF,3,0,V55555555_32,1699418,PLANT03,PORT09,277,364.534144813828,PLANT03,1013,13
1447335401.7,2012-01-13,PORT04,V44_3,0,CRF,3,0,V55555555_32,1699326,PLANT03,PORT09,457,519.73,PLANT03,1013,18
1447335402.7,2012-01-14,PORT04,V44_3,0,CRF,3,0,V55555555_32,1699326,PLANT03,PORT09,522,637.5491283294565,PLANT03,1013,22
1447369942.7,2012-01-14,PORT04,V44_3,0,CRF,3,0,V55555555_32,1699326,PLANT03,PORT09,624,840.04,PLANT03,1013,29
1447365152.7,2012-01-15,PORT04,V44_3,0,CRF,3,0,V55555555_32,1699419,PLANT03,PORT09,501,527.08,PLANT03,1013,18
1447231052.7,2012-01-15,PORT04,V44_3,0,CRF,3,0,V55555555_32,1699419,PLANT03,PORT09,241,350.12,PLANT03,1013,12
1447365153.7,2012-01-16,PORT04,V44_3,0,CRF,3,0,V55555555_32,1699419,PLANT03,PORT09,431,570.06,PLANT03,1013,20
1447182375.7,2012-01-16,PORT04,V44_3,0,CRF,3,0,V55555555_32,1699419,PLANT03,PORT09,272,315.9785324477108,PLANT03,1013,11
1447183195.7,2012-01-17,PORT04,V44_3,0,CRF,3,0,V55555555_32,1699546,PLANT03,PORT09,686,709.81,PLANT03,1013,24
1447182378.7,2012-01-18,PORT04,V44_3,0,CRF,3,0,V55555555_32,1699417,PLANT03,PORT09,643,900.3146172648893,PLANT03,1013,31
1447405826.7,2012-01-18,PORT04,V44_3,0,CRF,3,0,V55555555_32,1699417,PLANT03,PORT09,348,395.18,PLANT03,1013,14
1447182372.7,2012-01-19,PORT04,V44_3,0,CRF,3,0,V55555555_32,1699417,PLANT03,PORT09,499,579.9212714022863,PLANT03,1013,20
1447184604.7,2012-01-20,PORT04,V44_3,0,CRF,3,0,V55555555_32,1699553,PLANT03,PORT09,329,492.54,PLANT03,1013,17
1447306133.7,2012-01-20,PORT04,V44_3,0,CRF,3,0,V55555555_32,1699553,PLANT03,PORT09,408,611.0780201036685,PLANT03,1013,21
1447182882.7,2012-01-21,PORT04,V44_3,0,CRF,3,0,V55555555_32,1699553,PLANT03,PORT09,463,597.3799640549101,PLANT03,1013,20
1447184587.7,2012-01-21,PORT04,V44_3,0,CRF,3,0,V55555555_32,1699553,PLANT03,PORT09,652,709.15,PLANT03,1013,24
1447255582.7,2012-01-22,PORT04,V44_3,0,CRF,3,0,V55555555_32,1699553,PLANT03,PORT09,510,646.6360595406356,PLANT03,1013,22
1447231071.7,2012-01-23,PORT04,V44_3,0,CRF,3,0,V55555555_32,1699553,PLANT03,PORT09,254,350.03274276969626,PLANT03,1013,12
1447182881.7,2012-01-24,PORT04,V44_3,0,CRF,3,0,V55555555_32,1699553,PLANT03,PORT09,335,468.24,PLANT03,1013,16
1447320585.7,2012-01-24,PORT04,V44_3,0,CRF,3,0,V55555555_32,1699553,PLANT03,PORT09,436,462.12,PLANT03,1013,16
1447320591.7,2012-01-25,PORT04,V44_3,0,CRF,3,0,V55555555_32,1699553,PLANT03,PORT09,204,279.19,PLANT03,1013,10
1447223803.7,2012-01-25,PORT04,V44_3,0,CRF,3,0,V55555555_32,1699556,PLANT03,PORT09,520,738.93,PLANT03,1013,25
1447184603.7,2012-01-26,PORT04,V44_3,0,CRF,3,0,V55555555_32,1699552,PLANT03,PORT09,605,631.96,PLANT03,1013,22
1447320594.7,2012-01-26,PORT04,V44_3,0,CRF,3,0,V55555555_32,1699524,PLANT03,PORT09,360,469.53,PLANT03,1013,16
1447320605.7,2012-01-27,PORT04,V44_3,0,CRF,3,0,V55555555_32,1699524,PLANT03,PORT09,425,438.41066952931936,PLANT03,1013,15
1447406957.7,2012-01-27,PORT04,V44_3,0,CRF,3,0,V55555555_32,1699308,PLANT03,PORT09,350,396.0446997343975,PLANT03,1013,14
1447182400.7,2012-01-28,PORT04,V44_3,0,CRF,3,0,V55555555_32,1699188,PLANT03,PORT09,457,671.09,PLANT03,1013,23
1447399913.7,2012-01-29,PORT04,V44_3,0,CRF,3,0,V55555555_32,1699188,PLANT03,PORT09,522,625.6121759563879,PLANT03,1013,21
1447231072.7,2012-01-30,PORT04,V44_3,0,CRF,3,0,V55555555_32,1699022,PLANT03,PORT09,665,836.46,PLANT03,1013,28
1447182883.7,2012-01-30,PORT04,V44_3,0,CRF,3,0,V55555555_32,1699022,PLANT03,PORT09,626,805.85,PLANT03,1013,27
1447254390.7,2012-01-31,PORT04,V44_3,0,CRF,3,0,V55555555_32,1699682,PLANT03,PORT09,689,861.6472082182024,PLANT03,1013,29
1447254391.7,2012-01-31,PORT04,V44_3,0,CRF,3,0,V55555555_32,1699682,PLANT03,PORT09,365,514.1845717996425,PLANT03,1013,18
1447245216.7,2012-02-01,PORT04,V44_3,0,CRF,3,0,V55555555_32,1699682,PLANT03,PORT09,689,988.05,PLANT03,1013,33
1447320582.7,2012-02-01,PORT04,V44_3,0,CRF,3,0,V55555555_32,1699682,PLANT03,PORT09,535,591.71,PLANT03,1013,20
1447320593.7,2012-02-02,PORT04,V44_3,0,CRF,3,0,V55555555_32,1699682,PLANT03,PORT09,604,610.9139351427883,PLANT03,1013,21
1447264573.7,2012-02-03,PORT04,V44_3,0,CRF,3,0,V55555555_32,1699682,PLANT03,PORT09,665,983.31,PLANT03,1013,33
1447355118.7,2012-02-04,PORT04,V44_3,0,CRF,3,0,V55555555_32,1699682,PLANT03,PORT09,224,288.418295255622,PLANT03,1013,10
1447320587.7,2012-02-04,PORT04,V44_3,0,CRF,3,0,V55555555_32,1699022,PLANT03,PORT09,488,713.1527544852681,PLANT03,1013,24
1447372036.7,2012-02-05,PORT04,V44_3,0,CRF,3,0,V55555555_32,1699674,PLANT03,PORT09,535,739.5866217415513,PLANT03,1013,25
1447399903.7,2012-02-05,PORT04,V44_3,0,CRF,3,0,V55555555_32,1699674,PLANT03,PORT09,586,865.17,PLANT03,1013,29
1447355122.7,2012-02-06,PORT04,V44_3,0,CRF,3,0,V55555555_32,1699674,PLANT03,PORT09,316,335.2383819577935,PLANT03,1013,12
1447355123.7,2012-02-07,PORT04,V44_3,0,CRF,3,0,V55555555_32,1699674,PLANT03,PORT09,224,250.04575213692252,PLANT03,1013,9
1447343379.7,2012-02-07,PORT04,V44_3,0,CRF,3,0,V55555555_32,1699674,PLANT03,PORT09,211,312.8942380016647,PLANT03,1013,11
1447184597.7,2012-02-08,PORT04,V44_3,0,CRF,3,0,V55555555_32,1699674,PLANT03,PORT09,230,288.2063142266281,PLANT03,1013,10
1447182388.7,2012-02-09,PORT04,V44_3,0,CRF,3,0,V55555555_32,1699674,PLANT03,PORT09,646,852.9868996449366,PLANT03,1013,29
1447184588.7,2012-02-09,PORT04,V44_3,0,CRF,3,0,V55555555_32,1699675,PLANT03,PORT09,453,589.4782916104089,PLANT03,1013,20
1447320586.7,2012-02-10,PORT04,V44_3,0,CRF,3,0,V55555555_32,1699675,PLANT03,PORT09,698,894.98994064693,PLANT03,1013,30
1447327906.7,2012-02-11,PORT04,V44_3,0,CRF,3,0,V55555555_32,1699540,PLANT03,PORT09,329,408.72,PLANT03,1013,14
1447399912.7,2012-02-12,PORT04,V44_3,0,CRF,3,0,V55555555_32,1699540,PLANT03,PORT09,255,292.912768650197,PLANT03,1013,10
1447213259.7,2012-02-13,PORT04,V44_3,0,CRF,3,0,V55555555_32,1699540,PLANT03,PORT09,298,309.12,PLANT03,1013,11
1447399914.7,2012-02-14,PORT04,V44_3,0,CRF,3,0,V55555555_32,1699540,PLANT03,PORT09,570,620.66,PLANT03,1013,21
1447182389.7,2012-02-14,PORT04,V44_3,0,CRF,3,0,V55555555_32,1699548,PLANT03,PORT09,296,371.39,PLANT03,1013,13
1447355336.7,2012-02-15,PORT04,V44_3,0,CRF,3,0,V55555555_32,1699548,PLANT03,PORT09,300,392.2829157346516,PLANT03,1013,14
1447182885.7,2012-02-16,PORT04,V44_3,0,CRF,3,0,V55555555_32,1699548,PLANT03,PORT09,619,782.1193330806562,PLANT03,1013,27
1447299609.7,2012-02-16,PORT04,V44_3,0,CRF,3,0,V55555555_32,1699548,PLANT03,PORT09,262,365.7642660226312,PLANT03,1013,13
1447182884.7,2012-02-17,PORT04,V44_3,0,CRF,3,0,V55555555_32,1699548,PLANT03,PORT09,682,807.4059386491557,PLANT03,1013,27
1447373230.7,2012-02-17,PORT04,V44_3,0,CRF,3,0,V55555555_32,1699548,PLANT03,PORT09,213,231.8384809578205,PLANT03,1013,8
1447371387.7,2012-02-18,PORT04,V44_3,0,CRF,3,0,V55555555_32,1699548,PLANT03,PORT09,382,461.4854136523344,PLANT03,1013,16
1447184598.7,2012-02-19,PORT04,V44_3,0,CRF,3,0,V55555555_32,1699548,PLANT03,PORT09,429,484.73,PLANT03,1013,17
1447410407.7,2012-02-19,PORT04,V44_3,0,CRF,3,0,V55555555_32,1699548,PLANT03,PORT09,513,561.66,PLANT03,1013,19
1447391026.7,2012-02-20,PORT04,V44_3,0,CRF,3,0,V55555555_32,1699548,PLANT03,PORT09,412,583.87,PLANT03,1013,20
1447320590.7,2012-02-21,PORT04,V44_3,0,CRF,3,0,V55555555_32,1699834,PLANT03,PORT09,537,554.349578538137,PLANT03,1013,19
1447280412.7,2012-02-22,PORT04,V44_3,0,CRF,3,0,V55555555_32,1699834,PLANT03,PORT09,682,772.66,PLANT03,1013,26
1447264572.7,2012-02-23,PORT04,V44_3,0,CRF,3,0,V55555555_32,1699834,PLANT03,PORT09,507,574.4358869743639,PLANT03,1013,20
1447320584.7,2012-02-24,PORT04,V44_3,0,CRF,3,0,V55555555_32,1699834,PLANT03,PORT09,395,565.7704274477325,PLANT03,1013,19
1447185191.7,2012-02-24,PORT04,V44_3,0,CRF,3,0,V55555555_32,1699834,PLANT03,PORT09,281,347.8805471763117,PLANT03,1013,12
1447355119.7,2012-02-25,PORT04,V44_3,0,CRF,3,0,V55555555_32,1699834,PLANT03,PORT09,612,752.59,PLANT03,1013,26
1447245217.7,2012-02-25,PORT04,V44_3,0,CRF,3,0,V55555555_32,1699834,PLANT03,PORT09,596,635.6772112450728,PLANT03,1013,22
1447231073.7,2012-02-26,PORT04,V44_3,0,CRF,3,0,V55555555_32,1699834,PLANT03,PORT09,592,871.08,PLANT03,1013,30
1447399910.7,2012-02-26,PORT04,V44_3,0,CRF,3,0,V55555555_32,1699834,PLANT03,PORT09,247,278.45,PLANT03,1013,10
1447209041.7,2012-02-27,PORT04,V44_3,0,CRF,3,0,V55555555_32,1699834,PLANT03,PORT09,643,894.15,PLANT03,1013,30
1447350178.7,2012-02-27,PORT04,V44_3,0,CRF,3,0,V55555555_32,1699697,PLANT03,PORT09,446,593.04,PLANT03,1013,20
1447209042.7,2012-02-28,PORT04,V44_3,0,CRF,3,0,V55555555_32,1699697,PLANT03,PORT09,632,826.0030127841796,PLANT03,1013,28
1447320592.7,2012-02-28,PORT04,V44_3,0,CRF,3,0,V55555555_32,1699697,PLANT03,PORT09,543,782.5877380838311,PLANT03,1013,27
1447369941.7,2012-02-29,PORT04,V44_3,0,CRF,3,0,V55555555_32,1699697,PLANT03,PORT09,648,791.6204803317323,PLANT03,1013,27
1447209553.7,2012-02-29,PORT04,V44_3,0,CRF,3,0,V55555555_32,1699697,PLANT03,PORT09,399,415.92,PLANT03,1013,14
1447255429.7,2012-03-01,PORT04,V44_3,0,CRF,3,0,V55555555_32,1699697,PLANT03,PORT09,634,656.588382701587,PLANT03,1013,22
1447320589.7,2012-03-02,PORT04,V44_3,0,CRF,3,0,V55555555_32,1699697,PLANT03,PORT09,347,474.9577003661377,PLANT03,1013,16
1447320583.7,2012-03-03,PORT04,V44_3,0,CRF,3,0,V55555555_32,1699697,PLANT03,PORT09,427,501.66,PLANT03,1013,17
1447399911.7,2012-03-03,PORT04,V44_3,0,CRF,3,0,V55555555_32,1699697,PLANT03,PORT09,590,821.2335896464638,PLANT03,1013,28
1447254104.7,2012-03-04,PORT04,V44_3,0,CRF,3,0,V55555555_32,1699697,PLANT03,PORT09,460,586.41,PLANT03,1013,20
1447201698.7,2012-03-04,PORT04,V44_3,0,CRF,3,0,V55555555_32,1699573,PLANT03,PORT09,207,234.4323053316379,PLANT03,1013,8
1447182384.7,2012-03-05,PORT04,V44_3,0,CRF,3,0,V55555555_32,1699573,PLANT03,PORT09,567,841.3883198785661,PLANT03,1013,29
1447398731.7,2012-03-05,PORT04,V44_3,0,CRF,3,0,V55555555_32,1699539,PLANT03,PORT09,455,506.83,PLANT03,1013,17
1447394818.7,2012-03-06,PORT04,V44_3,0,CRF,3,0,V55555555_32,1699539,PLANT03,PORT09,633,636.300366859278,PLANT03,1013,22
1447329265.7,2012-03-07,PORT04,V44_3,0,CRF,3,0,V55555555_32,1699539,PLANT03,PORT09,277,286.59,PLANT03,1013,10
1447184606.7,2012-03-07,PORT04,V44_3,0,CRF,3,0,V55555555_32,1699539,PLANT03,PORT09,318,324.67,PLANT03,1013,11
1447329260.7,2012-03-08,PORT04,V44_3,0,CRF,3,0,V55555555_32,1699539,PLANT03,PORT09,363,416.15,PLANT03,1013,14
1447407855.7,2012-03-09,PORT04,V44_3,0,CRF,3,0,V55555555_32,1699539,PLANT03,PORT09,468,604.29,PLANT03,1013,21
1447407856.7,2012-03-09,PORT04,V44_3,0,CRF,3,0,V55555555_32,1699539,PLANT03,PORT09,487,637.1176834989528,PLANT03,1013,22
1447329258.7,2012-03-10,PORT04,V44_3,0,CRF,3,0,V55555555_32,1699539,PLANT03,PORT09,470,496.04,PLANT03,1013,17
1447407858.7,2012-03-10,PORT04,V44_3,0,CRF,3,0,V55555555_32,1699539,PLANT03,PORT09,656,778.0707838187044,PLANT03,1013,26
1447280417.7,2012-03-11,PORT04,V44_3,0,CRF,3,0,V55555555_32,1699539,PLANT03,PORT09,672,726.9977572923412,PLANT03,1013,25
1447329259.7,2012-03-11,PORT04,V44_3,0,CRF,3,0,V55555555_32,1699539,PLANT03,PORT09,667,707.5207089963561,PLANT03,1013,24
1447184591.7,2012-03-12,PORT04,V44_3,0,CRF,3,0,V55555555_32,1699539,PLANT03,PORT09,312,412.74648677421214,PLANT03,1013,14
1447398732.7,2012-03-12,PORT04,V44_3,0,CRF,3,0,V55555555_32,1699539,PLANT03,PORT09,231,267.6,PLANT03,1013,9
1447320706.7,2012-03-13,PORT04,V44_3,0,CRF,3,0,V55555555_32,1699575,PLANT03,PORT09,432,549.51,PLANT03,1013,19
1447320665.7,2012-03-13,PORT04,V44_3,0,CRF,3,0,V55555555_32,1699575,PLANT03,PORT09,348,518.24,PLANT03,1013,18
1447288727.7,2012-03-14,PORT04,V44_3,0,CRF,3,0,V55555555_32,1699571,PLANT03,PORT09,334,364.1592978952752,PLANT03,1013,13
1447182381.7,2012-03-14,PORT04,V44_3,0,CRF,3,0,V55555555_32,1699574,PLANT03,PORT09,455,578.99,PLANT03,1013,20
1447327975.7,2012-03-15,PORT04,V44_3,0,CRF,3,0,V55555555_32,1699574,PLANT03,PORT09,547,558.8080167404827,PLANT03,1013,19
1447327959.7,2012-03-15,PORT04,V44_3,0,CRF,3,0,V55555555_32,1699574,PLANT03,PORT09,228,306.1239738372096,PLANT03,1013,11
1447280415.7,2012-03-16,PORT04,V44_3,0,CRF,3,0,V55555555_32,1699574,PLANT03,PORT09,294,365.7939371195461,PLANT03,1013,13
1447399909.7,2012-03-16,PORT04,V44_3,0,CRF,3,0,V55555555_32,1699574,PLANT03,PORT09,243,332.04,PLANT03,1013,12
1447280414.7,2012-03-17,PORT04,V44_3,0,CRF,3,0,V55555555_32,1699574,PLANT03,PORT09,552,692.3075109488933,PLANT03,1013,24
1447399908.7,2012-03-18,PORT04,V44_3,0,CRF,3,0,V55555555_32,1699574,PLANT03,PORT09,222,298.47,PLANT03,1013,10
1447280408.7,2012-03-19,PORT04,V44_3,0,CRF,3,0,V55555555_32,1699574,PLANT03,PORT09,480,662.6691688903579,PLANT03,1013,23
1447328000.7,2012-03-20,PORT04,V44_3,0,CRF,3,0,V55555555_32,1699574,PLANT03,PORT09,385,386.7963368167154,PLANT03,1013,13
1447182377.7,2012-03-20,PORT04,V44_3,0,CRF,3,0,V55555555_32,1699574,PLANT03,PORT09,460,662.7336793252549,PLANT03,1013,23
1447223802.7,2012-03-21,PORT04,V44_3,0,CRF,3,0,V55555555_32,1699576,PLANT03,PORT09,423,609.08,PLANT03,1013,21
1447182398.7,2012-03-22,PORT04,V44_3,0,CRF,3,0,V55555555_32,1699576,PLANT03,PORT09,209,286.58,PLANT03,1013,10
1447302711.7,2012-03-23,PORT04,V44_3,0,CRF,3,0,V55555555_32,1699576,PLANT03,PORT09,610,819.8046535133742,PLANT03,1013,28
1447196780.7,2012-03-24,PORT04,V44_3,0,CRF,3,0,V55555555_32,1699576,PLANT03,PORT09,699,882.19,PLANT03,1013,30
1447184608.7,2012-03-25,PORT04,V44_3,0,CRF,3,0,V55555555_32,1699567,PLANT03,PORT09,253,358.334079372401,PLANT03,1013,12
1447293693.7,2012-03-25,PORT04,V44_3,0,CRF,3,0,V55555555_32,1699567,PLANT03,PORT09,320,473.2917568191009,PLANT03,1013,16
1447366428.7,2012-03-26,PORT04,V44_3,0,CRF,3,0,V55555555_32,1699567,PLANT03,PORT09,599,643.5919710745673,PLANT03,1013,22
1447375269.7,2012-03-27,PORT04,V44_3,0,CRF,3,0,V55555555_32,1699691,PLANT03,PORT09,410,614.2485392135857,PLANT03,1013,21
1447305209.7,2012-03-27,PORT04,V44_3,0,CRF,3,0,V55555555_32,1699690,PLANT03,PORT09,580,766.58,PLANT03,1013,26
1447231051.7,2012-03-28,PORT04,V44_3,0,CRF,3,0,V55555555_32,1699690,PLANT03,PORT09,426,455.36,PLANT03,1013,16
1447305206.7,2012-03-28,PORT04,V44_3,0,CRF,3,0,V55555555_32,1699690,PLANT03,PORT09,509,686.0348182834373,PLANT03,1013,23
1447182374.7,2012-03-29,PORT04,V44_3,0,CRF,3,0,V55555555_32,1699690,PLANT03,PORT09,629,740.8,PLANT03,1013,25
1447231050.7,2012-03-29,PORT04,V44_3,0,CRF,3,0,V55555555_32,1699515,PLANT03,PORT09,219,263.05,PLANT03,1013,9
1447182373.7,2012-03-30,PORT04,V44_3,0,CRF,3,0,V55555555_32,1699515,PLANT03,PORT09,213,290.0426075377085,PLANT03,1013,10
1447405876.7,2012-03-31,PORT04,V44_3,0,CRF,3,0,V55555555_32,1699515,PLANT03,PORT09,254,343.273817004292,PLANT03,1013,12
1447305208.7,2012-03-31,PORT04,V44_3,0,CRF,3,0,V55555555_32,1699842,PLANT03,PORT09,223,298.43,PLANT03,1013,10
1447209091.7,2012-04-01,PORT04,V44_3,0,CRF,3,0,V55555555_32,1699842,PLANT03,PORT09,387,546.6470608698421,PLANT03,1013,19
1447299628.7,2012-04-02,PORT04,V44_3,0,CRF,3,0,V55555555_32,1699842,PLANT03,PORT09,410,422.0029404950157,PLANT03,1013,15
1447305207.7,2012-04-02,PORT04,V44_3,0,CRF,3,0,V55555555_32,1699842,PLANT03,PORT09,229,341.4354723060836,PLANT03,1013,12
1447399905.7,2012-04-03,PORT04,V44_3,0,CRF,3,0,V55555555_32,1699842,PLANT03,PORT09,391,492.7179807875969,PLANT03,1013,17
1447185190.7,2012-04-03,PORT04,V44_3,0,CRF,3,0,V55555555_32,1699842,PLANT03,PORT09,549,639.088910865756,PLANT03,1013,22
1447185192.7,2012-04-04,PORT04,V44_3,0,CRF,3,0,V55555555_32,1699842,PLANT03,PORT09,518,575.14,PLANT03,1013,20
1447326509.7,2012-04-04,PORT04,V44_3,0,CRF,3,0,V55555555_32,1699842,PLANT03,PORT09,450,622.48,PLANT03,1013,21
1447326508.7,2012-04-05,PORT04,V44_3,0,CRF,3,0,V55555555_32,1699842,PLANT03,PORT09,500,543.37,PLANT03,1013,19
1447254392.7,2012-04-05,PORT04,V44_3,0,CRF,3,0,V55555555_32,1699841,PLANT03,PORT09,347,483.31055573692026,PLANT03,1013,17
1447269478.7,2012-04-06,PORT04,V44_3,0,CRF,3,0,V55555555_32,1699841,PLANT03,PORT09,246,349.2956811331809,PLANT03,1013,12
1447385927.7,2012-04-06,PORT04,V44_3,0,CRF,3,0,V55555555_32,1699841,PLANT03,PORT09,336,495.6525424923394,PLANT03,1013,17
1447182376.7,2012-04-07,PORT04,V44_3,0,CRF,3,0,V55555555_32,1699841,PLANT03,PORT09,260,387.3540729544048,PLANT03,1013,13
1447196785.7,2012-04-07,PORT04,V44_3,0,CRF,3,0,V55555555_32,1699841,PLANT03,PORT09,306,309.7,PLANT03,1013,11
1447405877.7,2012-04-08,PORT04,V44_3,0,CRF,3,0,V55555555_32,1699841,PLANT03,PORT09,397,499.8386350984049,PLANT03,1013,17
1447326507.7,2012-04-09,PORT04,V44_3,0,CRF,3,0,V55555555_32,1699841,PLANT03,PORT09,602,680.0483244185979,PLANT03,1013,23
1447396857.7,2012-04-10,PORT04,V44_3,0,CRF,0,0,V5555555_12,1699283,PLANT03,PORT09,268,380.81909795010233,PLANT03,1013,13
1447280506.7,2012-04-11,PORT04,V44_3,0,CRF,0,0,V5555555_12,1699283,PLANT03,PORT09,604,742.3724397948436,PLANT03,1013,25
1447178240.7,2012-04-12,PORT04,V44_3,0,CRF,0,0,V5555555_12,1699361,PLANT03,PORT09,289,300.65,PLANT03,1013,11
1447352012.7,2012-04-12,PORT04,V44_3,0,CRF,0,0,V5555555_12,1699696,PLANT03,PORT09,697,1013.92,PLANT03,1013,34
1447264569.7,2012-04-13,PORT04,V44_3,0,CRF,0,0,V5555555_12,1699231,PLANT03,PORT09,525,540.036065907876,PLANT03,1013,19
1447264568.7,2012-04-13,PORT04,V44_3,0,CRF,0,0,V5555555_12,1699694,PLANT03,PORT09,563,601.1,PLANT03,1013,21
1447214823.7,2012-04-14,PORT04,V44_3,0,CRF,0,0,V5555555_12,1699694,PLANT03,PORT09,672,993.422512684042,PLANT03,1013,34
1447308838.7,2012-04-14,PORT04,V44_3,0,CRF,0,0,V5555555_12,1699665,PLANT03,PORT09,563,575.5534667069887,PLANT03,1013,20
1447214825.7,2012-04-15,PORT04,V44_3,0,CRF,0,0,V5555555_12,1698930,PLANT03,PORT09,362,411.89,PLANT03,1013,14
1447414290.7,2012-04-16,PORT04,V44_3,0,CRF,0,0,V5555555_12,1699792,PLANT03,PORT09,535,634.2978976155745,PLANT03,1013,22
1447286498.7,2012-04-16,PORT04,V44_3,0,CRF,0,0,V5555555_12,1699794,PLANT03,PORT09,416,577.5557958466777,PLANT03,1013,20
1447328084.7,2012-04-17,PORT04,V44_3,0,CRF,0,0,V5555555_12,1699557,PLANT03,PORT09,427,434.1765036391308,PLANT03,1013,15
1447214824.7,2012-04-18,PORT04,V44_3,0,CRF,0,0,V5555555_12,1699557,PLANT03,PORT09,562,601.13,PLANT03,1013,21
1447350347.7,2012-04-18,PORT04,V44_3,0,CRF,0,0,V5555555_12,1699670,PLANT03,PORT09,616,853.7321796639394,PLANT03,1013,29
1447371475.7,2012-04-19,PORT04,V44_3,0,CRF,0,0,V5555555_12,1699540,PLANT03,PORT09,665,908.54,PLANT03,1013,31
1447235002.7,2012-04-20,PORT04,V44_3,0,CRF,0,0,V5555555_12,1699372,PLANT03,PORT09,342,492.8451900422323,PLANT03,1013,17
1447237185.7,2012-04-20,PORT04,V44_3,0,CRF,0,0,V5555555_12,1699372,PLANT03,PORT09,353,426.9170208165895,PLANT03,1013,15
1447329263.7,2012-04-21,PORT04,V44_3,0,CRF,0,0,V5555555_12,1699539,PLANT03,PORT09,364,542.596070470499,PLANT03,1013,19
1447329262.7,2012-04-22,PORT04,V44_3,0,CRF,0,0,V5555555_12,1699539,PLANT03,PORT09,286,314.33,PLANT03,1013,11
1447330514.7,2012-04-23,PORT04,V444_0,2,DTP,0,0,V555555555555555_29,1689779,PLANT03,PORT09,570,847.02,PLANT03,1013,29
1447330516.7,2012-04-24,PORT04,V444_0,2,DTP,0,0,V555555555555555_29,1689784,PLANT03,PORT09,644,680.7388427339145,PLANT03,1013,23
1447168423.7,2012-04-25,PORT04,V444_0,2,DTP,0,0,V555555555555555_29,1689782,PLANT03,PORT09,582,655.03,PLANT03,1013,22
1447330513.7,2012-04-25,PORT04,V444_0,2,DTP,0,0,V555555555555555_29,1688621,PLANT03,PORT09,488,615.7073823753453,PLANT03,1013,21
1447365952.7,2012-04-26,PORT04,V444_0,2,DTP,0,0,V555555555555555_29,1689544,PLANT03,PORT09,227,309.0394234141629,PLANT03,1013,11
1447304503.7,2012-04-26,PORT04,V444_0,2,DTP,0,0,V555555555555555_29,1689544,PLANT03,PORT09,285,363.21,PLANT03,1013,13
1447348313.7,2012-04-27,PORT04,V444_0,2,DTP,0,0,V555555555555555_29,1689544,PLANT03,PORT09,397,565.1133675255791,PLANT03,1013,19
1447373183.7,2012-04-27,PORT04,V444_0,2,DTP,0,0,V555555555555555_29,1689544,PLANT03,PORT09,204,300.46,PLANT03,1013,11
1447365955.7,2012-04-28,PORT04,V444_0,2,DTP,0,0,V555555555555555_29,1689544,PLANT03,PORT09,529,651.2771758846606,PLANT03,1013,22
1447373182.7,2012-04-28,PORT04,V444_0,2,DTP,0,0,V555555555555555_29,1689544,PLANT03,PORT09,324,445.3839614567158,PLANT03,1013,15
1447348312.7,2012-04-29,PORT04,V444_0,2,DTP,0,0,V555555555555555_29,1689544,PLANT03,PORT09,623,657.8680412672068,PLANT03,1013,22
1447334858.7,2012-04-30,PORT04,V444_0,2,DTP,0,0,V555555555555555_29,1689544,PLANT03,PORT09,391,546.2249895499452,PLANT03,1013,19
1447388155.7,2012-05-01,PORT04,V444_0,2,DTP,0,0,V555555555555555_29,1689544,PLANT03,PORT09,590,847.28,PLANT03,1013,29
1447304502.7,2012-05-01,PORT04,V444_0,2,DTP,0,0,V555555555555555_29,1689544,PLANT03,PORT09,267,368.03,PLANT03,1013,13
1447365954.7,2012-05-02,PORT04,V444_0,2,DTP,0,0,V555555555555555_29,1689544,PLANT03,PORT09,431,620.17,PLANT03,1013,21
1447373181.7,2012-05-02,PORT04,V444_0,2,DTP,0,0,V555555555555555_29,1689544,PLANT03,PORT09,291,328.17,PLANT03,1013,11
1447348311.7,2012-05-03,PORT04,V444_0,2,DTP,0,0,V555555555555555_29,1689544,PLANT03,PORT09,257,353.47,PLANT03,1013,12
1447334857.7,2012-05-03,PORT04,V444_0,2,DTP,0,0,V555555555555555_29,1689544,PLANT03,PORT09,265,273.6396083420152,PLANT03,1013,10
1447365953.7,2012-05-04,PORT04,V444_0,2,DTP,0,0,V555555555555555_29,1689544,PLANT03,PORT09,243,308.4522684512548,PLANT03,1013,11
1447348310.7,2012-05-04,PORT04,V444_0,2,DTP,0,0,V555555555555555_29,1689544,PLANT03,PORT09,461,546.7304799548374,PLANT03,1013,19
1447373180.7,2012-05-05,PORT04,V444_0,2,DTP,0,0,V555555555555555_29,1689544,PLANT03,PORT09,377,394.6074027173432,PLANT03,1013,14
1447388154.7,2012-05-06,PORT04,V444_0,2,DTP,0,0,V555555555555555_29,1689544,PLANT03,PORT09,467,589.1974688839721,PLANT03,1013,20
1447388153.7,2012-05-07,PORT04,V444_0,2,DTP,0,0,V555555555555555_29,1689544,PLANT03,PORT09,496,639.24,PLANT03,1013,22
1447348314.7,2012-05-07,PORT04,V444_0,2,DTP,0,0,V555555555555555_29,1689544,PLANT03,PORT09,254,335.6196815243978,PLANT03,1013,12
1447365956.7,2012-05-08,PORT04,V444_0,2,DTP,0,0,V555555555555555_29,1689544,PLANT03,PORT09,303,381.8088642726105,PLANT03,1013,13
1447330515.7,2012-05-08,PORT04,V444_0,2,DTP,0,0,V555555555555555_29,1689780,PLANT03,PORT09,653,911.99983091809,PLANT03,1013,31
1447327240.7,2012-05-09,PORT04,V444_0,2,DTP,0,0,V555555555555555_29,1688589,PLANT03,PORT09,564,819.5323978439461,PLANT03,1013,28
1447339221.7,2012-05-10,PORT04,V444_0,2,DTP,0,0,V555555555555555_29,1688589,PLANT03,PORT09,685,733.1936983566998,PLANT03,1013,25
1447288499.7,2012-05-10,PORT04,V444_0,2,DTP,0,0,V555555555555555_29,1688589,PLANT03,PORT09,207,299.53,PLANT03,1013,10
1447288502.7,2012-05-11,PORT04,V444_0,2,DTP,0,0,V555555555555555_29,1688589,PLANT03,PORT09,300,366.05,PLANT03,1013,13
1447360754.7,2012-05-12,PORT04,V444_0,2,DTP,0,0,V555555555555555_29,1688589,PLANT03,PORT09,474,683.13,PLANT03,1013,23
1447282655.7,2012-05-12,PORT04,V444_0,2,DTP,0,0,V555555555555555_29,1688589,PLANT03,PORT09,501,581.08,PLANT03,1013,20
1447339224.7,2012-05-13,PORT04,V444_0,2,DTP,0,0,V555555555555555_29,1688589,PLANT03,PORT09,574,609.14,PLANT03,1013,21
1447327239.7,2012-05-14,PORT04,V444_0,2,DTP,0,0,V555555555555555_29,1688589,PLANT03,PORT09,459,687.83,PLANT03,1013,23
1447339220.7,2012-05-14,PORT04,V444_0,2,DTP,0,0,V555555555555555_29,1688589,PLANT03,PORT09,258,278.92810934593984,PLANT03,1013,10
1447360783.7,2012-05-15,PORT04,V444_0,2,DTP,0,0,V555555555555555_29,1688589,PLANT03,PORT09,330,417.02,PLANT03,1013,14
1447339219.7,2012-05-16,PORT04,V444_0,2,DTP,0,0,V555555555555555_29,1688589,PLANT03,PORT09,353,367.02,PLANT03,1013,13
1447339223.7,2012-05-16,PORT04,V444_0,2,DTP,0,0,V555555555555555_29,1688589,PLANT03,PORT09,388,453.34705736105406,PLANT03,1013,16
1447360774.7,2012-05-17,PORT04,V444_0,2,DTP,0,0,V555555555555555_29,1688589,PLANT03,PORT09,633,668.05,PLANT03,1013,23
1447327238.7,2012-05-17,PORT04,V444_0,2,DTP,0,0,V555555555555555_29,1688589,PLANT03,PORT09,576,711.7,PLANT03,1013,24
1447288501.7,2012-05-18,PORT04,V444_0,2,DTP,0,0,V555555555555555_29,1688589,PLANT03,PORT09,656,773.357831026745,PLANT03,1013,26
1447214230.7,2012-05-18,PORT04,V444_0,2,DTP,0,0,V555555555555555_29,1688589,PLANT03,PORT09,330,475.17,PLANT03,1013,16
1447288504.7,2012-05-19,PORT04,V444_0,2,DTP,0,0,V555555555555555_29,1688589,PLANT03,PORT09,476,502.88048360185934,PLANT03,1013,17
1447282652.7,2012-05-19,PORT04,V444_0,2,DTP,0,0,V555555555555555_29,1688589,PLANT03,PORT09,616,689.8812267288309,PLANT03,1013,23
1447214236.7,2012-05-20,PORT04,V444_0,2,DTP,0,0,V555555555555555_29,1688589,PLANT03,PORT09,506,619.94,PLANT03,1013,21
1447288506.7,2012-05-21,PORT04,V444_0,2,DTP,0,0,V555555555555555_29,1688589,PLANT03,PORT09,478,626.401927627345,PLANT03,1013,21
1447282656.7,2012-05-22,PORT04,V444_0,2,DTP,0,0,V555555555555555_29,1688589,PLANT03,PORT09,307,379.34,PLANT03,1013,13
1447327241.7,2012-05-23,PORT04,V444_0,2,DTP,0,0,V555555555555555_29,1688589,PLANT03,PORT09,488,518.81,PLANT03,1013,18
1447288503.7,2012-05-24,PORT04,V444_0,2,DTP,0,0,V555555555555555_29,1688589,PLANT03,PORT09,682,916.0375740699592,PLANT03,1013,31
1447339225.7,2012-05-24,PORT04,V444_0,2,DTP,0,0,V555555555555555_29,1688589,PLANT03,PORT09,622,673.98,PLANT03,1013,23
1447214237.7,2012-05-25,PORT04,V444_0,2,DTP,0,0,V555555555555555_29,1688589,PLANT03,PORT09,655,678.7997104522804,PLANT03,1013,23
1447288507.7,2012-05-26,PORT04,V444_0,2,DTP,0,0,V555555555555555_29,1688589,PLANT03,PORT09,203,290.93823119651125,PLANT03,1013,10
1447288500.7,2012-05-27,PORT04,V444_0,2,DTP,0,0,V555555555555555_29,1688589,PLANT03,PORT09,390,403.36,PLANT03,1013,14
1447214235.7,2012-05-28,PORT04,V444_0,2,DTP,0,0,V555555555555555_29,1688589,PLANT03,PORT09,501,691.19,PLANT03,1013,24
1447360749.7,2012-05-29,PORT04,V444_0,2,DTP,0,0,V555555555555555_29,1688589,PLANT03,PORT09,238,334.0801276104542,PLANT03,1013,12
1447339222.7,2012-05-30,PORT04,V444_0,2,DTP,0,0,V555555555555555_29,1688589,PLANT03,PORT09,409,542.08,PLANT03,1013,19
1447282657.7,2012-05-31,PORT04,V444_0,2,DTP,0,0,V555555555555555_29,1688589,PLANT03,PORT09,606,657.2315643178657,PLANT03,1013,22
1447360742.7,2012-06-01,PORT04,V444_0,2,DTP,0,0,V555555555555555_29,1688587,PLANT03,PORT09,237,263.867550376436,PLANT03,1013,9
1447308856.7,2012-06-01,PORT04,V444_0,2,DTP,0,0,V555555555555555_29,1688587,PLANT03,PORT09,389,462.99,PLANT03,1013,16
1447308860.7,2012-06-02,PORT04,V444_0,2,DTP,0,0,V555555555555555_29,1688587,PLANT03,PORT09,283,285.5470125857479,PLANT03,1013,10
1447308857.7,2012-06-02,PORT04,V444_0,2,DTP,0,0,V555555555555555_29,1688587,PLANT03,PORT09,469,684.2889514907008,PLANT03,1013,23
1447308855.7,2012-06-03,PORT04,V444_0,2,DTP,0,0,V555555555555555_29,1688587,PLANT03,PORT09,282,419.16,PLANT03,1013,14
1447308859.7,2012-06-03,PORT04,V444_0,2,DTP,0,0,V555555555555555_29,1688587,PLANT03,PORT09,474,664.762906111421,PLANT03,1013,23
1447308858.7,2012-06-04,PORT04,V444_0,2,DTP,0,0,V555555555555555_29,1688587,PLANT03,PORT09,405,552.1508758942405,PLANT03,1013,19
1447200757.7,2012-06-05,PORT04,V444_0,2,DTP,0,0,V555555555555555_29,1688575,PLANT03,PORT09,320,365.04,PLANT03,1013,13
1447381348.7,2012-06-06,PORT04,V444_0,2,DTP,0,0,V555555555555555_29,1688575,PLANT03,PORT09,319,431.24,PLANT03,1013,15
1447200755.7,2012-06-06,PORT04,V444_0,2,DTP,0,0,V555555555555555_29,1688575,PLANT03,PORT09,623,705.0228666391218,PLANT03,1013,24
1447381352.7,2012-06-07,PORT04,V444_0,2,DTP,0,0,V555555555555555_29,1688575,PLANT03,PORT09,575,656.6,PLANT03,1013,22
1447282659.7,2012-06-08,PORT04,V444_0,2,DTP,0,0,V555555555555555_29,1688575,PLANT03,PORT09,426,474.21,PLANT03,1013,16
1447327245.7,2012-06-09,PORT04,V444_0,2,DTP,0,0,V555555555555555_29,1688575,PLANT03,PORT09,395,407.74,PLANT03,1013,14
1447381355.7,2012-06-10,PORT04,V444_0,2,DTP,0,0,V555555555555555_29,1688575,PLANT03,PORT09,560,652.5142410852167,PLANT03,1013,22
1447327252.7,2012-06-10,PORT04,V444_0,2,DTP,0,0,V555555555555555_29,1688575,PLANT03,PORT09,319,348.56016363483,PLANT03,1013,12
1447327249.7,2012-06-11,PORT04,V444_0,2,DTP,0,0,V555555555555555_29,1688575,PLANT03,PORT09,261,364.69246537037486,PLANT03,1013,13
1447327256.7,2012-06-12,PORT04,V444_0,2,DTP,0,0,V555555555555555_29,1688575,PLANT03,PORT09,466,697.94,PLANT03,1013,24
1447282658.7,2012-06-13,PORT04,V444_0,2,DTP,0,0,V555555555555555_29,1688575,PLANT03,PORT09,348,359.07,PLANT03,1013,12
1447381347.7,2012-06-14,PORT04,V444_0,2,DTP,0,0,V555555555555555_29,1688575,PLANT03,PORT09,371,392.3200709545497,PLANT03,1013,14
1447200754.7,2012-06-15,PORT04,V444_0,2,DTP,0,0,V555555555555555_29,1688575,PLANT03,PORT09,592,790.08,PLANT03,1013,27
1447327244.7,2012-06-16,PORT04,V444_0,2,DTP,0,0,V555555555555555_29,1688575,PLANT03,PORT09,679,873.12,PLANT03,1013,30
1447327257.7,2012-06-16,PORT04,V444_0,2,DTP,0,0,V555555555555555_29,1688575,PLANT03,PORT09,630,655.9,PLANT03,1013,22
1447381351.7,2012-06-17,PORT04,V444_0,2,DTP,0,0,V555555555555555_29,1688575,PLANT03,PORT09,246,262.91542430249285,PLANT03,1013,9
1447327255.7,2012-06-17,PORT04,V444_0,2,DTP,0,0,V555555555555555_29,1688575,PLANT03,PORT09,507,619.4,PLANT03,1013,21
1447308847.7,2012-06-18,PORT04,V444_0,2,DTP,0,0,V555555555555555_29,1688575,PLANT03,PORT09,237,307.12,PLANT03,1013,11
1447327248.7,2012-06-19,PORT04,V444_0,2,DTP,0,0,V555555555555555_29,1688575,PLANT03,PORT09,510,640.6527632741766,PLANT03,1013,22
1447327254.7,2012-06-19,PORT04,V444_0,2,DTP,0,0,V555555555555555_29,1688575,PLANT03,PORT09,605,842.99,PLANT03,1013,29
1447308850.7,2012-06-20,PORT04,V444_0,2,DTP,0,0,V555555555555555_29,1688575,PLANT03,PORT09,393,446.36326227357927,PLANT03,1013,15
1447381346.7,2012-06-20,PORT04,V444_0,2,DTP,0,0,V555555555555555_29,1688575,PLANT03,PORT09,560,701.75,PLANT03,1013,24
1447381354.7,2012-06-21,PORT04,V444_0,2,DTP,0,0,V555555555555555_29,1688575,PLANT03,PORT09,413,465.5318614438414,PLANT03,1013,16
1447327243.7,2012-06-21,PORT04,V444_0,2,DTP,0,0,V555555555555555_29,1688575,PLANT03,PORT09,467,608.05,PLANT03,1013,21
1447381350.7,2012-06-22,PORT04,V444_0,2,DTP,0,0,V555555555555555_29,1688575,PLANT03,PORT09,579,714.9612937700653,PLANT03,1013,24
1447327251.7,2012-06-23,PORT04,V444_0,2,DTP,0,0,V555555555555555_29,1688575,PLANT03,PORT09,440,576.954333060544,PLANT03,1013,20
1447327247.7,2012-06-24,PORT04,V444_0,2,DTP,0,0,V555555555555555_29,1688575,PLANT03,PORT09,436,539.39,PLANT03,1013,18
1447381353.7,2012-06-24,PORT04,V444_0,2,DTP,0,0,V555555555555555_29,1688575,PLANT03,PORT09,388,389.06812503712166,PLANT03,1013,13
1447308849.7,2012-06-25,PORT04,V444_0,2,DTP,0,0,V555555555555555_29,1688575,PLANT03,PORT09,335,341.1508282188876,PLANT03,1013,12
1447327242.7,2012-06-25,PORT04,V444_0,2,DTP,0,0,V555555555555555_29,1688575,PLANT03,PORT09,289,355.8821074997904,PLANT03,1013,12
1447200756.7,2012-06-26,PORT04,V444_0,2,DTP,0,0,V555555555555555_29,1688575,PLANT03,PORT09,517,619.5719849718128,PLANT03,1013,21
1447381349.7,2012-06-26,PORT04,V444_0,2,DTP,0,0,V555555555555555_29,1688575,PLANT03,PORT09,432,517.7552489072334,PLANT03,1013,18
1447327253.7,2012-06-27,PORT04,V444_0,2,DTP,0,0,V555555555555555_29,1688575,PLANT03,PORT09,216,228.29454649547296,PLANT03,1013,8
1447327246.7,2012-06-28,PORT04,V444_0,2,DTP,0,0,V555555555555555_29,1688575,PLANT03,PORT09,382,548.9765022148686,PLANT03,1013,19
1447327250.7,2012-06-29,PORT04,V444_0,2,DTP,0,0,V555555555555555_29,1688575,PLANT03,PORT09,693,1037.011034713178,PLANT03,1013,35
1447282653.7,2012-06-30,PORT04,V444_0,2,DTP,0,0,V555555555555555_29,1688575,PLANT03,PORT09,244,292.13828122291284,PLANT03,1013,10
1447308848.7,2012-06-30,PORT04,V444_0,2,DTP,0,0,V555555555555555_29,1688575,PLANT03,PORT09,531,765.24,PLANT03,1013,26
1447356164.7,2012-07-01,PORT04,V444_0,2,DTP,0,0,V555555555555555_29,1688629,PLANT03,PORT09,467,624.5209336559365,PLANT03,1013,21
1447288498.7,2012-07-02,PORT04,V444_0,2,DTP,0,0,V555555555555555_29,1688629,PLANT03,PORT09,302,446.06,PLANT03,1013,15
1447282651.7,2012-07-02,PORT04,V444_0,2,DTP,0,0,V555555555555555_29,1688629,PLANT03,PORT09,352,464.0066411522796,PLANT03,1013,16
1447295791.7,2012-07-03,PORT04,V444_0,2,DTP,0,0,V555555555555555_29,1688629,PLANT03,PORT09,630,648.75,PLANT03,1013,22
1447214229.7,2012-07-04,PORT04,V444_0,2,DTP,0,0,V555555555555555_29,1688629,PLANT03,PORT09,345,364.7491175663686,PLANT03,1013,13
1447327237.7,2012-07-04,PORT04,V444_0,2,DTP,0,0,V555555555555555_29,1688629,PLANT03,PORT09,326,434.0143156286749,PLANT03,1013,15
1447236172.7,2012-07-05,PORT04,V444_0,2,DTP,0,0,V555555555555555_29,1688571,PLANT03,PORT09,611,778.9,PLANT03,1013,26
1447236168.7,2012-07-06,PORT04,V444_0,2,DTP,0,0,V555555555555555_29,1688571,PLANT03,PORT09,577,669.63,PLANT03,1013,23
1447282664.7,2012-07-06,PORT04,V444_0,2,DTP,0,0,V555555555555555_29,1688571,PLANT03,PORT09,457,609.77,PLANT03,1013,21
1447327259.7,2012-07-07,PORT04,V444_0,2,DTP,0,0,V555555555555555_29,1688571,PLANT03,PORT09,506,656.1961801757602,PLANT03,1013,22
1447236166.7,2012-07-07,PORT04,V444_0,2,DTP,0,0,V555555555555555_29,1688571,PLANT03,PORT09,409,437.3991862480877,PLANT03,1013,15
1447334885.7,2012-07-08,PORT04,V444_0,2,DTP,0,0,V555555555555555_29,1688571,PLANT03,PORT09,227,246.5,PLANT03,1013,9
1447214231.7,2012-07-09,PORT04,V444_0,2,DTP,0,0,V555555555555555_29,1688571,PLANT03,PORT09,201,254.26,PLANT03,1013,9
1447334861.7,2012-07-10,PORT04,V444_0,2,DTP,0,0,V555555555555555_29,1688571,PLANT03,PORT09,495,697.95,PLANT03,1013,24
1447334860.7,2012-07-10,PORT04,V444_0,2,DTP,0,0,V555555555555555_29,1688571,PLANT03,PORT09,467,535.8920052372455,PLANT03,1013,18
1447308852.7,2012-07-11,PORT04,V444_0,2,DTP,0,0,V555555555555555_29,1688571,PLANT03,PORT09,662,676.4776329342616,PLANT03,1013,23
1447214241.7,2012-07-12,PORT04,V444_0,2,DTP,0,0,V555555555555555_29,1688571,PLANT03,PORT09,326,381.94,PLANT03,1013,13
1447236174.7,2012-07-13,PORT04,V444_0,2,DTP,0,0,V555555555555555_29,1688571,PLANT03,PORT09,493,701.44,PLANT03,1013,24
1447236167.7,2012-07-14,PORT04,V444_0,2,DTP,0,0,V555555555555555_29,1688571,PLANT03,PORT09,619,827.2831696310769,PLANT03,1013,28
1447334864.7,2012-07-14,PORT04,V444_0,2,DTP,0,0,V555555555555555_29,1688571,PLANT03,PORT09,636,910.03,PLANT03,1013,31
1447236171.7,2012-07-15,PORT04,V444_0,2,DTP,0,0,V555555555555555_29,1688571,PLANT03,PORT09,553,659.242254967986,PLANT03,1013,22
1447236165.7,2012-07-15,PORT04,V444_0,2,DTP,0,0,V555555555555555_29,1688571,PLANT03,PORT09,371,541.035836248544,PLANT03,1013,19
1447327258.7,2012-07-16,PORT04,V444_0,2,DTP,0,0,V555555555555555_29,1688571,PLANT03,PORT09,274,353.7612282833936,PLANT03,1013,12
1447288535.7,2012-07-16,PORT04,V444_0,2,DTP,0,0,V555555555555555_29,1688571,PLANT03,PORT09,512,519.0195993530003,PLANT03,1013,18
1447214238.7,2012-07-17,PORT04,V444_0,2,DTP,0,0,V555555555555555_29,1688571,PLANT03,PORT09,366,459.6376937444167,PLANT03,1013,16
1447282663.7,2012-07-17,PORT04,V444_0,2,DTP,0,0,V555555555555555_29,1688571,PLANT03,PORT09,206,220.69,PLANT03,1013,8
1447288577.7,2012-07-18,PORT04,V444_0,2,DTP,0,0,V555555555555555_29,1688571,PLANT03,PORT09,246,264.9985489084688,PLANT03,1013,9
1447327261.7,2012-07-19,PORT04,V444_0,2,DTP,0,0,V555555555555555_29,1688571,PLANT03,PORT09,601,792.3891463951504,PLANT03,1013,27
1447334877.7,2012-07-19,PORT04,V444_0,2,DTP,0,0,V555555555555555_29,1688571,PLANT03,PORT09,678,946.39,PLANT03,1013,32
1447236170.7,2012-07-20,PORT04,V444_0,2,DTP,0,0,V555555555555555_29,1688571,PLANT03,PORT09,493,701.82,PLANT03,1013,24
1447308851.7,2012-07-21,PORT04,V444_0,2,DTP,0,0,V555555555555555_29,1688571,PLANT03,PORT09,315,406.38,PLANT03,1013,14
1447214239.7,2012-07-21,PORT04,V444_0,2,DTP,0,0,V555555555555555_29,1688571,PLANT03,PORT09,230,309.15153711472726,PLANT03,1013,11
1447334863.7,2012-07-22,PORT04,V444_0,2,DTP,0,0,V555555555555555_29,1688571,PLANT03,PORT09,613,621.44,PLANT03,1013,21
1447288534.7,2012-07-23,PORT04,V444_0,2,DTP,0,0,V555555555555555_29,1688571,PLANT03,PORT09,244,290.8732189842676,PLANT03,1013,10
1447334879.7,2012-07-24,PORT04,V444_0,2,DTP,0,0,V555555555555555_29,1688571,PLANT03,PORT09,562,671.0242795450704,PLANT03,1013,23
1447308854.7,2012-07-24,PORT04,V444_0,2,DTP,0,0,V555555555555555_29,1688571,PLANT03,PORT09,505,584.084580920219,PLANT03,1013,20
1447282662.7,2012-07-25,PORT04,V444_0,2,DTP,0,0,V555555555555555_29,1688571,PLANT03,PORT09,229,243.89,PLANT03,1013,9
1447334867.7,2012-07-26,PORT04,V444_0,2,DTP,0,0,V555555555555555_29,1688571,PLANT03,PORT09,369,438.1512582557414,PLANT03,1013,15
1447334866.7,2012-07-27,PORT04,V444_0,2,DTP,0,0,V555555555555555_29,1688571,PLANT03,PORT09,395,591.48,PLANT03,1013,20
1447334886.7,2012-07-27,PORT04,V444_0,2,DTP,0,0,V555555555555555_29,1688571,PLANT03,PORT09,484,553.79,PLANT03,1013,19
1447236169.7,2012-07-28,PORT04,V444_0,2,DTP,0,0,V555555555555555_29,1688571,PLANT03,PORT09,600,715.6535714210768,PLANT03,1013,24
1447282654.7,2012-07-28,PORT04,V444_0,2,DTP,0,0,V555555555555555_29,1688571,PLANT03,PORT09,267,397.8445504872379,PLANT03,1013,14
1447334862.7,2012-07-29,PORT04,V444_0,2,DTP,0,0,V555555555555555_29,1688571,PLANT03,PORT09,361,391.384820543403,PLANT03,1013,14
1447327260.7,2012-07-30,PORT04,V444_0,2,DTP,0,0,V555555555555555_29,1688571,PLANT03,PORT09,634,746.91,PLANT03,1013,25
1447282661.7,2012-07-31,PORT04,V444_0,2,DTP,0,0,V555555555555555_29,1688571,PLANT03,PORT09,250,272.15,PLANT03,1013,10
1447334865.7,2012-08-01,PORT04,V444_0,2,DTP,0,0,V555555555555555_29,1688571,PLANT03,PORT09,691,772.21,PLANT03,1013,26
1447288536.7,2012-08-02,PORT04,V444_0,2,DTP,0,0,V555555555555555_29,1688571,PLANT03,PORT09,698,755.67,PLANT03,1013,26
1447236173.7,2012-08-02,PORT04,V444_0,2,DTP,0,0,V555555555555555_29,1688571,PLANT03,PORT09,324,395.94,PLANT03,1013,14
1447282660.7,2012-08-03,PORT04,V444_0,2,DTP,0,0,V555555555555555_29,1688571,PLANT03,PORT09,683,820.21,PLANT03,1013,28
1447308853.7,2012-08-04,PORT04,V444_0,2,DTP,0,0,V555555555555555_29,1688571,PLANT03,PORT09,537,704.38,PLANT03,1013,24
1447330517.7,2012-08-04,PORT04,V444_0,2,DTP,0,0,V555555555555555_29,1689785,PLANT03,PORT09,449,552.59,PLANT03,1013,19
1447187806.7,2012-08-05,PORT04,V444_0,2,DTP,0,0,V555555555555555_29,1689548,PLANT03,PORT09,483,688.89,PLANT03,1013,23
1447187805.7,2012-08-05,PORT04,V444_0,2,DTP,0,0,V555555555555555_29,1689548,PLANT03,PORT09,573,638.25,PLANT03,1013,22
1447214227.7,2012-08-06,PORT04,V444_0,2,DTP,0,0,V555555555555555_29,1689548,PLANT03,PORT09,553,752.67,PLANT03,1013,26
1447282649.7,2012-08-07,PORT04,V444_0,2,DTP,0,0,V555555555555555_29,1689548,PLANT03,PORT09,445,474.07,PLANT03,1013,16
1447288532.7,2012-08-07,PORT04,V444_0,2,DTP,0,0,V555555555555555_29,1689548,PLANT03,PORT09,675,694.49,PLANT03,1013,24
1447339218.7,2012-08-08,PORT04,V444_0,2,DTP,0,0,V555555555555555_29,1689547,PLANT03,PORT09,245,249.22,PLANT03,1013,9
1447214228.7,2012-08-09,PORT04,V444_0,2,DTP,0,0,V555555555555555_29,1689547,PLANT03,PORT09,346,434.7321179934652,PLANT03,1013,15
1447282650.7,2012-08-10,PORT04,V444_0,2,DTP,0,0,V555555555555555_29,1689547,PLANT03,PORT09,551,686.5270180791284,PLANT03,1013,23
1447356163.7,2012-08-10,PORT04,V444_0,2,DTP,0,0,V555555555555555_29,1689547,PLANT03,PORT09,427,488.0147891047733,PLANT03,1013,17
1447388152.7,2012-08-11,PORT04,V444_0,2,DTP,0,0,V555555555555555_29,1689547,PLANT03,PORT09,606,723.12,PLANT03,1013,25
1447301481.7,2012-08-11,PORT04,V444_0,2,DTP,0,0,V555555555555555_29,1689547,PLANT03,PORT09,448,529.15,PLANT03,1013,18
1447327236.7,2012-08-12,PORT04,V444_0,2,DTP,0,0,V555555555555555_29,1689547,PLANT03,PORT09,661,811.7011506386591,PLANT03,1013,28
1447288533.7,2012-08-13,PORT04,V444_0,2,DTP,0,0,V555555555555555_29,1689547,PLANT03,PORT09,438,563.6,PLANT03,1013,19
1447194702.7,2012-08-14,PORT04,V444_0,2,DTP,0,0,V555555555555555_29,1689547,PLANT03,PORT09,528,543.7004941809621,PLANT03,1013,19
1447282665.7,2012-08-14,PORT04,V444_0,2,DTP,0,0,V555555555555555_29,1691548,PLANT03,PORT09,536,762.99,PLANT03,1013,26
1447388156.7,2012-08-15,PORT04,V444_0,2,DTP,0,0,V555555555555555_29,1690621,PLANT03,PORT09,262,377.73388395117394,PLANT03,1013,13
1447282666.7,2012-08-16,PORT04,V444_0,2,DTP,0,0,V555555555555555_29,1690621,PLANT03,PORT09,630,827.38,PLANT03,1013,28
1447219838.7,2012-08-17,PORT04,V444_0,2,DTP,0,0,V555555555555555_29,1672721,PLANT03,PORT09,313,387.63,PLANT03,1013,13
1447327264.7,2012-08-17,PORT04,V444_0,2,DTP,0,0,V555555555555555_29,1682853,PLANT03,PORT09,370,531.33,PLANT03,1013,18
1447167622.7,2012-08-18,PORT04,V444_0,2,DTP,0,0,V555555555555555_29,1682853,PLANT03,PORT09,325,429.73,PLANT03,1013,15
1447327263.7,2012-08-18,PORT04,V444_0,2,DTP,0,0,V555555555555555_29,1682853,PLANT03,PORT09,368,419.29181652427775,PLANT03,1013,14
1447327262.7,2012-08-19,PORT04,V444_0,2,DTP,0,0,V555555555555555_29,1682853,PLANT03,PORT09,421,422.87,PLANT03,1013,15
1447167623.7,2012-08-20,PORT04,V444_0,2,DTP,0,0,V555555555555555_29,1682853,PLANT03,PORT09,481,680.2468665175127,PLANT03,1013,23
1447327265.7,2012-08-20,PORT04,V444_0,2,DTP,0,0,V555555555555555_29,1682853,PLANT03,PORT09,334,341.3750433416978,PLANT03,1013,12
1447339226.7,2012-08-21,PORT04,V444_0,2,DTP,0,0,V555555555555555_29,1682769,PLANT03,PORT09,200,206.90295408878492,PLANT03,1013,7
1447339228.7,2012-08-22,PORT04,V444_0,2,DTP,0,0,V555555555555555_29,1682769,PLANT03,PORT09,588,829.65,PLANT03,1013,28
1447339227.7,2012-08-22,PORT04,V444_0,2,DTP,0,0,V555555555555555_29,1682769,PLANT03,PORT09,456,648.87,PLANT03,1013,22
1447339230.7,2012-08-23,PORT04,V444_0,2,DTP,0,0,V555555555555555_29,1682769,PLANT03,PORT09,222,276.1266868730604,PLANT03,1013,10
1447214232.7,2012-08-23,PORT04,V444_0,2,DTP,0,0,V555555555555555_29,1682769,PLANT03,PORT09,583,783.3789551457133,PLANT03,1013,27
1447214240.7,2012-08-24,PORT04,V444_0,2,DTP,0,0,V555555555555555_29,1682769,PLANT03,PORT09,554,706.11,PLANT03,1013,24
1447339229.7,2012-08-25,PORT04,V444_0,2,DTP,0,0,V555555555555555_29,1682769,PLANT03,PORT09,372,501.7826673496579,PLANT03,1013,17
1447388151.7,2012-08-26,PORT04,V444_0,2,DTP,0,0,V555555555555555_29,1682805,PLANT03,PORT09,322,461.9,PLANT03,1013,16
1447282648.7,2012-08-27,PORT04,V444_0,2,DTP,0,0,V555555555555555_29,1682805,PLANT03,PORT09,574,815.6753635333923,PLANT03,1013,28
1447308839.7,2012-08-28,PORT04,V444_0,2,DTP,0,0,V555555555555555_29,1682760,PLANT03,PORT09,387,415.1,PLANT03,1013,14
1447327235.7,2012-08-28,PORT04,V444_0,2,DTP,0,0,V555555555555555_29,1682760,PLANT03,PORT09,383,439.5481296101812,PLANT03,1013,15
1447214234.7,2012-08-29,PORT04,V444_0,2,DTP,0,0,V555555555555555_29,1682760,PLANT03,PORT09,650,911.13,PLANT03,1013,31
1447308842.7,2012-08-30,PORT04,V444_0,2,DTP,0,0,V555555555555555_29,1682760,PLANT03,PORT09,254,369.0760972708271,PLANT03,1013,13
1447214226.7,2012-08-30,PORT04,V444_0,2,DTP,0,0,V555555555555555_29,1682760,PLANT03,PORT09,252,358.12,PLANT03,1013,12
1447327234.7,2012-08-31,PORT04,V444_0,2,DTP,0,0,V555555555555555_29,1682760,PLANT03,PORT09,636,646.7067986720115,PLANT03,1013,22
1447308841.7,2012-08-31,PORT04,V444_0,2,DTP,0,0,V555555555555555_29,1682760,PLANT03,PORT09,474,627.5327346997552,PLANT03,1013,21
1447214233.7,2012-09-01,PORT04,V444_0,2,DTP,0,0,V555555555555555_29,1682760,PLANT03,PORT09,382,478.08903459894873,PLANT03,1013,16
1447327233.7,2012-09-02,PORT04,V444_0,2,DTP,0,0,V555555555555555_29,1682760,PLANT03,PORT09,683,896.3636891425809,PLANT03,1013,30
1447308840.7,2012-09-02,PORT04,V444_0,2,DTP,0,0,V555555555555555_29,1682760,PLANT03,PORT09,359,453.4669836307074,PLANT03,1013,16
1447308844.7,2012-09-03,PORT04,V444_0,2,DTP,0,0,V555555555555555_29,1682757,PLANT03,PORT09,699,804.9663237816357,PLANT03,1013,27
1447288523.7,2012-09-03,PORT04,V444_0,2,DTP,0,0,V555555555555555_29,1682757,PLANT03,PORT09,229,288.559452669581,PLANT03,1013,10
1447308843.7,2012-09-04,PORT04,V444_0,2,DTP,0,0,V555555555555555_29,1682757,PLANT03,PORT09,463,525.8312715734144,PLANT03,1013,18
1447288510.7,2012-09-05,PORT04,V444_0,2,DTP,0,0,V555555555555555_29,1682757,PLANT03,PORT09,489,521.72,PLANT03,1013,18
1447308846.7,2012-09-05,PORT04,V444_0,2,DTP,0,0,V555555555555555_29,1682757,PLANT03,PORT09,274,311.2019454953402,PLANT03,1013,11
1447288515.7,2012-09-06,PORT04,V444_0,2,DTP,0,0,V555555555555555_29,1682757,PLANT03,PORT09,678,742.08,PLANT03,1013,25
1447308845.7,2012-09-07,PORT04,V444_0,2,DTP,0,0,V555555555555555_29,1682757,PLANT03,PORT09,295,382.54,PLANT03,1013,13
1447168421.7,2012-09-07,PORT04,V444_0,2,DTP,0,0,V555555555555555_29,1682814,PLANT03,PORT09,287,407.4450736530864,PLANT03,1013,14
1447356161.7,2012-09-08,PORT04,V444_0,2,DTP,0,0,V555555555555555_29,1682802,PLANT03,PORT09,627,859.2734216036744,PLANT03,1013,29
1447187803.7,2012-09-09,PORT04,V444_0,2,DTP,0,0,V555555555555555_29,1682802,PLANT03,PORT09,320,377.63742700806847,PLANT03,1013,13
1447295790.7,2012-09-10,PORT04,V444_0,2,DTP,0,0,V555555555555555_29,1682802,PLANT03,PORT09,361,417.56,PLANT03,1013,14
1447339216.7,2012-09-11,PORT04,V444_0,2,DTP,0,0,V555555555555555_29,1682802,PLANT03,PORT09,506,615.76,PLANT03,1013,21
1447187802.7,2012-09-12,PORT04,V444_0,2,DTP,0,0,V555555555555555_29,1682802,PLANT03,PORT09,255,377.9199981024888,PLANT03,1013,13
1447339217.7,2012-09-12,PORT04,V444_0,2,DTP,0,0,V555555555555555_29,1682802,PLANT03,PORT09,385,393.14,PLANT03,1013,14
1447295789.7,2012-09-13,PORT04,V444_0,2,DTP,0,0,V555555555555555_29,1682802,PLANT03,PORT09,674,958.51,PLANT03,1013,32
1447295788.7,2012-09-13,PORT04,V444_0,2,DTP,0,0,V555555555555555_29,1682802,PLANT03,PORT09,374,405.22,PLANT03,1013,14
1447187801.7,2012-09-14,PORT04,V444_0,2,DTP,0,0,V555555555555555_29,1682802,PLANT03,PORT09,300,444.91,PLANT03,1013,15
1447356162.7,2012-09-15,PORT04,V444_0,2,DTP,0,0,V555555555555555_29,1682802,PLANT03,PORT09,651,879.6769332495796,PLANT03,1013,30
1447187798.7,2012-09-16,PORT04,V444_0,2,DTP,0,0,V555555555555555_29,1682802,PLANT03,PORT09,539,749.7,PLANT03,1013,25
1447295787.7,2012-09-17,PORT04,V444_0,2,DTP,0,0,V555555555555555_29,1682802,PLANT03,PORT09,600,708.02,PLANT03,1013,24
1447187800.7,2012-09-17,PORT04,V444_0,2,DTP,0,0,V555555555555555_29,1682802,PLANT03,PORT09,227,325.2705887527373,PLANT03,1013,11
1447356193.7,2012-09-18,PORT04,V444_0,2,DTP,0,0,V555555555555555_29,1699993,PLANT03,PORT09,345,454.44,PLANT03,1013,16
1447208341.7,2012-09-18,PORT04,V444_0,2,DTP,0,0,V555555555555555_29,1699951,PLANT03,PORT09,560,574.66,PLANT03,1013,20
1447200253.7,2012-09-19,PORT04,V444_0,2,DTP,0,0,V555555555555555_29,1699952,PLANT03,PORT09,428,603.95,PLANT03,1013,21
1447211350.7,2012-09-19,PORT04,V444_0,2,DTP,0,0,V555555555555555_29,1699952,PLANT03,PORT09,215,254.9,PLANT03,1013,9
1447191372.7,2012-09-20,PORT04,V444_0,2,DTP,0,0,V555555555555555_29,1699952,PLANT03,PORT09,639,845.94,PLANT03,1013,29
1447208339.7,2012-09-20,PORT04,V444_0,2,DTP,0,0,V555555555555555_29,1699948,PLANT03,PORT09,542,706.7008251304878,PLANT03,1013,24
1447208340.7,2012-09-21,PORT04,V444_0,2,DTP,0,0,V555555555555555_29,1699950,PLANT03,PORT09,463,613.85,PLANT03,1013,21
1447164799.7,2012-09-21,PORT04,V444_0,2,DTP,0,0,V5555555_30,1658528,PLANT03,PORT09,227,337.6161705865599,PLANT03,1013,12
1447262026.7,2012-09-22,PORT04,V444_0,2,DTP,0,0,V5555555_30,1658528,PLANT03,PORT09,687,847.81,PLANT03,1013,29
1447336146.7,2012-09-22,PORT04,V444_0,2,DTP,0,0,V5555555_30,1658528,PLANT03,PORT09,220,251.6150556112138,PLANT03,1013,9
1447336185.7,2012-09-23,PORT04,V444_0,2,DTP,0,0,V5555555_30,1658528,PLANT03,PORT09,248,261.83,PLANT03,1013,9
1447399701.7,2012-09-24,PORT04,V444_0,2,DTP,0,0,V5555555_30,1658528,PLANT03,PORT09,502,711.7055366612908,PLANT03,1013,24
1447336148.7,2012-09-24,PORT04,V444_0,2,DTP,0,0,V5555555_30,1658528,PLANT03,PORT09,364,529.81,PLANT03,1013,18
1447399705.7,2012-09-25,PORT04,V444_0,2,DTP,0,0,V5555555_30,1658528,PLANT03,PORT09,555,818.3047527431386,PLANT03,1013,28
1447167522.7,2012-09-26,PORT04,V444_0,2,DTP,0,0,V5555555_30,1658528,PLANT03,PORT09,310,361.19,PLANT03,1013,13
1447343636.7,2012-09-27,PORT04,V444_0,2,DTP,0,0,V5555555_30,1658528,PLANT03,PORT09,223,303.82,PLANT03,1013,11
1447261852.7,2012-09-27,PORT04,V444_0,2,DTP,0,0,V5555555_30,1658528,PLANT03,PORT09,577,726.74,PLANT03,1013,25
1447383113.7,2012-09-28,PORT04,V444_0,2,DTP,0,0,V5555555_30,1699425,PLANT03,PORT09,318,441.06,PLANT03,1013,15
1447257481.7,2012-09-28,PORT04,V444_0,2,DTP,0,0,V5555555_30,1699425,PLANT03,PORT09,303,322.93,PLANT03,1013,11
1447156744.7,2012-09-29,PORT04,V444_0,2,DTP,0,0,V5555555_30,1675615,PLANT03,PORT09,380,394.5131395483766,PLANT03,1013,14
1447230393.7,2012-09-29,PORT04,V444_0,2,DTP,0,0,V5555555_30,1675655,PLANT03,PORT09,432,457.9647614900445,PLANT03,1013,16
1447370723.7,2012-09-30,PORT04,V444_0,2,DTP,0,0,V5555555_30,1655818,PLANT03,PORT09,423,485.03,PLANT03,1013,17
1447156709.7,2012-09-30,PORT04,V444_0,2,DTP,0,0,V5555555_30,1655818,PLANT03,PORT09,641,712.56,PLANT03,1013,24
1447300225.7,2012-10-01,PORT04,V444_0,2,DTP,0,0,V5555555_30,1655818,PLANT03,PORT09,215,276.07,PLANT03,1013,10
1447164385.7,2012-10-01,PORT04,V444_0,2,DTP,0,0,V5555555_30,1700094,PLANT03,PORT09,660,981.48,PLANT03,1013,33
1447373222.7,2012-10-02,PORT04,V444_0,2,DTP,0,0,V5555555_30,1700097,PLANT03,PORT09,359,520.29,PLANT03,1013,18
1447165553.7,2012-10-03,PORT04,V444_0,2,DTP,0,0,V5555555_30,1651302,PLANT03,PORT09,655,722.8235857028271,PLANT03,1013,25
1447219465.7,2012-10-04,PORT04,V444_0,2,DTP,0,0,V5555555_30,1651302,PLANT03,PORT09,394,533.9,PLANT03,1013,18
1447179682.7,2012-10-04,PORT04,V444_0,2,DTP,0,0,V5555555_30,1688589,PLANT03,PORT09,425,527.87,PLANT03,1013,18
1447241525.7,2012-10-05,PORT04,V444_0,2,DTP,0,0,V5555555_30,1629341,PLANT03,PORT09,627,645.13,PLANT03,1013,22
1447230391.7,2012-10-06,PORT04,V444_0,2,DTP,0,0,V5555555_30,1656246,PLANT03,PORT09,318,442.85,PLANT03,1013,15
1447399726.7,2012-10-07,PORT04,V444_0,2,DTP,0,0,V5555555_30,1656246,PLANT03,PORT09,530,785.1336128170996,PLANT03,1013,27
1447192326.7,2012-10-07,PORT04,V444_0,2,DTP,0,0,V5555555_30,1672706,PLANT03,PORT09,432,476.28,PLANT03,1013,16
1447382562.7,2012-10-08,PORT04,V444_0,2,DTP,0,0,V5555555_30,1672706,PLANT03,PORT09,561,812.35,PLANT03,1013,28
1447313155.7,2012-10-09,PORT04,V444_0,2,DTP,0,0,V5555555_30,1672706,PLANT03,PORT09,500,569.06,PLANT03,1013,19
1447156764.7,2012-10-10,PORT04,V444_0,2,DTP,0,0,V5555555_30,1672706,PLANT03,PORT09,559,812.3446594140851,PLANT03,1013,28
1447323746.7,2012-10-10,PORT04,V444_0,2,DTP,0,0,V5555555_30,1674120,PLANT03,PORT09,658,743.508738170892,PLANT03,1013,25
1447317935.7,2012-10-11,PORT04,V444_0,2,DTP,0,0,V5555555_30,1674120,PLANT03,PORT09,301,344.72092810354883,PLANT03,1013,12
1447302709.7,2012-10-11,PORT04,V444_0,2,DTP,0,0,V5555555_30,1674120,PLANT03,PORT09,246,253.46,PLANT03,1013,9
1447346429.7,2012-10-12,PORT04,V444_0,2,DTP,0,0,V5555555_30,1674120,PLANT03,PORT09,440,644.7334970662381,PLANT03,1013,22
1447367896.7,2012-10-12,PORT04,V444_0,2,DTP,0,0,V5555555_30,1674120,PLANT03,PORT09,560,685.3485591149172,PLANT03,1013,23
1447133242.7,2012-10-13,PORT04,V444_0,2,DTP,0,0,V5555555_30,1674120,PLANT03,PORT09,621,785.459344285115,PLANT03,1013,27
1447409771.7,2012-10-13,PORT04,V444_0,2,DTP,0,0,V5555555_30,1674120,PLANT03,PORT09,260,383.38,PLANT03,1013,13
1447266853.7,2012-10-14,PORT04,V444_0,2,DTP,0,0,V5555555_30,1674120,PLANT03,PORT09,493,721.91,PLANT03,1013,25
1447144366.7,2012-10-14,PORT04,V444_0,2,DTP,0,0,V5555555_30,1674120,PLANT03,PORT09,277,352.70093417147285,PLANT03,1013,12
1447283685.7,2012-10-15,PORT04,V444_0,2,DTP,0,0,V5555555_30,1674120,PLANT03,PORT09,202,218.74072776183576,PLANT03,1013,8
1447257475.7,2012-10-15,PORT04,V444_0,2,DTP,0,0,V5555555_30,1674120,PLANT03,PORT09,627,908.42,PLANT03,1013,31
1447206320.7,2012-10-16,PORT04,V444_0,2,DTP,0,0,V5555555_30,1674120,PLANT03,PORT09,439,657.4,PLANT03,1013,22
1447227085.7,2012-10-17,PORT04,V444_0,2,DTP,0,0,V5555555_30,1674120,PLANT03,PORT09,355,471.9926931933409,PLANT03,1013,16
1447165380.7,2012-10-18,PORT04,V444_0,2,DTP,0,0,V5555555_30,1674120,PLANT03,PORT09,554,692.0113721382986,PLANT03,1013,24
1447156542.7,2012-10-18,PORT04,V444_0,2,DTP,0,0,V5555555_30,1674120,PLANT03,PORT09,386,575.36,PLANT03,1013,20
1447185731.7,2012-10-19,PORT04,V444_0,2,DTP,0,0,V5555555_30,1674120,PLANT03,PORT09,556,677.48,PLANT03,1013,23
1447267051.7,2012-10-20,PORT04,V444_0,2,DTP,0,0,V5555555_30,1660579,PLANT03,PORT09,557,730.32,PLANT03,1013,25
1447361746.7,2012-10-21,PORT04,V444_0,2,DTP,0,0,V5555555_30,1660579,PLANT03,PORT09,307,428.66,PLANT03,1013,15
1447293732.7,2012-10-21,PORT04,V444_0,2,DTP,0,0,V5555555_30,1660579,PLANT03,PORT09,553,746.0830349734239,PLANT03,1013,25
1447212592.7,2012-10-22,PORT04,V444_0,2,DTP,0,0,V5555555_30,1660579,PLANT03,PORT09,649,962.8085951227484,PLANT03,1013,33
1447156707.7,2012-10-22,PORT04,V444_0,2,DTP,0,0,V5555555_30,1660579,PLANT03,PORT09,561,694.77,PLANT03,1013,24
1447227163.7,2012-10-23,PORT04,V444_0,2,DTP,0,0,V5555555_30,1660579,PLANT03,PORT09,293,386.85,PLANT03,1013,13
1447288659.7,2012-10-24,PORT04,V444_0,2,DTP,0,0,V5555555_30,1660579,PLANT03,PORT09,283,362.96,PLANT03,1013,13
1447293783.7,2012-10-25,PORT04,V444_0,2,DTP,0,0,V5555555_30,1660579,PLANT03,PORT09,243,244.4705286882971,PLANT03,1013,9
1447216086.7,2012-10-25,PORT04,V444_0,2,DTP,0,0,V5555555_30,1660579,PLANT03,PORT09,300,356.55,PLANT03,1013,12
1447171211.7,2012-10-26,PORT04,V444_0,2,DTP,0,0,V5555555_30,1660579,PLANT03,PORT09,370,378.52,PLANT03,1013,13
1447288819.7,2012-10-27,PORT04,V444_0,2,DTP,0,0,V5555555_30,1660579,PLANT03,PORT09,521,655.08,PLANT03,1013,22
1447354716.7,2012-10-27,PORT04,V444_0,2,DTP,0,0,V5555555_30,1687346,PLANT03,PORT09,477,579.2454320052643,PLANT03,1013,20
1447240227.7,2012-10-28,PORT04,V444_0,2,DTP,0,0,V5555555_30,1652538,PLANT03,PORT09,563,749.4751742938506,PLANT03,1013,25
1447394616.7,2012-10-29,PORT04,V444_0,2,DTP,0,0,V5555555_30,1660885,PLANT03,PORT09,637,763.71,PLANT03,1013,26
1447353038.7,2012-10-30,PORT04,V444_0,2,DTP,0,0,V5555555_30,1660885,PLANT03,PORT09,328,335.37,PLANT03,1013,12
1447230394.7,2012-10-31,PORT04,V444_0,2,DTP,0,0,V5555555_30,1660885,PLANT03,PORT09,522,624.43,PLANT03,1013,21
1447265704.7,2012-11-01,PORT04,V444_0,2,DTP,0,0,V5555555_30,1668550,PLANT03,PORT09,298,439.69,PLANT03,1013,15
1447188576.7,2012-11-02,PORT04,V444_0,2,DTP,0,0,V5555555_30,1668545,PLANT03,PORT09,216,301.0553012727481,PLANT03,1013,11
1447188579.7,2012-11-02,PORT04,V444_0,2,DTP,0,0,V5555555_30,1668545,PLANT03,PORT09,667,858.3760582438551,PLANT03,1013,29
1447192328.7,2012-11-03,PORT04,V444_0,2,DTP,0,0,V5555555_30,1668547,PLANT03,PORT09,313,454.2,PLANT03,1013,16
1447339823.7,2012-11-04,PORT04,V444_0,2,DTP,0,0,V5555555_30,1668547,PLANT03,PORT09,315,319.33,PLANT03,1013,11
1447251054.7,2012-11-04,PORT04,V444_0,2,DTP,0,0,V5555555_30,1668547,PLANT03,PORT09,240,244.6715955990801,PLANT03,1013,9
1447330600.7,2012-11-05,PORT04,V444_0,2,DTP,0,0,V5555555_30,1668547,PLANT03,PORT09,477,683.7247295496811,PLANT03,1013,23
1447188580.7,2012-11-06,PORT04,V444_0,2,DTP,0,0,V5555555_30,1668547,PLANT03,PORT09,267,344.6465761140573,PLANT03,1013,12
1447199987.7,2012-11-07,PORT04,V444_0,2,DTP,0,0,V5555555_30,1668547,PLANT03,PORT09,348,437.91,PLANT03,1013,15
1447164846.7,2012-11-08,PORT04,V444_0,2,DTP,0,0,V5555555_30,1668547,PLANT03,PORT09,308,362.37,PLANT03,1013,13
1447269582.7,2012-11-09,PORT04,V444_0,2,DTP,0,0,V5555555_30,1683203,PLANT03,PORT09,353,510.5365271513627,PLANT03,1013,18
1447165554.7,2012-11-10,PORT04,V444_0,2,DTP,0,0,V5555555_30,1654621,PLANT03,PORT09,478,591.8442402589626,PLANT03,1013,20
1447156516.7,2012-11-10,PORT04,V444_0,2,DTP,0,0,V5555555_30,1677889,PLANT03,PORT09,315,347.20258955361714,PLANT03,1013,12
1447296438.7,2012-11-11,PORT04,V444_0,2,DTP,0,0,V5555555_30,1677889,PLANT03,PORT09,346,448.72782918006345,PLANT03,1013,15
1447307973.7,2012-11-11,PORT04,V444_0,2,DTP,0,0,V5555555_30,1666295,PLANT03,PORT09,693,717.6563458125945,PLANT03,1013,24
1447323795.7,2012-11-12,PORT04,V444_0,2,DTP,0,0,V5555555_30,1666295,PLANT03,PORT09,682,854.8598693449857,PLANT03,1013,29
1447171210.7,2012-11-13,PORT04,V444_0,2,DTP,0,0,V5555555_30,1666295,PLANT03,PORT09,482,683.4340486264344,PLANT03,1013,23
1447309589.7,2012-11-13,PORT04,V444_0,2,DTP,0,0,V5555555_30,1666295,PLANT03,PORT09,681,944.5150685129116,PLANT03,1013,32
1447323888.7,2012-11-14,PORT04,V444_0,2,DTP,0,0,V5555555_30,1666295,PLANT03,PORT09,522,656.5871049285344,PLANT03,1013,22
1447227095.7,2012-11-14,PORT04,V444_0,2,DTP,0,0,V5555555_30,1666295,PLANT03,PORT09,380,433.6697610103007,PLANT03,1013,15
1447323152.7,2012-11-15,PORT04,V444_0,2,DTP,0,0,V5555555_30,1666295,PLANT03,PORT09,550,585.16,PLANT03,1013,20
1447346487.7,2012-11-16,PORT04,V444_0,2,DTP,0,0,V5555555_30,1666295,PLANT03,PORT09,448,461.7381340640953,PLANT03,1013,16
1447185728.7,2012-11-17,PORT04,V444_0,2,DTP,0,0,V5555555_30,1666295,PLANT03,PORT09,337,370.7944023057976,PLANT03,1013,13
1447307847.7,2012-11-18,PORT04,V444_0,2,DTP,0,0,V5555555_30,1666295,PLANT03,PORT09,516,628.87,PLANT03,1013,21
1447206236.7,2012-11-19,PORT04,V444_0,2,DTP,0,0,V5555555_30,1666295,PLANT03,PORT09,502,549.9707960834967,PLANT03,1013,19
1447156465.7,2012-11-19,PORT04,V444_0,2,DTP,0,0,V5555555_30,1666295,PLANT03,PORT09,698,929.4,PLANT03,1013,31
1447165362.7,2012-11-20,PORT04,V444_0,2,DTP,0,0,V5555555_30,1666295,PLANT03,PORT09,596,721.9435007100556,PLANT03,1013,25
1447227081.7,2012-11-21,PORT04,V444_0,2,DTP,0,0,V5555555_30,1666295,PLANT03,PORT09,556,754.11,PLANT03,1013,26
1447346464.7,2012-11-21,PORT04,V444_0,2,DTP,0,0,V5555555_30,1668346,PLANT03,PORT09,405,430.38468634795805,PLANT03,1013,15
1447302754.7,2012-11-22,PORT04,V444_0,2,DTP,0,0,V5555555_30,1668346,PLANT03,PORT09,573,689.247709808215,PLANT03,1013,23
1447302781.7,2012-11-23,PORT04,V444_0,2,DTP,0,0,V5555555_30,1668346,PLANT03,PORT09,412,523.7490267133071,PLANT03,1013,18
1447323771.7,2012-11-23,PORT04,V444_0,2,DTP,0,0,V5555555_30,1668346,PLANT03,PORT09,471,489.48,PLANT03,1013,17
1447165274.7,2012-11-24,PORT04,V444_0,2,DTP,0,0,V5555555_30,1668346,PLANT03,PORT09,231,250.33,PLANT03,1013,9
1447302769.7,2012-11-24,PORT04,V444_0,2,DTP,0,0,V5555555_30,1668346,PLANT03,PORT09,208,235.96,PLANT03,1013,8
1447156302.7,2012-11-25,PORT04,V444_0,2,DTP,0,0,V5555555_30,1668347,PLANT03,PORT09,472,613.9667155147584,PLANT03,1013,21
1447206161.7,2012-11-25,PORT04,V444_0,2,DTP,0,0,V5555555_30,1668346,PLANT03,PORT09,352,374.87,PLANT03,1013,13
1447185656.7,2012-11-26,PORT04,V444_0,2,DTP,0,0,V5555555_30,1668346,PLANT03,PORT09,520,704.2073213481274,PLANT03,1013,24
1447302739.7,2012-11-27,PORT04,V444_0,2,DTP,0,0,V5555555_30,1668346,PLANT03,PORT09,688,842.3918941368324,PLANT03,1013,29
1447156240.7,2012-11-28,PORT04,V444_0,2,DTP,0,0,V5555555_30,1668346,PLANT03,PORT09,295,309.49,PLANT03,1013,11
1447409847.7,2012-11-29,PORT04,V444_0,2,DTP,0,0,V5555555_30,1668346,PLANT03,PORT09,606,643.91,PLANT03,1013,22
1447278135.7,2012-11-30,PORT04,V444_0,2,DTP,0,0,V5555555_30,1668343,PLANT03,PORT09,280,284.32010660313017,PLANT03,1013,10
1447310547.7,2012-12-01,PORT04,V444_0,2,DTP,0,0,V5555555_30,1693618,PLANT03,PORT09,340,376.28,PLANT03,1013,13
1447172299.7,2012-12-02,PORT04,V444_0,2,DTP,0,0,V5555555_30,1693618,PLANT03,PORT09,202,214.01,PLANT03,1013,8
1447332276.7,2012-12-03,PORT04,V444_0,2,DTP,0,0,V5555555_30,1693618,PLANT03,PORT09,374,455.41,PLANT03,1013,16
1447156708.7,2012-12-03,PORT04,V444_0,2,DTP,0,0,V5555555_30,1693618,PLANT03,PORT09,536,637.9787462451318,PLANT03,1013,22
1447331115.7,2012-12-04,PORT04,V444_0,2,DTP,0,0,V5555555_30,1699540,PLANT03,PORT09,551,753.3393032868255,PLANT03,1013,26
1447309051.7,2012-12-04,PORT04,V444_0,2,DTP,3,0,V55555555_0,1692997,PLANT03,PORT09,538,748.4040697715452,PLANT03,1013,25
1447313841.7,2012-12-05,PORT04,V444_0,2,DTP,3,0,V55555555_0,1692997,PLANT03,PORT09,513,670.98,PLANT03,1013,23
1447227096.7,2012-12-05,PORT04,V444_0,2,DTP,3,0,V55555555_0,1692997,PLANT03,PORT09,446,498.4,PLANT03,1013,17
1447289371.7,2012-12-06,PORT04,V444_0,2,DTP,3,0,V55555555_0,1692997,PLANT03,PORT09,589,749.92,PLANT03,1013,25
1447226838.7,2012-12-07,PORT04,V444_0,2,DTP,3,0,V55555555_0,1692997,PLANT03,PORT09,700,876.68,PLANT03,1013,30
1447357413.7,2012-12-08,PORT04,V444_0,2,DTP,3,0,V55555555_0,1692997,PLANT03,PORT09,687,748.57,PLANT03,1013,25
1447289356.7,2012-12-08,PORT04,V444_0,2,DTP,3,0,V55555555_0,1692997,PLANT03,PORT09,682,1006.7912867905558,PLANT03,1013,34
1447346093.7,2012-12-09,PORT04,V444_0,2,DTP,3,0,V55555555_0,1692997,PLANT03,PORT09,657,922.69,PLANT03,1013,31
1447234662.7,2012-12-10,PORT04,V444_0,2,DTP,3,0,V55555555_0,1692997,PLANT03,PORT09,350,405.4,PLANT03,1013,14
1447248523.7,2012-12-10,PORT04,V444_0,2,DTP,3,0,V55555555_0,1692997,PLANT03,PORT09,512,715.9504376809913,PLANT03,1013,24
1447227005.7,2012-12-11,PORT04,V444_0,2,DTP,3,0,V55555555_0,1692997,PLANT03,PORT09,574,738.09,PLANT03,1013,25
1447149210.7,2012-12-11,PORT04,V444_0,2,DTP,3,0,V55555555_0,1692997,PLANT03,PORT09,282,370.5470669471778,PLANT03,1013,13
1447310293.7,2012-12-12,PORT04,V444_0,2,DTP,3,0,V55555555_0,1693019,PLANT03,PORT09,323,353.18668215826654,PLANT03,1013,12
1447310313.7,2012-12-12,PORT04,V444_0,2,DTP,3,0,V55555555_0,1693019,PLANT03,PORT09,252,290.6538515397898,PLANT03,1013,10
1447310314.7,2012-12-13,PORT04,V444_0,2,DTP,3,0,V55555555_0,1693019,PLANT03,PORT09,589,687.38,PLANT03,1013,23
1447310312.7,2012-12-14,PORT04,V444_0,2,DTP,3,0,V55555555_0,1693019,PLANT03,PORT09,268,277.16,PLANT03,1013,10
1447238131.7,2012-12-14,PORT04,V444_0,2,DTP,3,0,V55555555_0,1650586,PLANT03,PORT09,517,538.6932000098395,PLANT03,1013,18
1447336246.7,2012-12-15,PORT04,V444_0,2,DTP,3,0,V55555555_0,1675655,PLANT03,PORT09,396,410.2779964000282,PLANT03,1013,14
1447411084.7,2012-12-15,PORT04,V444_0,2,DTP,3,0,V55555555_0,1660673,PLANT03,PORT09,366,538.83,PLANT03,1013,18
1447139286.7,2012-12-16,PORT04,V444_0,2,DTP,3,0,V55555555_0,1660673,PLANT03,PORT09,590,776.5232353231038,PLANT03,1013,26
1447313996.7,2012-12-16,PORT04,V444_0,2,DTP,3,0,V55555555_0,1660673,PLANT03,PORT09,602,838.37,PLANT03,1013,28
1447183502.7,2012-12-17,PORT04,V444_0,2,DTP,3,0,V55555555_0,1650685,PLANT03,PORT09,228,265.08,PLANT03,1013,9
1447183386.7,2012-12-17,PORT04,V444_0,2,DTP,3,0,V55555555_0,1650685,PLANT03,PORT09,560,834.5032474638119,PLANT03,1013,28
1447183385.7,2012-12-18,PORT04,V444_0,2,DTP,3,0,V55555555_0,1650685,PLANT03,PORT09,401,436.96,PLANT03,1013,15
1447411615.7,2012-12-19,PORT04,V444_0,2,DTP,3,0,V55555555_0,1651302,PLANT03,PORT09,611,734.3,PLANT03,1013,25
1447411581.7,2012-12-20,PORT04,V444_0,2,DTP,3,0,V55555555_0,1651302,PLANT03,PORT09,667,807.9800004041265,PLANT03,1013,27
1447227197.7,2012-12-20,PORT04,V444_0,2,DTP,3,0,V55555555_0,1651299,PLANT03,PORT09,403,417.92,PLANT03,1013,14
1447168926.7,2012-12-21,PORT04,V444_0,2,DTP,3,0,V55555555_0,1651299,PLANT03,PORT09,544,745.32,PLANT03,1013,25
1447336248.7,2012-12-21,PORT04,V444_0,2,DTP,3,0,V55555555_0,1656246,PLANT03,PORT09,479,636.29,PLANT03,1013,22
1447199010.7,2012-12-22,PORT04,V444_0,2,DTP,3,0,V55555555_0,1689012,PLANT03,PORT09,638,662.5564499937243,PLANT03,1013,23
1447152751.7,2012-12-23,PORT04,V444_0,2,DTP,3,0,V55555555_0,1669702,PLANT03,PORT09,219,251.55334153865303,PLANT03,1013,9
1447373751.7,2012-12-23,PORT04,V444_0,2,DTP,3,0,V55555555_0,1656347,PLANT03,PORT09,307,377.3064094910777,PLANT03,1013,13
1447162961.7,2012-12-24,PORT04,V444_0,2,DTP,3,0,V55555555_0,1644050,PLANT03,PORT09,613,809.66,PLANT03,1013,27
1447149295.7,2012-12-24,PORT04,V444_0,2,DTP,3,0,V55555555_0,1668128,PLANT03,PORT09,333,374.77,PLANT03,1013,13
1447149301.7,2012-12-25,PORT04,V444_0,2,DTP,3,0,V55555555_0,1668128,PLANT03,PORT09,551,719.0570434053983,PLANT03,1013,24
1447224456.7,2012-12-26,PORT04,V444_0,2,DTP,3,0,V55555555_0,1687346,PLANT03,PORT09,258,335.1,PLANT03,1013,12
1447227367.7,2012-12-26,PORT04,V444_0,2,DTP,3,0,V55555555_0,1687346,PLANT03,PORT09,264,279.4527174679902,PLANT03,1013,10
1447195895.7,2012-12-27,PORT04,V444_0,2,DTP,3,0,V55555555_0,1687346,PLANT03,PORT09,278,307.62,PLANT03,1013,11
1447265562.7,2012-12-28,PORT04,V444_0,2,DTP,3,0,V55555555_0,1677891,PLANT03,PORT09,578,801.19,PLANT03,1013,27
1447334758.7,2012-12-29,PORT04,V444_0,2,DTP,3,0,V55555555_0,1677891,PLANT03,PORT09,224,229.65,PLANT03,1013,8
1447352528.7,2012-12-29,PORT04,V444_0,2,DTP,3,0,V55555555_0,1690092,PLANT03,PORT09,500,645.7315142010658,PLANT03,1013,22
1447411086.7,2012-12-30,PORT04,V444_0,2,DTP,3,0,V55555555_0,1688824,PLANT03,PORT09,282,417.0189231268182,PLANT03,1013,14
1447411087.7,2012-12-30,PORT04,V444_0,2,DTP,3,0,V55555555_0,1688824,PLANT03,PORT09,436,570.56,PLANT03,1013,20
1447149446.7,2012-12-31,PORT04,V444_0,2,DTP,3,0,V55555555_0,1688824,PLANT03,PORT09,375,499.6864717945825,PLANT03,1013,17
1447149356.7,2012-12-31,PORT04,V444_0,2,DTP,3,0,V55555555_0,1688824,PLANT03,PORT09,482,586.49345302446,PLANT03,1013,20
1447149445.7,2013-01-01,PORT04,V444_0,2,DTP,3,0,V55555555_0,1688824,PLANT03,PORT09,540,786.9281392391109,PLANT03,1013,27
1447323934.7,2013-01-02,PORT04,V444_0,2,DTP,3,0,V55555555_0,1660885,PLANT03,PORT09,331,402.89,PLANT03,1013,14
1447400440.7,2013-01-03,PORT04,V444_0,2,DTP,3,0,V55555555_0,1696954,PLANT03,PORT09,602,779.43,PLANT03,1013,26
1447369899.7,2013-01-03,PORT04,V444_0,2,DTP,3,0,V55555555_0,1696954,PLANT03,PORT09,576,769.15,PLANT03,1013,26
1447369904.7,2013-01-04,PORT04,V444_0,2,DTP,3,0,V55555555_0,1696954,PLANT03,PORT09,367,487.01,PLANT03,1013,17
1447400428.7,2013-01-05,PORT04,V444_0,2,DTP,3,0,V55555555_0,1696954,PLANT03,PORT09,679,988.4614790839448,PLANT03,1013,33
1447267003.7,2013-01-06,PORT04,V444_0,2,DTP,3,0,V55555555_0,1671416,PLANT03,PORT09,565,641.5027876704447,PLANT03,1013,22
1447167595.7,2013-01-07,PORT04,V444_0,2,DTP,3,0,V55555555_0,1671416,PLANT03,PORT09,402,494.25,PLANT03,1013,17
1447353781.7,2013-01-07,PORT04,V444_0,2,DTP,3,0,V55555555_0,1668545,PLANT03,PORT09,513,666.16,PLANT03,1013,23
1447255617.7,2013-01-08,PORT04,V444_0,2,DTP,3,0,V55555555_0,1668545,PLANT03,PORT09,503,586.76,PLANT03,1013,20
1447238354.7,2013-01-08,PORT04,V444_0,2,DTP,3,0,V55555555_0,1693104,PLANT03,PORT09,326,460.15,PLANT03,1013,16
1447365183.7,2013-01-09,PORT04,V444_0,2,DTP,3,0,V55555555_0,1693101,PLANT03,PORT09,373,447.12,PLANT03,1013,15
1447230417.7,2013-01-10,PORT04,V444_0,2,DTP,3,0,V55555555_0,1683203,PLANT03,PORT09,575,858.9521327981099,PLANT03,1013,29
1447226354.7,2013-01-11,PORT04,V444_0,2,DTP,3,0,V55555555_0,1662238,PLANT03,PORT09,689,836.2722515479035,PLANT03,1013,28
1447201747.7,2013-01-11,PORT04,V444_0,2,DTP,3,0,V55555555_0,1662274,PLANT03,PORT09,306,388.3647873181242,PLANT03,1013,13
1447157752.7,2013-01-12,PORT04,V444_0,2,DTP,3,0,V55555555_0,1663347,PLANT03,PORT09,552,799.12,PLANT03,1013,27
1447400429.7,2013-01-12,PORT04,V444_0,2,DTP,3,0,V55555555_0,1654622,PLANT03,PORT09,255,355.39010148815095,PLANT03,1013,12
1447314023.7,2013-01-13,PORT04,V444_0,2,DTP,3,0,V55555555_0,1654622,PLANT03,PORT09,562,741.27,PLANT03,1013,25
1447296258.7,2013-01-13,PORT04,V444_0,2,DTP,3,0,V55555555_0,1693865,PLANT03,PORT09,367,448.21,PLANT03,1013,15
1447346612.7,2013-01-14,PORT04,V444_0,2,DTP,3,0,V55555555_0,1693865,PLANT03,PORT09,534,551.09,PLANT03,1013,19
1447410379.7,2013-01-15,PORT04,V444_0,2,DTP,3,0,V55555555_0,1677884,PLANT03,PORT09,338,439.2048726134252,PLANT03,1013,15
1447313995.7,2013-01-15,PORT04,V444_0,2,DTP,3,0,V55555555_0,1677889,PLANT03,PORT09,413,516.7933516031219,PLANT03,1013,18
1447308429.7,2013-01-16,PORT04,V444_0,2,DTP,3,0,V55555555_0,1677889,PLANT03,PORT09,287,420.04037524118434,PLANT03,1013,15
1447146833.7,2013-01-16,PORT04,V444_0,2,DTP,3,0,V55555555_0,1677889,PLANT03,PORT09,510,691.8048020039955,PLANT03,1013,24
1447146832.7,2013-01-17,PORT04,V444_0,2,DTP,3,0,V55555555_0,1677889,PLANT03,PORT09,584,853.8158461643139,PLANT03,1013,29
1447308430.7,2013-01-18,PORT04,V444_0,2,DTP,3,0,V55555555_0,1677889,PLANT03,PORT09,332,462.56,PLANT03,1013,16
1447289408.7,2013-01-19,PORT04,V444_0,2,DTP,3,0,V55555555_0,1677889,PLANT03,PORT09,654,889.62,PLANT03,1013,30
1447200214.7,2013-01-19,PORT04,V444_0,2,DTP,3,0,V55555555_0,1677889,PLANT03,PORT09,282,297.5708927409655,PLANT03,1013,10
1447174497.7,2013-01-20,PORT04,V444_0,2,DTP,3,0,V55555555_0,1677889,PLANT03,PORT09,339,381.37,PLANT03,1013,13
1447369910.7,2013-01-20,PORT04,V444_0,2,DTP,3,0,V55555555_0,1677889,PLANT03,PORT09,222,250.29,PLANT03,1013,9
1447146831.7,2013-01-21,PORT04,V444_0,2,DTP,3,0,V55555555_0,1677878,PLANT03,PORT09,251,360.52,PLANT03,1013,13
1447369898.7,2013-01-21,PORT04,V444_0,2,DTP,3,0,V55555555_0,1677878,PLANT03,PORT09,501,729.9,PLANT03,1013,25
1447146830.7,2013-01-22,PORT04,V444_0,2,DTP,3,0,V55555555_0,1677878,PLANT03,PORT09,309,363.76,PLANT03,1013,13
1447320768.7,2013-01-22,PORT04,V444_0,2,DTP,3,0,V55555555_0,1677878,PLANT03,PORT09,494,551.2505468014695,PLANT03,1013,19
1447149385.7,2013-01-23,PORT04,V444_0,2,DTP,3,0,V55555555_0,1677878,PLANT03,PORT09,336,349.04,PLANT03,1013,12
1447369896.7,2013-01-24,PORT04,V444_0,2,DTP,3,0,V55555555_0,1677878,PLANT03,PORT09,349,440.02,PLANT03,1013,15
1447149444.7,2013-01-25,PORT04,V444_0,2,DTP,3,0,V55555555_0,1692974,PLANT03,PORT09,664,778.4674314641188,PLANT03,1013,26
1447367084.7,2013-01-26,PORT04,V444_0,2,DTP,3,0,V55555555_0,1692974,PLANT03,PORT09,512,515.3922645770011,PLANT03,1013,18
1447224280.7,2013-01-26,PORT04,V444_0,2,DTP,3,0,V55555555_0,1666954,PLANT03,PORT09,438,585.5283464270047,PLANT03,1013,20
1447302766.7,2013-01-27,PORT04,V444_0,2,DTP,3,0,V55555555_0,1666954,PLANT03,PORT09,571,636.550274895258,PLANT03,1013,22
1447343708.7,2013-01-27,PORT04,V444_0,2,DTP,3,0,V55555555_0,1689601,PLANT03,PORT09,600,822.19,PLANT03,1013,28
1447352529.7,2013-01-28,PORT04,V444_0,2,DTP,3,0,V55555555_0,1689553,PLANT03,PORT09,333,464.44046033349935,PLANT03,1013,16
1447149443.7,2013-01-29,PORT04,V444_0,2,DTP,3,0,V55555555_0,1689556,PLANT03,PORT09,488,572.2361086954733,PLANT03,1013,20
1447206043.7,2013-01-29,PORT04,V444_0,2,DTP,3,0,V55555555_0,1689554,PLANT03,PORT09,615,888.9380770073177,PLANT03,1013,30
1447312973.7,2013-01-30,PORT04,V444_0,2,DTP,3,0,V55555555_0,1689554,PLANT03,PORT09,694,730.5548831150226,PLANT03,1013,25
1447206039.7,2013-01-30,PORT04,V444_0,2,DTP,3,0,V55555555_0,1689554,PLANT03,PORT09,400,442.3788660880218,PLANT03,1013,15
1447206044.7,2013-01-31,PORT04,V444_0,2,DTP,3,0,V55555555_0,1689554,PLANT03,PORT09,446,500.35167460292826,PLANT03,1013,17
1447206104.7,2013-02-01,PORT04,V444_0,2,DTP,3,0,V55555555_0,1689554,PLANT03,PORT09,598,822.07,PLANT03,1013,28
1447234962.7,2013-02-01,PORT04,V444_0,2,DTP,3,0,V55555555_0,1689556,PLANT03,PORT09,562,718.4828425313589,PLANT03,1013,24
1447312974.7,2013-02-02,PORT04,V444_0,2,DTP,3,0,V55555555_0,1689554,PLANT03,PORT09,680,863.91,PLANT03,1013,29
1447206105.7,2013-02-02,PORT04,V444_0,2,DTP,3,0,V55555555_0,1689554,PLANT03,PORT09,374,514.9221959494558,PLANT03,1013,18
1447275625.7,2013-02-03,PORT04,V444_0,2,DTP,3,0,V55555555_0,1689554,PLANT03,PORT09,698,888.79,PLANT03,1013,30
1447275624.7,2013-02-03,PORT04,V444_0,2,DTP,3,0,V55555555_0,1689554,PLANT03,PORT09,292,369.74559369673335,PLANT03,1013,13
1447275626.7,2013-02-04,PORT04,V444_0,2,DTP,3,0,V55555555_0,1689554,PLANT03,PORT09,444,470.0192670610118,PLANT03,1013,16
1447149342.7,2013-02-05,PORT04,V444_0,2,DTP,3,0,V55555555_0,1689553,PLANT03,PORT09,543,730.8979951671162,PLANT03,1013,25
1447389307.7,2013-02-05,PORT04,V444_0,2,DTP,3,0,V55555555_0,1693117,PLANT03,PORT09,524,724.38,PLANT03,1013,25
1447406488.7,2013-02-06,PORT04,V444_0,2,DTP,3,0,V5555555_22,1676566,PLANT03,PORT09,504,743.76,PLANT03,1013,25
1447175747.7,2013-02-06,PORT04,V444_0,2,DTP,3,0,V5555555_22,1676566,PLANT03,PORT09,261,364.454933821252,PLANT03,1013,13
1447313956.7,2013-02-07,PORT04,V444_0,2,DTP,3,0,V5555555_22,1676566,PLANT03,PORT09,586,750.28,PLANT03,1013,26
1447193153.7,2013-02-08,PORT04,V444_0,2,DTP,3,0,V5555555_22,1676566,PLANT03,PORT09,481,541.912008237213,PLANT03,1013,19
1447400349.7,2013-02-08,PORT04,V444_0,2,DTP,3,0,V5555555_22,1676566,PLANT03,PORT09,355,478.77,PLANT03,1013,16
1447406565.7,2013-02-09,PORT04,V444_0,2,DTP,3,0,V5555555_22,1676566,PLANT03,PORT09,285,405.1739789097734,PLANT03,1013,14
1447175715.7,2013-02-10,PORT04,V444_0,2,DTP,3,0,V5555555_22,1676566,PLANT03,PORT09,317,442.46197511073217,PLANT03,1013,15
1447400348.7,2013-02-11,PORT04,V444_0,2,DTP,3,0,V5555555_22,1676566,PLANT03,PORT09,346,493.91,PLANT03,1013,17
1447234957.7,2013-02-12,PORT04,V444_0,2,DTP,3,0,V5555555_22,1676566,PLANT03,PORT09,338,350.7932539153541,PLANT03,1013,12
1447286521.7,2013-02-13,PORT04,V444_0,2,DTP,3,0,V5555555_22,1676566,PLANT03,PORT09,345,500.5560199242244,PLANT03,1013,17
1447269481.7,2013-02-13,PORT04,V444_0,2,DTP,3,0,V5555555_22,1676566,PLANT03,PORT09,423,431.87991821437794,PLANT03,1013,15
1447234897.7,2013-02-14,PORT04,V444_0,2,DTP,3,0,V5555555_22,1676566,PLANT03,PORT09,384,526.67,PLANT03,1013,18
1447175787.7,2013-02-15,PORT04,V444_0,2,DTP,3,0,V5555555_22,1676566,PLANT03,PORT09,512,763.3170796854122,PLANT03,1013,26
1447295477.7,2013-02-15,PORT04,V444_0,2,DTP,3,0,V5555555_22,1683636,PLANT03,PORT09,532,745.8146690214569,PLANT03,1013,25
1447269517.7,2013-02-16,PORT04,V444_0,2,DTP,3,0,V5555555_22,1683636,PLANT03,PORT09,420,537.4024498387864,PLANT03,1013,18
1447238195.7,2013-02-16,PORT04,V444_0,2,DTP,3,0,V5555555_22,1683636,PLANT03,PORT09,538,556.83,PLANT03,1013,19
1447234966.7,2013-02-17,PORT04,V444_0,2,DTP,3,0,V5555555_22,1683636,PLANT03,PORT09,258,349.15581998731994,PLANT03,1013,12
1447371367.7,2013-02-17,PORT04,V444_0,2,DTP,3,0,V5555555_22,1683636,PLANT03,PORT09,259,352.59,PLANT03,1013,12
1447327940.7,2013-02-18,PORT04,V444_0,2,DTP,3,0,V5555555_22,1683636,PLANT03,PORT09,295,296.2336430768365,PLANT03,1013,10
1447238137.7,2013-02-19,PORT04,V444_0,2,DTP,3,0,V5555555_22,1683636,PLANT03,PORT09,455,565.1075812608925,PLANT03,1013,19
1447367888.7,2013-02-19,PORT04,V444_0,2,DTP,3,0,V5555555_22,1697872,PLANT03,PORT09,323,338.402513767099,PLANT03,1013,12
1447299593.7,2013-02-20,PORT04,V444_0,2,DTP,3,0,V5555555_22,1697872,PLANT03,PORT09,608,784.6285883860332,PLANT03,1013,27
1447165435.7,2013-02-20,PORT04,V444_0,2,DTP,3,0,V5555555_22,1697872,PLANT03,PORT09,513,713.57,PLANT03,1013,24
1447389094.7,2013-02-21,PORT04,V444_0,2,DTP,3,0,V5555555_22,1697872,PLANT03,PORT09,679,854.8637385443702,PLANT03,1013,29
1447162421.7,2013-02-22,PORT04,V444_0,2,DTP,3,0,V5555555_22,1697872,PLANT03,PORT09,410,537.2,PLANT03,1013,18
1447390286.7,2013-02-23,PORT04,V444_0,2,DTP,3,0,V5555555_22,1697872,PLANT03,PORT09,291,319.37,PLANT03,1013,11
1447346478.7,2013-02-24,PORT04,V444_0,2,DTP,3,0,V5555555_22,1697872,PLANT03,PORT09,641,932.09,PLANT03,1013,32
1447357421.7,2013-02-25,PORT04,V444_0,2,DTP,3,0,V5555555_22,1697872,PLANT03,PORT09,476,631.68,PLANT03,1013,22
1447300025.7,2013-02-26,PORT04,V444_0,2,DTP,3,0,V5555555_22,1697872,PLANT03,PORT09,444,584.390874000902,PLANT03,1013,20
1447224385.7,2013-02-27,PORT04,V444_0,2,DTP,3,0,V5555555_22,1697872,PLANT03,PORT09,644,874.6798700505078,PLANT03,1013,30
1447346477.7,2013-02-27,PORT04,V444_0,2,DTP,3,0,V5555555_22,1697872,PLANT03,PORT09,207,267.9102607889553,PLANT03,1013,9
1447265605.7,2013-02-28,PORT04,V444_0,2,DTP,3,0,V5555555_22,1697872,PLANT03,PORT09,642,918.55,PLANT03,1013,31
1447367887.7,2013-03-01,PORT04,V444_0,2,DTP,3,0,V5555555_22,1697872,PLANT03,PORT09,499,685.07,PLANT03,1013,23
1447265606.7,2013-03-01,PORT04,V444_0,2,DTP,3,0,V5555555_22,1697872,PLANT03,PORT09,417,562.1485562612573,PLANT03,1013,19
1447230967.7,2013-03-02,PORT04,V444_0,2,DTP,3,0,V5555555_22,1697872,PLANT03,PORT09,478,635.62,PLANT03,1013,22
1447189419.7,2013-03-02,PORT04,V444_0,2,DTP,3,0,V5555555_22,1697872,PLANT03,PORT09,583,743.13,PLANT03,1013,25
1447386034.7,2013-03-03,PORT04,V444_0,2,DTP,3,0,V5555555_22,1697874,PLANT03,PORT09,365,501.552491718071,PLANT03,1013,17
1447360367.7,2013-03-04,PORT04,V444_0,2,DTP,3,0,V5555555_22,1697874,PLANT03,PORT09,372,525.6206935607817,PLANT03,1013,18
1447395057.7,2013-03-04,PORT04,V444_0,2,DTP,3,0,V5555555_22,1683197,PLANT03,PORT09,309,342.79,PLANT03,1013,12
1447389092.7,2013-03-05,PORT04,V444_0,2,DTP,3,0,V5555555_22,1683197,PLANT03,PORT09,273,363.36,PLANT03,1013,13
1447142677.7,2013-03-05,PORT04,V444_0,2,DTP,3,0,V5555555_22,1683197,PLANT03,PORT09,587,722.46,PLANT03,1013,25
1447389126.7,2013-03-06,PORT04,V444_0,2,DTP,3,0,V5555555_22,1683197,PLANT03,PORT09,539,747.5,PLANT03,1013,25
1447395056.7,2013-03-06,PORT04,V444_0,2,DTP,3,0,V5555555_22,1683197,PLANT03,PORT09,360,437.82232075260254,PLANT03,1013,15
1447323696.7,2013-03-07,PORT04,V444_0,2,DTP,3,0,V5555555_22,1683197,PLANT03,PORT09,221,224.72,PLANT03,1013,8
1447389105.7,2013-03-08,PORT04,V444_0,2,DTP,3,0,V5555555_22,1683197,PLANT03,PORT09,278,355.4698665706481,PLANT03,1013,12
1447396911.7,2013-03-09,PORT04,V444_0,2,DTP,3,0,V5555555_22,1683197,PLANT03,PORT09,375,435.57,PLANT03,1013,15
1447224451.7,2013-03-09,PORT04,V444_0,2,DTP,3,0,V5555555_22,1683200,PLANT03,PORT09,386,485.24,PLANT03,1013,17
1447389227.7,2013-03-10,PORT04,V444_0,2,DTP,3,0,V5555555_22,1683200,PLANT03,PORT09,303,404.01594433226046,PLANT03,1013,14
1447273180.7,2013-03-11,PORT04,V444_0,2,DTP,3,0,V5555555_22,1683200,PLANT03,PORT09,530,745.37,PLANT03,1013,25
1447400480.7,2013-03-11,PORT04,V444_0,2,DTP,3,0,V5555555_22,1683200,PLANT03,PORT09,237,248.25,PLANT03,1013,9
1447367886.7,2013-03-12,PORT04,V444_0,2,DTP,3,0,V5555555_22,1683200,PLANT03,PORT09,644,884.92,PLANT03,1013,30
1447149300.7,2013-03-13,PORT04,V444_0,2,DTP,3,0,V5555555_22,1683200,PLANT03,PORT09,650,974.2291966557008,PLANT03,1013,33
1447389085.7,2013-03-13,PORT04,V444_0,2,DTP,3,0,V5555555_22,1683200,PLANT03,PORT09,342,393.989176588608,PLANT03,1013,14
1447389084.7,2013-03-14,PORT04,V444_0,2,DTP,3,0,V5555555_22,1683200,PLANT03,PORT09,699,1010.65,PLANT03,1013,34
1447389091.7,2013-03-15,PORT04,V444_0,2,DTP,3,0,V5555555_22,1683200,PLANT03,PORT09,658,662.5068230845329,PLANT03,1013,23
1447283725.7,2013-03-15,PORT04,V444_0,2,DTP,3,0,V5555555_22,1683200,PLANT03,PORT09,700,781.2063631080837,PLANT03,1013,27
1447389090.7,2013-03-16,PORT04,V444_0,2,DTP,3,0,V5555555_22,1683200,PLANT03,PORT09,607,796.31,PLANT03,1013,27
1447421012.7,2013-03-16,PORT04,V444_0,2,DTP,3,0,V5555555_22,1683200,PLANT03,PORT09,615,655.79,PLANT03,1013,22
1447357415.7,2013-03-17,PORT04,V444_0,2,DTP,3,0,V5555555_22,1683200,PLANT03,PORT09,554,813.9406070487059,PLANT03,1013,28
1447375137.7,2013-03-17,PORT04,V444_0,2,DTP,3,0,V5555555_22,1683200,PLANT03,PORT09,324,419.08,PLANT03,1013,14
1447390305.7,2013-03-18,PORT04,V444_0,2,DTP,3,0,V5555555_22,1683200,PLANT03,PORT09,228,314.2672390458167,PLANT03,1013,11
1447413935.7,2013-03-19,PORT04,V444_0,2,DTP,3,0,V5555555_22,1683200,PLANT03,PORT09,260,310.59996131993245,PLANT03,1013,11
1447395058.7,2013-03-19,PORT04,V444_0,2,DTP,3,0,V5555555_22,1683197,PLANT03,PORT09,410,588.0242115279833,PLANT03,1013,20
1447313858.7,2013-03-20,PORT04,V444_0,2,DTP,3,0,V5555555_22,1683197,PLANT03,PORT09,382,500.14,PLANT03,1013,17
1447227098.7,2013-03-20,PORT04,V444_0,2,DTP,3,0,V5555555_22,1683200,PLANT03,PORT09,588,880.72,PLANT03,1013,30
1447400483.7,2013-03-21,PORT04,V444_0,2,DTP,3,0,V5555555_22,1683197,PLANT03,PORT09,445,623.98,PLANT03,1013,21
1447313869.7,2013-03-21,PORT04,V444_0,2,DTP,3,0,V5555555_22,1683197,PLANT03,PORT09,608,761.22,PLANT03,1013,26
1447227097.7,2013-03-22,PORT04,V444_0,2,DTP,3,0,V5555555_22,1683200,PLANT03,PORT09,601,709.91,PLANT03,1013,24
1447149281.7,2013-03-23,PORT04,V444_0,2,DTP,3,0,V5555555_22,1683197,PLANT03,PORT09,670,979.89,PLANT03,1013,33
1447224450.7,2013-03-23,PORT04,V444_0,2,DTP,3,0,V5555555_22,1683200,PLANT03,PORT09,542,729.23,PLANT03,1013,25
1447396912.7,2013-03-24,PORT04,V444_0,2,DTP,3,0,V5555555_22,1683197,PLANT03,PORT09,381,433.4424046625794,PLANT03,1013,15
1447375138.7,2013-03-25,PORT04,V444_0,2,DTP,3,0,V5555555_22,1683200,PLANT03,PORT09,526,683.6164565446721,PLANT03,1013,23
1447357416.7,2013-03-25,PORT04,V444_0,2,DTP,3,0,V5555555_22,1683200,PLANT03,PORT09,659,672.95,PLANT03,1013,23
1447228697.7,2013-03-26,PORT04,V444_0,2,DTP,3,0,V5555555_22,1683200,PLANT03,PORT09,292,430.5166816918578,PLANT03,1013,15
1447390304.7,2013-03-27,PORT04,V444_0,2,DTP,3,0,V5555555_22,1683200,PLANT03,PORT09,311,314.88224753966887,PLANT03,1013,11
1447389087.7,2013-03-27,PORT04,V444_0,2,DTP,3,0,V5555555_22,1683200,PLANT03,PORT09,406,576.15,PLANT03,1013,20
1447395107.7,2013-03-28,PORT04,V444_0,2,DTP,3,0,V5555555_22,1683200,PLANT03,PORT09,365,462.8081518905115,PLANT03,1013,16
1447336059.7,2013-03-28,PORT04,V444_0,2,DTP,3,0,V5555555_22,1683200,PLANT03,PORT09,293,422.16,PLANT03,1013,15
1447146640.7,2013-03-29,PORT04,V444_0,2,DTP,3,0,V5555555_22,1683197,PLANT03,PORT09,429,566.8328974144194,PLANT03,1013,19
1447172251.7,2013-03-30,PORT04,V444_0,2,DTP,3,0,V5555555_22,1683197,PLANT03,PORT09,655,686.08,PLANT03,1013,23
1447400482.7,2013-03-31,PORT04,V444_0,2,DTP,3,0,V5555555_22,1683200,PLANT03,PORT09,207,213.8856074498235,PLANT03,1013,8
1447275638.7,2013-03-31,PORT04,V444_0,2,DTP,3,0,V5555555_22,1683200,PLANT03,PORT09,408,531.8,PLANT03,1013,18
1447146724.7,2013-04-01,PORT04,V444_0,2,DTP,3,0,V5555555_22,1683200,PLANT03,PORT09,629,836.2697814865871,PLANT03,1013,28
1447196646.7,2013-04-01,PORT04,V444_0,2,DTP,3,0,V5555555_22,1683200,PLANT03,PORT09,244,363.09,PLANT03,1013,13
1447258756.7,2013-04-02,PORT04,V444_0,2,DTP,3,0,V5555555_22,1683200,PLANT03,PORT09,380,532.01,PLANT03,1013,18
1447421013.7,2013-04-03,PORT04,V444_0,2,DTP,3,0,V5555555_22,1683200,PLANT03,PORT09,618,679.9708701541874,PLANT03,1013,23
1447231066.7,2013-04-04,PORT04,V444_0,2,DTP,3,0,V5555555_22,1683200,PLANT03,PORT09,438,570.07,PLANT03,1013,20
1447221630.7,2013-04-05,PORT04,V444_0,2,DTP,3,0,V5555555_22,1683200,PLANT03,PORT09,294,408.058995322674,PLANT03,1013,14
1447401805.7,2013-04-06,PORT04,V444_0,2,DTP,3,0,V5555555_22,1683199,PLANT03,PORT09,430,523.6096339277831,PLANT03,1013,18
1447367913.7,2013-04-06,PORT04,V444_0,2,DTP,3,0,V5555555_22,1683199,PLANT03,PORT09,472,673.2,PLANT03,1013,23
1447238185.7,2013-04-07,PORT04,V444_0,2,DTP,3,0,V5555555_22,1683199,PLANT03,PORT09,693,826.6095658058699,PLANT03,1013,28
1447258758.7,2013-04-08,PORT04,V444_0,2,DTP,3,0,V5555555_22,1683199,PLANT03,PORT09,257,286.4735023493409,PLANT03,1013,10
1447266858.7,2013-04-08,PORT04,V444_0,2,DTP,3,0,V5555555_22,1683199,PLANT03,PORT09,557,819.4537919396341,PLANT03,1013,28
1447172254.7,2013-04-09,PORT04,V444_0,2,DTP,3,0,V5555555_22,1683199,PLANT03,PORT09,684,865.22,PLANT03,1013,29
1447336097.7,2013-04-10,PORT04,V444_0,2,DTP,3,0,V5555555_22,1683199,PLANT03,PORT09,495,523.3218008565588,PLANT03,1013,18
1447310441.7,2013-04-11,PORT04,V444_0,2,DTP,3,0,V5555555_22,1683199,PLANT03,PORT09,559,616.93,PLANT03,1013,21
1447234870.7,2013-04-12,PORT04,V444_0,2,DTP,3,0,V5555555_22,1683199,PLANT03,PORT09,549,554.63,PLANT03,1013,19
1447313943.7,2013-04-13,PORT04,V444_0,2,DTP,3,0,V5555555_22,1683199,PLANT03,PORT09,248,291.858389136011,PLANT03,1013,10
1447401806.7,2013-04-13,PORT04,V444_0,2,DTP,3,0,V5555555_22,1683199,PLANT03,PORT09,235,259.73,PLANT03,1013,9
1447357418.7,2013-04-14,PORT04,V444_0,2,DTP,3,0,V5555555_22,1683199,PLANT03,PORT09,537,629.0,PLANT03,1013,21
1447313942.7,2013-04-15,PORT04,V444_0,2,DTP,3,0,V5555555_22,1683199,PLANT03,PORT09,575,598.7868402402296,PLANT03,1013,20
1447145159.7,2013-04-16,PORT04,V444_0,2,DTP,3,0,V5555555_22,1683199,PLANT03,PORT09,210,269.16,PLANT03,1013,9
1447213220.7,2013-04-17,PORT04,V444_0,2,DTP,3,0,V5555555_22,1683199,PLANT03,PORT09,391,504.53,PLANT03,1013,17
1447156492.7,2013-04-18,PORT04,V444_0,2,DTP,3,0,V5555555_22,1683199,PLANT03,PORT09,607,796.3835403580463,PLANT03,1013,27
1447275605.7,2013-04-18,PORT04,V444_0,2,DTP,3,0,V5555555_22,1683199,PLANT03,PORT09,645,927.3183141017914,PLANT03,1013,31
1447357417.7,2013-04-19,PORT04,V444_0,2,DTP,3,0,V5555555_22,1683199,PLANT03,PORT09,678,812.14,PLANT03,1013,28
1447400484.7,2013-04-20,PORT04,V444_0,2,DTP,3,0,V5555555_22,1683199,PLANT03,PORT09,383,452.6695462784888,PLANT03,1013,16
1447193129.7,2013-04-21,PORT04,V444_0,2,DTP,3,0,V5555555_22,1683199,PLANT03,PORT09,375,477.61,PLANT03,1013,16
1447336096.7,2013-04-22,PORT04,V444_0,2,DTP,3,0,V5555555_22,1683199,PLANT03,PORT09,598,657.5745403680859,PLANT03,1013,22
1447227190.7,2013-04-23,PORT04,V444_0,2,DTP,0,0,V5555_33,1688610,PLANT03,PORT09,366,468.95,PLANT03,1013,16
1447227502.7,2013-04-24,PORT04,V444_0,2,DTP,0,0,V5555_33,1688610,PLANT03,PORT09,347,349.75,PLANT03,1013,12
1447229518.7,2013-04-24,PORT04,V444_0,2,DTP,0,0,V5555_33,1689543,PLANT03,PORT09,532,729.2766261883872,PLANT03,1013,25
1447187886.7,2013-04-25,PORT04,V444_0,2,DTP,0,0,V5555_33,1689543,PLANT03,PORT09,237,336.3303048981934,PLANT03,1013,12
1447258885.7,2013-04-25,PORT04,V444_0,2,DTP,0,0,V5555_33,1689543,PLANT03,PORT09,426,596.3399156007873,PLANT03,1013,20
1447202849.7,2013-04-26,PORT04,V444_0,2,DTP,0,0,V5555_33,1689543,PLANT03,PORT09,395,477.19,PLANT03,1013,16
1447396993.7,2013-04-27,PORT04,V444_0,2,DTP,0,0,V5555_33,1689543,PLANT03,PORT09,596,861.19,PLANT03,1013,29
1447308361.7,2013-04-27,PORT04,V444_0,2,DTP,0,0,V5555_33,1689543,PLANT03,PORT09,589,756.2,PLANT03,1013,26
1447319055.7,2013-04-28,PORT04,V444_0,2,DTP,0,0,V5555_33,1689543,PLANT03,PORT09,469,620.1927607912639,PLANT03,1013,21
1447394306.7,2013-04-28,PORT04,V444_0,2,DTP,0,0,V5555_33,1689543,PLANT03,PORT09,238,348.95,PLANT03,1013,12
1447372976.7,2013-04-29,PORT04,V444_0,2,DTP,0,0,V5555_33,1689543,PLANT03,PORT09,685,730.09,PLANT03,1013,25
1447182260.7,2013-04-30,PORT04,V444_0,2,DTP,0,0,V5555_33,1689543,PLANT03,PORT09,421,600.8218960839392,PLANT03,1013,21
1447147916.7,2013-05-01,PORT04,V444_0,2,DTP,0,0,V5555_33,1689543,PLANT03,PORT09,425,616.93,PLANT03,1013,21
1447391114.7,2013-05-01,PORT04,V444_0,2,DTP,0,0,V5555_33,1689543,PLANT03,PORT09,621,922.16,PLANT03,1013,31
1447197255.7,2013-05-02,PORT04,V444_0,2,DTP,0,0,V5555_33,1689543,PLANT03,PORT09,205,243.39,PLANT03,1013,9
1447194636.7,2013-05-03,PORT04,V444_0,2,DTP,0,0,V5555_33,1689543,PLANT03,PORT09,455,474.8,PLANT03,1013,16
1447221840.7,2013-05-04,PORT04,V444_0,2,DTP,0,0,V5555_33,1689543,PLANT03,PORT09,548,766.0838300773196,PLANT03,1013,26
1447243915.7,2013-05-05,PORT04,V444_0,2,DTP,0,0,V5555_33,1689543,PLANT03,PORT09,326,361.9421949400105,PLANT03,1013,13
1447304369.7,2013-05-06,PORT04,V444_0,2,DTP,0,0,V5555_33,1689543,PLANT03,PORT09,283,318.3281568127426,PLANT03,1013,11
1447364448.7,2013-05-06,PORT04,V444_0,2,DTP,0,0,V5555_33,1689543,PLANT03,PORT09,212,278.09,PLANT03,1013,10
1447288321.7,2013-05-07,PORT04,V444_0,2,DTP,0,0,V5555_33,1689543,PLANT03,PORT09,475,564.4259433499584,PLANT03,1013,19
1447232391.7,2013-05-08,PORT04,V444_0,2,DTP,0,0,V5555_33,1689543,PLANT03,PORT09,680,868.4747412757173,PLANT03,1013,29
1447279014.7,2013-05-08,PORT04,V444_0,2,DTP,0,0,V5555_33,1689543,PLANT03,PORT09,607,754.54,PLANT03,1013,26
1447302864.7,2013-05-09,PORT04,V444_0,2,DTP,0,0,V5555_33,1688294,PLANT03,PORT09,478,547.6591583250167,PLANT03,1013,19
1447299179.7,2013-05-10,PORT04,V444_0,2,DTP,0,0,V5555_33,1688294,PLANT03,PORT09,310,450.8073555413032,PLANT03,1013,16
1447351797.7,2013-05-10,PORT04,V444_0,2,DTP,0,0,V5555_33,1688294,PLANT03,PORT09,696,964.84,PLANT03,1013,33
1447300853.7,2013-05-11,PORT04,V444_0,2,DTP,0,0,V5555_33,1688294,PLANT03,PORT09,201,277.42,PLANT03,1013,10
1447304367.7,2013-05-12,PORT04,V444_0,2,DTP,0,0,V5555_33,1688294,PLANT03,PORT09,558,818.9130121966916,PLANT03,1013,28
1447366019.7,2013-05-12,PORT04,V444_0,2,DTP,0,0,V5555_33,1688294,PLANT03,PORT09,437,617.8203419218793,PLANT03,1013,21
1447321877.7,2013-05-13,PORT04,V444_0,2,DTP,0,0,V5555_33,1690617,PLANT03,PORT09,293,322.951686566016,PLANT03,1013,11
1447384425.7,2013-05-14,PORT04,V444_0,2,DTP,0,0,V5555_33,1688292,PLANT03,PORT09,666,870.84,PLANT03,1013,30
1447404680.7,2013-05-14,PORT04,V444_0,2,DTP,0,0,V5555_33,1688292,PLANT03,PORT09,401,556.0973247439099,PLANT03,1013,19
1447300851.7,2013-05-15,PORT04,V444_0,2,DTP,0,0,V5555_33,1688292,PLANT03,PORT09,379,431.77,PLANT03,1013,15
1447347896.7,2013-05-15,PORT04,V444_0,2,DTP,0,0,V5555_33,1688292,PLANT03,PORT09,336,476.9823063566902,PLANT03,1013,16
1447145766.7,2013-05-16,PORT04,V444_0,2,DTP,0,0,V5555_33,1688292,PLANT03,PORT09,530,648.9952735014834,PLANT03,1013,22
1447351800.7,2013-05-17,PORT04,V444_0,2,DTP,0,0,V5555_33,1688292,PLANT03,PORT09,339,461.8194096206731,PLANT03,1013,16
1447322795.7,2013-05-18,PORT04,V444_0,2,DTP,0,0,V5555_33,1688292,PLANT03,PORT09,591,674.0502011743157,PLANT03,1013,23
1447391112.7,2013-05-19,PORT04,V444_0,2,DTP,0,0,V5555_33,1688292,PLANT03,PORT09,306,428.6212037621119,PLANT03,1013,15
1447418044.7,2013-05-20,PORT04,V444_0,2,DTP,0,0,V5555_33,1688292,PLANT03,PORT09,302,320.95,PLANT03,1013,11
1447280063.7,2013-05-21,PORT04,V444_0,2,DTP,0,0,V5555_33,1688292,PLANT03,PORT09,420,599.86,PLANT03,1013,20
1447322714.7,2013-05-21,PORT04,V444_0,2,DTP,0,0,V5555_33,1688292,PLANT03,PORT09,255,304.3836210418525,PLANT03,1013,11
1447299062.7,2013-05-22,PORT04,V444_0,2,DTP,0,0,V5555_33,1689544,PLANT03,PORT09,692,978.09,PLANT03,1013,33
1447203023.7,2013-05-23,PORT04,V444_0,2,DTP,0,0,V5555_33,1689544,PLANT03,PORT09,632,706.0784896036386,PLANT03,1013,24
1447202686.7,2013-05-24,PORT04,V444_0,2,DTP,0,0,V5555_33,1689544,PLANT03,PORT09,348,515.3,PLANT03,1013,18
1447236401.7,2013-05-25,PORT04,V444_0,2,DTP,0,0,V5555_33,1689544,PLANT03,PORT09,558,632.07,PLANT03,1013,22
1447207537.7,2013-05-26,PORT04,V444_0,2,DTP,0,0,V5555_33,1689544,PLANT03,PORT09,383,443.81,PLANT03,1013,15
1447299180.7,2013-05-27,PORT04,V444_0,2,DTP,0,0,V5555_33,1689544,PLANT03,PORT09,492,709.67,PLANT03,1013,24
1447304365.7,2013-05-28,PORT04,V444_0,2,DTP,0,0,V5555_33,1689544,PLANT03,PORT09,376,428.94,PLANT03,1013,15
1447155220.7,2013-05-28,PORT04,V444_0,2,DTP,0,0,V5555_33,1689544,PLANT03,PORT09,507,678.9,PLANT03,1013,23
1447409173.7,2013-05-29,PORT04,V444_0,2,DTP,0,0,V5555_33,1689544,PLANT03,PORT09,446,543.15,PLANT03,1013,19
1447351879.7,2013-05-29,PORT04,V444_0,2,DTP,0,0,V5555_33,1689544,PLANT03,PORT09,451,527.6636552853774,PLANT03,1013,18
1447342389.7,2013-05-30,PORT04,V444_0,2,DTP,0,0,V5555_33,1689544,PLANT03,PORT09,483,546.0432190857159,PLANT03,1013,19
1447312018.7,2013-05-31,PORT04,V444_0,2,DTP,0,0,V5555_33,1689544,PLANT03,PORT09,296,434.4517080020694,PLANT03,1013,15
1447258883.7,2013-05-31,PORT04,V444_0,2,DTP,0,0,V5555_33,1689544,PLANT03,PORT09,407,499.1475908419216,PLANT03,1013,17
1447340936.7,2013-06-01,PORT04,V444_0,2,DTP,0,0,V5555_33,1689544,PLANT03,PORT09,336,376.32,PLANT03,1013,13
1447326107.7,2013-06-02,PORT04,V444_0,2,DTP,0,0,V5555_33,1689544,PLANT03,PORT09,671,785.548177952242,PLANT03,1013,27
1447300854.7,2013-06-03,PORT04,V444_0,2,DTP,0,0,V5555_33,1689544,PLANT03,PORT09,489,535.3066906728449,PLANT03,1013,18
1447211457.7,2013-06-04,PORT04,V444_0,2,DTP,0,0,V5555_33,1689544,PLANT03,PORT09,689,1000.69,PLANT03,1013,34
1447222990.7,2013-06-04,PORT04,V444_0,2,DTP,0,0,V5555_33,1689544,PLANT03,PORT09,559,720.52,PLANT03,1013,25
1447409161.7,2013-06-05,PORT04,V444_0,2,DTP,0,0,V5555_33,1689544,PLANT03,PORT09,394,543.1384785956292,PLANT03,1013,19
1447320210.7,2013-06-06,PORT04,V444_0,2,DTP,0,0,V5555_33,1689544,PLANT03,PORT09,362,400.45,PLANT03,1013,14
1447225275.7,2013-06-07,PORT04,V444_0,2,DTP,0,0,V5555_33,1689544,PLANT03,PORT09,374,449.25,PLANT03,1013,15
1447258857.7,2013-06-07,PORT04,V444_0,2,DTP,0,0,V5555_33,1689544,PLANT03,PORT09,539,743.1366680489684,PLANT03,1013,25
1447319051.7,2013-06-08,PORT04,V444_0,2,DTP,0,0,V5555_33,1689544,PLANT03,PORT09,382,402.4479211038495,PLANT03,1013,14
1447308356.7,2013-06-08,PORT04,V444_0,2,DTP,0,0,V5555_33,1689544,PLANT03,PORT09,265,289.46380059852646,PLANT03,1013,10
1447334706.7,2013-06-09,PORT04,V444_0,2,DTP,0,0,V5555_33,1689544,PLANT03,PORT09,539,762.940801599341,PLANT03,1013,26
1447244613.7,2013-06-10,PORT04,V444_0,2,DTP,0,0,V5555_33,1689544,PLANT03,PORT09,680,719.75,PLANT03,1013,24
1447292033.7,2013-06-10,PORT04,V444_0,2,DTP,0,0,V5555_33,1689544,PLANT03,PORT09,449,479.78,PLANT03,1013,16
1447236402.7,2013-06-11,PORT04,V444_0,2,DTP,0,0,V5555_33,1688288,PLANT03,PORT09,476,614.8979988079277,PLANT03,1013,21
1447346631.7,2013-06-12,PORT04,V444_0,2,DTP,0,0,V5555_33,1688288,PLANT03,PORT09,312,319.0588734869465,PLANT03,1013,11
1447207542.7,2013-06-12,PORT04,V444_0,2,DTP,0,0,V5555_33,1688288,PLANT03,PORT09,670,890.65,PLANT03,1013,30
1447318990.7,2013-06-13,PORT04,V444_0,2,DTP,0,0,V5555_33,1688288,PLANT03,PORT09,426,546.69,PLANT03,1013,19
1447222992.7,2013-06-13,PORT04,V444_0,2,DTP,0,0,V5555_33,1688288,PLANT03,PORT09,650,783.53,PLANT03,1013,27
1447147910.7,2013-06-14,PORT04,V444_0,2,DTP,0,0,V5555_33,1688288,PLANT03,PORT09,696,724.7914457890374,PLANT03,1013,25
1447246442.7,2013-06-14,PORT04,V444_0,2,DTP,0,0,V5555_33,1688288,PLANT03,PORT09,391,411.42,PLANT03,1013,14
1447206413.7,2013-06-15,PORT04,V444_0,2,DTP,0,0,V5555_33,1688288,PLANT03,PORT09,236,250.01,PLANT03,1013,9
1447274826.7,2013-06-16,PORT04,V444_0,2,DTP,0,0,V5555_33,1688288,PLANT03,PORT09,396,409.31,PLANT03,1013,14
1447334707.7,2013-06-17,PORT04,V444_0,2,DTP,0,0,V5555_33,1688288,PLANT03,PORT09,559,568.07,PLANT03,1013,19
1447404682.7,2013-06-18,PORT04,V444_0,2,DTP,0,0,V5555_33,1688288,PLANT03,PORT09,307,322.85117886231995,PLANT03,1013,11
1447351881.7,2013-06-18,PORT04,V444_0,2,DTP,0,0,V5555_33,1688288,PLANT03,PORT09,578,794.22,PLANT03,1013,27
1447312024.7,2013-06-19,PORT04,V444_0,2,DTP,0,0,V5555_33,1688288,PLANT03,PORT09,637,771.9,PLANT03,1013,26
1447372975.7,2013-06-20,PORT04,V444_0,2,DTP,0,0,V5555_33,1688288,PLANT03,PORT09,422,587.0127123146531,PLANT03,1013,20
1447321876.7,2013-06-21,PORT04,V444_0,2,DTP,0,0,V5555_33,1688288,PLANT03,PORT09,446,471.80139395420736,PLANT03,1013,16
1447329588.7,2013-06-21,PORT04,V444_0,2,DTP,0,0,V5555_33,1688288,PLANT03,PORT09,584,717.7152663747362,PLANT03,1013,24
1447385488.7,2013-06-22,PORT04,V444_0,2,DTP,0,0,V5555_33,1688288,PLANT03,PORT09,584,657.83,PLANT03,1013,22
1447221839.7,2013-06-23,PORT04,V444_0,2,DTP,0,0,V5555_33,1688288,PLANT03,PORT09,625,882.36,PLANT03,1013,30
1447386863.7,2013-06-23,PORT04,V444_0,2,DTP,0,0,V5555_33,1688288,PLANT03,PORT09,365,528.5,PLANT03,1013,18
1447184384.7,2013-06-24,PORT04,V444_0,2,DTP,0,0,V5555_33,1688288,PLANT03,PORT09,374,383.68,PLANT03,1013,13
1447394305.7,2013-06-24,PORT04,V444_0,2,DTP,0,0,V5555_33,1688288,PLANT03,PORT09,340,354.3970181188021,PLANT03,1013,12
1447326108.7,2013-06-25,PORT04,V444_0,2,DTP,0,0,V5555_33,1688288,PLANT03,PORT09,628,892.0453350665127,PLANT03,1013,30
1447308358.7,2013-06-25,PORT04,V444_0,2,DTP,0,0,V5555_33,1688288,PLANT03,PORT09,438,468.57,PLANT03,1013,16
1447292034.7,2013-06-26,PORT04,V444_0,2,DTP,0,0,V5555_33,1688288,PLANT03,PORT09,482,670.342861105866,PLANT03,1013,23
1447391113.7,2013-06-27,PORT04,V444_0,2,DTP,0,0,V5555_33,1688288,PLANT03,PORT09,362,365.03,PLANT03,1013,13
1447211459.7,2013-06-27,PORT04,V444_0,2,DTP,0,0,V5555_33,1688288,PLANT03,PORT09,257,344.88,PLANT03,1013,12
1447225249.7,2013-06-28,PORT04,V444_0,2,DTP,0,0,V5555_33,1688288,PLANT03,PORT09,502,621.3746441473241,PLANT03,1013,21
1447262386.7,2013-06-28,PORT04,V444_0,2,DTP,0,0,V5555_33,1688288,PLANT03,PORT09,397,526.85,PLANT03,1013,18
1447273264.7,2013-06-29,PORT04,V444_0,2,DTP,0,0,V5555_33,1688288,PLANT03,PORT09,472,691.03,PLANT03,1013,24
1447145767.7,2013-06-29,PORT04,V444_0,2,DTP,0,0,V5555_33,1688288,PLANT03,PORT09,590,713.2117637660134,PLANT03,1013,24
1447229519.7,2013-06-30,PORT04,V444_0,2,DTP,0,0,V5555_33,1688288,PLANT03,PORT09,262,384.94,PLANT03,1013,13
1447227191.7,2013-07-01,PORT04,V444_0,2,DTP,0,0,V5555_33,1688288,PLANT03,PORT09,618,727.59,PLANT03,1013,25
1447184068.7,2013-07-02,PORT04,V444_0,2,DTP,0,0,V5555_33,1689550,PLANT03,PORT09,321,454.8,PLANT03,1013,16
1447191297.7,2013-07-02,PORT04,V444_0,2,DTP,0,0,V5555_33,1689550,PLANT03,PORT09,516,629.05,PLANT03,1013,21
1447385490.7,2013-07-03,PORT04,V444_0,2,DTP,0,0,V5555_33,1689550,PLANT03,PORT09,264,322.62,PLANT03,1013,11
1447221842.7,2013-07-03,PORT04,V444_0,2,DTP,0,0,V5555_33,1689550,PLANT03,PORT09,653,873.66,PLANT03,1013,30
1447246603.7,2013-07-04,PORT04,V444_0,2,DTP,0,0,V5555_33,1689550,PLANT03,PORT09,662,792.8308334077133,PLANT03,1013,27
1447366021.7,2013-07-04,PORT04,V444_0,2,DTP,0,0,V5555_33,1689550,PLANT03,PORT09,386,391.63,PLANT03,1013,14
1447355456.7,2013-07-05,PORT04,V444_0,2,DTP,0,0,V5555_33,1688290,PLANT03,PORT09,628,697.11,PLANT03,1013,24
1447203021.7,2013-07-05,PORT04,V444_0,2,DTP,0,0,V5555_33,1688290,PLANT03,PORT09,393,502.4584608585444,PLANT03,1013,17
1447185901.7,2013-07-06,PORT04,V444_0,2,DTP,0,0,V5555_33,1688290,PLANT03,PORT09,470,641.9,PLANT03,1013,22
1447151664.7,2013-07-06,PORT04,V444_0,2,DTP,0,0,V5555_33,1688290,PLANT03,PORT09,244,346.05281585540007,PLANT03,1013,12
1447258856.7,2013-07-07,PORT04,V444_0,2,DTP,0,0,V5555_33,1688290,PLANT03,PORT09,570,678.1907778687261,PLANT03,1013,23
1447282074.7,2013-07-07,PORT04,V444_0,2,DTP,0,0,V5555_33,1688290,PLANT03,PORT09,663,796.66,PLANT03,1013,27
1447250464.7,2013-07-08,PORT04,V444_0,2,DTP,0,0,V5555_33,1688290,PLANT03,PORT09,569,761.7311312644498,PLANT03,1013,26
1447299065.7,2013-07-08,PORT04,V444_0,2,DTP,0,0,V5555_33,1688290,PLANT03,PORT09,259,316.49,PLANT03,1013,11
1447312015.7,2013-07-09,PORT04,V444_0,2,DTP,0,0,V5555_33,1688290,PLANT03,PORT09,652,654.63,PLANT03,1013,22
1447304363.7,2013-07-10,PORT04,V444_0,2,DTP,0,0,V5555_33,1688290,PLANT03,PORT09,693,730.29,PLANT03,1013,25
1447191294.7,2013-07-11,PORT04,V444_0,2,DTP,0,0,V5555_33,1688290,PLANT03,PORT09,487,592.6231328253872,PLANT03,1013,20
1447377052.7,2013-07-11,PORT04,V444_0,2,DTP,0,0,V5555_33,1688290,PLANT03,PORT09,577,725.3165351760384,PLANT03,1013,25
1447284615.7,2013-07-12,PORT04,V444_0,2,DTP,0,0,V5555_33,1688290,PLANT03,PORT09,205,238.33414761831165,PLANT03,1013,8
1447173874.7,2013-07-12,PORT04,V444_0,2,DTP,0,0,V5555_33,1688290,PLANT03,PORT09,522,738.24,PLANT03,1013,25
1447385485.7,2013-07-13,PORT04,V444_0,2,DTP,0,0,V5555_33,1688290,PLANT03,PORT09,587,682.1954945584989,PLANT03,1013,23
1447222830.7,2013-07-13,PORT04,V444_0,2,DTP,0,0,V5555_33,1688290,PLANT03,PORT09,666,781.15,PLANT03,1013,27
1447187181.7,2013-07-14,PORT04,V444_0,2,DTP,0,0,V5555_33,1688290,PLANT03,PORT09,490,721.955279949599,PLANT03,1013,25
1447185907.7,2013-07-14,PORT04,V444_0,2,DTP,0,0,V5555_33,1688290,PLANT03,PORT09,567,742.5838692478144,PLANT03,1013,25
1447384424.7,2013-07-15,PORT04,V444_0,2,DTP,0,0,V5555_33,1688290,PLANT03,PORT09,202,302.7599050473899,PLANT03,1013,11
1447232385.7,2013-07-15,PORT04,V444_0,2,DTP,0,0,V5555_33,1688290,PLANT03,PORT09,469,630.3466831338832,PLANT03,1013,22
1447410492.7,2013-07-16,PORT04,V444_0,2,DTP,0,0,V5555_33,1688290,PLANT03,PORT09,528,575.83,PLANT03,1013,20
1447206411.7,2013-07-17,PORT04,V444_0,2,DTP,0,0,V5555_33,1688290,PLANT03,PORT09,268,309.17,PLANT03,1013,11
1447407391.7,2013-07-18,PORT04,V444_0,2,DTP,0,0,V5555_33,1688290,PLANT03,PORT09,480,518.4541442343616,PLANT03,1013,18
1447211458.7,2013-07-18,PORT04,V444_0,2,DTP,0,0,V5555_33,1688290,PLANT03,PORT09,567,692.38,PLANT03,1013,24
1447407048.7,2013-07-19,PORT04,V444_0,2,DTP,0,0,V5555_33,1688290,PLANT03,PORT09,693,829.2105039693324,PLANT03,1013,28
1447147908.7,2013-07-19,PORT04,V444_0,2,DTP,0,0,V5555_33,1688290,PLANT03,PORT09,624,640.3460842255967,PLANT03,1013,22
1447187883.7,2013-07-20,PORT04,V444_0,2,DTP,0,0,V5555_33,1688290,PLANT03,PORT09,425,441.3215812272222,PLANT03,1013,15
1447300850.7,2013-07-20,PORT04,V444_0,2,DTP,0,0,V5555_33,1688290,PLANT03,PORT09,284,402.56,PLANT03,1013,14
1447404674.7,2013-07-21,PORT04,V444_0,2,DTP,0,0,V5555_33,1688290,PLANT03,PORT09,408,455.22,PLANT03,1013,16
1447299178.7,2013-07-22,PORT04,V444_0,2,DTP,0,0,V5555_33,1688290,PLANT03,PORT09,320,387.14038124908967,PLANT03,1013,13
1447246440.7,2013-07-22,PORT04,V444_0,2,DTP,0,0,V5555_33,1688290,PLANT03,PORT09,530,641.3010796315723,PLANT03,1013,22
1447147912.7,2013-07-23,PORT04,V444_0,2,DTP,0,0,V5555_33,1688290,PLANT03,PORT09,700,955.91,PLANT03,1013,32
1447221838.7,2013-07-24,PORT04,V444_0,2,DTP,0,0,V5555_33,1688290,PLANT03,PORT09,563,651.3083831426565,PLANT03,1013,22
1447386861.7,2013-07-25,PORT04,V444_0,2,DTP,0,0,V5555_33,1688290,PLANT03,PORT09,275,325.07,PLANT03,1013,11
1447222988.7,2013-07-25,PORT04,V444_0,2,DTP,0,0,V5555_33,1688290,PLANT03,PORT09,445,566.0842024070738,PLANT03,1013,19
1447319049.7,2013-07-26,PORT04,V444_0,2,DTP,0,0,V5555_33,1688290,PLANT03,PORT09,278,315.74,PLANT03,1013,11
1447319056.7,2013-07-27,PORT04,V444_0,2,DTP,0,0,V5555_33,1688285,PLANT03,PORT09,574,731.8122775167709,PLANT03,1013,25
1447300857.7,2013-07-28,PORT04,V444_0,2,DTP,0,0,V5555_33,1688285,PLANT03,PORT09,340,481.5,PLANT03,1013,17
1447340935.7,2013-07-28,PORT04,V444_0,2,DTP,0,0,V5555_33,1688285,PLANT03,PORT09,452,523.7673350505074,PLANT03,1013,18
1447244617.7,2013-07-29,PORT04,V444_0,2,DTP,0,0,V5555_33,1688285,PLANT03,PORT09,524,547.558056153242,PLANT03,1013,19
1447279017.7,2013-07-29,PORT04,V444_0,2,DTP,0,0,V5555_33,1688285,PLANT03,PORT09,317,370.49,PLANT03,1013,13
1447221847.7,2013-07-30,PORT04,V444_0,2,DTP,0,0,V5555_33,1688285,PLANT03,PORT09,350,386.95,PLANT03,1013,13
1447163979.7,2013-07-30,PORT04,V444_0,2,DTP,0,0,V5555_33,1688285,PLANT03,PORT09,692,993.24,PLANT03,1013,34
1447351886.7,2013-07-31,PORT04,V444_0,2,DTP,0,0,V5555_33,1688285,PLANT03,PORT09,394,489.43,PLANT03,1013,17
1447329591.7,2013-08-01,PORT04,V444_0,2,DTP,0,0,V5555_33,1688285,PLANT03,PORT09,474,525.2513751802073,PLANT03,1013,18
1447355457.7,2013-08-01,PORT04,V444_0,2,DTP,0,0,V5555_33,1688285,PLANT03,PORT09,364,502.3492892218089,PLANT03,1013,17
1447221881.7,2013-08-02,PORT04,V444_0,2,DTP,0,0,V5555_33,1688285,PLANT03,PORT09,480,544.3618482587792,PLANT03,1013,19
1447334705.7,2013-08-02,PORT04,V444_0,2,DTP,0,0,V5555_33,1688285,PLANT03,PORT09,605,642.9835875377686,PLANT03,1013,22
1447225248.7,2013-08-03,PORT04,V444_0,2,DTP,0,0,V5555_33,1688285,PLANT03,PORT09,555,717.2927202936647,PLANT03,1013,24
1447384428.7,2013-08-03,PORT04,V444_0,2,DTP,0,0,V5555_33,1688285,PLANT03,PORT09,233,255.54,PLANT03,1013,9
1447384423.7,2013-08-04,PORT04,V444_0,2,DTP,0,0,V5555_33,1688285,PLANT03,PORT09,555,800.89,PLANT03,1013,27
1447250084.7,2013-08-05,PORT04,V444_0,2,DTP,0,0,V5555_33,1688285,PLANT03,PORT09,528,588.7183510462955,PLANT03,1013,20
1447394310.7,2013-08-05,PORT04,V444_0,2,DTP,0,0,V5555_33,1688285,PLANT03,PORT09,269,386.7,PLANT03,1013,13
1447283823.7,2013-08-06,PORT04,V444_0,2,DTP,0,0,V5555_33,1688285,PLANT03,PORT09,208,264.7405406663749,PLANT03,1013,9
1447258890.7,2013-08-06,PORT04,V444_0,2,DTP,0,0,V5555_33,1688285,PLANT03,PORT09,204,219.94,PLANT03,1013,8
1447363164.7,2013-08-07,PORT04,V444_0,2,DTP,0,0,V5555_33,1688285,PLANT03,PORT09,477,637.0980918171481,PLANT03,1013,22
1447229524.7,2013-08-08,PORT04,V444_0,2,DTP,0,0,V5555_33,1688285,PLANT03,PORT09,276,412.9762877773113,PLANT03,1013,14
1447308362.7,2013-08-08,PORT04,V444_0,2,DTP,0,0,V5555_33,1688285,PLANT03,PORT09,334,353.5857846826743,PLANT03,1013,12
1447407630.7,2013-08-09,PORT04,V444_0,2,DTP,0,0,V5555_33,1688285,PLANT03,PORT09,583,805.03,PLANT03,1013,27
1447404686.7,2013-08-10,PORT04,V444_0,2,DTP,0,0,V5555_33,1688285,PLANT03,PORT09,538,803.01,PLANT03,1013,27
1447312021.7,2013-08-11,PORT04,V444_0,2,DTP,0,0,V5555_33,1689549,PLANT03,PORT09,571,698.46,PLANT03,1013,24
1447344561.7,2013-08-12,PORT04,V444_0,2,DTP,0,0,V5555_33,1689549,PLANT03,PORT09,472,590.17,PLANT03,1013,20
1447155226.7,2013-08-12,PORT04,V444_0,2,DTP,0,0,V5555_33,1689549,PLANT03,PORT09,622,912.61,PLANT03,1013,31
1447147911.7,2013-08-13,PORT04,V444_0,2,DTP,0,0,V5555_33,1689549,PLANT03,PORT09,594,759.19,PLANT03,1013,26
1447304370.7,2013-08-14,PORT04,V444_0,2,DTP,0,0,V5555_33,1689549,PLANT03,PORT09,566,797.6016602126085,PLANT03,1013,27
1447232390.7,2013-08-14,PORT04,V444_0,2,DTP,0,0,V5555_33,1689549,PLANT03,PORT09,424,528.3532508186705,PLANT03,1013,18
1447243912.7,2013-08-15,PORT04,V444_0,2,DTP,0,0,V5555_33,1689549,PLANT03,PORT09,675,938.56,PLANT03,1013,32
1447258887.7,2013-08-16,PORT04,V444_0,2,DTP,0,0,V5555_33,1689549,PLANT03,PORT09,479,601.5374405133039,PLANT03,1013,21
1447202688.7,2013-08-16,PORT04,V444_0,2,DTP,0,0,V5555_33,1689549,PLANT03,PORT09,658,980.14,PLANT03,1013,33
1447344560.7,2013-08-17,PORT04,V444_0,2,DTP,0,0,V5555_33,1689549,PLANT03,PORT09,394,457.89,PLANT03,1013,16
1447246604.7,2013-08-18,PORT04,V444_0,2,DTP,0,0,V5555_33,1689549,PLANT03,PORT09,381,495.9,PLANT03,1013,17
1447207539.7,2013-08-19,PORT04,V444_0,2,DTP,0,0,V5555_33,1689549,PLANT03,PORT09,381,462.7363813521578,PLANT03,1013,16
1447366432.7,2013-08-19,PORT04,V444_0,2,DTP,0,0,V5555_33,1689549,PLANT03,PORT09,480,484.4126741163833,PLANT03,1013,17
1447163974.7,2013-08-20,PORT04,V444_0,2,DTP,0,0,V5555_33,1689549,PLANT03,PORT09,495,575.15,PLANT03,1013,20
1447334708.7,2013-08-20,PORT04,V444_0,2,DTP,0,0,V5555_33,1689549,PLANT03,PORT09,573,635.6615291717235,PLANT03,1013,22
1447360532.7,2013-08-21,PORT04,V444_0,2,DTP,0,0,V5555_33,1689549,PLANT03,PORT09,436,568.11,PLANT03,1013,19
1447299185.7,2013-08-21,PORT04,V444_0,2,DTP,0,0,V5555_33,1689549,PLANT03,PORT09,562,593.88,PLANT03,1013,20
1447236399.7,2013-08-22,PORT04,V444_0,2,DTP,0,0,V5555_33,1689549,PLANT03,PORT09,673,872.9287368175479,PLANT03,1013,30
1447194634.7,2013-08-22,PORT04,V444_0,2,DTP,0,0,V5555_33,1689549,PLANT03,PORT09,272,335.28582301577006,PLANT03,1013,12
1447282080.7,2013-08-23,PORT04,V444_0,2,DTP,0,0,V5555_33,1689549,PLANT03,PORT09,425,603.928328070183,PLANT03,1013,21
1447151668.7,2013-08-23,PORT04,V444_0,2,DTP,0,0,V5555_33,1689549,PLANT03,PORT09,265,321.5,PLANT03,1013,11
1447407051.7,2013-08-24,PORT04,V444_0,2,DTP,0,0,V5555_33,1689549,PLANT03,PORT09,610,803.19,PLANT03,1013,27
1447420946.7,2013-08-24,PORT04,V444_0,2,DTP,0,0,V5555_33,1689549,PLANT03,PORT09,393,402.91,PLANT03,1013,14
1447280068.7,2013-08-25,PORT04,V444_0,2,DTP,0,0,V5555_33,1689549,PLANT03,PORT09,539,690.98,PLANT03,1013,24
1447334938.7,2013-08-25,PORT04,V444_0,2,DTP,0,0,V5555_33,1689549,PLANT03,PORT09,593,755.1,PLANT03,1013,26
1447147836.7,2013-08-26,PORT04,V444_0,2,DTP,0,0,V5555_33,1689549,PLANT03,PORT09,597,835.86,PLANT03,1013,28
1447274828.7,2013-08-26,PORT04,V444_0,2,DTP,0,0,V5555_33,1689549,PLANT03,PORT09,349,374.0,PLANT03,1013,13
1447206415.7,2013-08-27,PORT04,V444_0,2,DTP,0,0,V5555_33,1689549,PLANT03,PORT09,221,279.06,PLANT03,1013,10
1447222994.7,2013-08-27,PORT04,V444_0,2,DTP,0,0,V5555_33,1689549,PLANT03,PORT09,555,723.0210470209498,PLANT03,1013,25
1447147913.7,2013-08-28,PORT04,V444_0,2,DTP,0,0,V5555_33,1689549,PLANT03,PORT09,363,474.53,PLANT03,1013,16
1447342181.7,2013-08-29,PORT04,V444_0,2,DTP,0,0,V5555_33,1689549,PLANT03,PORT09,679,935.77548452339,PLANT03,1013,32
1447407434.7,2013-08-30,PORT04,V444_0,2,DTP,0,0,V5555_33,1689549,PLANT03,PORT09,651,757.0555364807927,PLANT03,1013,26
1447299187.7,2013-08-31,PORT04,V444_0,2,DTP,0,0,V5555_33,1688633,PLANT03,PORT09,678,692.4,PLANT03,1013,24
1447377050.7,2013-09-01,PORT04,V444_0,2,DTP,0,0,V5555_33,1688633,PLANT03,PORT09,692,981.693000469924,PLANT03,1013,33
1447384422.7,2013-09-02,PORT04,V444_0,2,DTP,0,0,V5555_33,1688633,PLANT03,PORT09,487,685.07,PLANT03,1013,23
1447366022.7,2013-09-02,PORT04,V444_0,2,DTP,0,0,V5555_33,1688633,PLANT03,PORT09,509,742.73,PLANT03,1013,25
1447182263.7,2013-09-03,PORT04,V444_0,2,DTP,0,0,V5555_33,1688633,PLANT03,PORT09,482,578.89,PLANT03,1013,20
1447299067.7,2013-09-04,PORT04,V444_0,2,DTP,0,0,V5555_33,1688633,PLANT03,PORT09,405,428.9392710139454,PLANT03,1013,15
1447206416.7,2013-09-05,PORT04,V444_0,2,DTP,0,0,V5555_33,1688633,PLANT03,PORT09,554,652.777140748179,PLANT03,1013,22
1447394308.7,2013-09-06,PORT04,V444_0,2,DTP,0,0,V5555_33,1688633,PLANT03,PORT09,389,494.09,PLANT03,1013,17
1447250469.7,2013-09-06,PORT04,V444_0,2,DTP,0,0,V5555_33,1688633,PLANT03,PORT09,450,635.31,PLANT03,1013,22
1447170840.7,2013-09-07,PORT04,V444_0,2,DTP,0,0,V5555_33,1688633,PLANT03,PORT09,525,738.2177567599648,PLANT03,1013,25
1447163976.7,2013-09-08,PORT04,V444_0,2,DTP,0,0,V5555_33,1688633,PLANT03,PORT09,628,938.4943568561976,PLANT03,1013,32
1447288320.7,2013-09-08,PORT04,V444_0,2,DTP,0,0,V5555_33,1688633,PLANT03,PORT09,271,283.867794793445,PLANT03,1013,10
1447304371.7,2013-09-09,PORT04,V444_0,2,DTP,0,0,V5555_33,1688633,PLANT03,PORT09,295,321.09,PLANT03,1013,11
1447385492.7,2013-09-10,PORT04,V444_0,2,DTP,0,0,V5555_33,1688633,PLANT03,PORT09,658,832.99,PLANT03,1013,28
1447202689.7,2013-09-10,PORT04,V444_0,2,DTP,0,0,V5555_33,1688633,PLANT03,PORT09,298,430.8064127476845,PLANT03,1013,15
1447211487.7,2013-09-11,PORT04,V444_0,2,DTP,0,0,V5555_33,1688633,PLANT03,PORT09,257,318.2252733542628,PLANT03,1013,11
1447191298.7,2013-09-12,PORT04,V444_0,2,DTP,0,0,V5555_33,1688633,PLANT03,PORT09,612,875.02,PLANT03,1013,30
1447187889.7,2013-09-12,PORT04,V444_0,2,DTP,0,0,V5555_33,1688633,PLANT03,PORT09,311,331.71,PLANT03,1013,12
1447229520.7,2013-09-13,PORT04,V444_0,2,DTP,0,0,V5555_33,1688633,PLANT03,PORT09,396,510.54,PLANT03,1013,18
1447262389.7,2013-09-14,PORT04,V444_0,2,DTP,0,0,V5555_33,1688633,PLANT03,PORT09,475,653.95,PLANT03,1013,22
1447221845.7,2013-09-15,PORT04,V444_0,2,DTP,0,0,V5555_33,1688633,PLANT03,PORT09,474,647.07,PLANT03,1013,22
1447364451.7,2013-09-15,PORT04,V444_0,2,DTP,0,0,V5555_33,1688633,PLANT03,PORT09,340,454.53,PLANT03,1013,16
1447145768.7,2013-09-16,PORT04,V444_0,2,DTP,0,0,V5555_33,1688633,PLANT03,PORT09,251,312.75,PLANT03,1013,11
1447246605.7,2013-09-16,PORT04,V444_0,2,DTP,0,0,V5555_33,1688633,PLANT03,PORT09,242,265.7457317214461,PLANT03,1013,9
1447207540.7,2013-09-17,PORT04,V444_0,2,DTP,0,0,V5555_33,1688633,PLANT03,PORT09,545,574.4421424300709,PLANT03,1013,20
1447232394.7,2013-09-17,PORT04,V444_0,2,DTP,0,0,V5555_33,1688633,PLANT03,PORT09,498,567.18,PLANT03,1013,19
1447308359.7,2013-09-18,PORT04,V444_0,2,DTP,0,0,V5555_33,1688633,PLANT03,PORT09,410,580.65,PLANT03,1013,20
1447292068.7,2013-09-18,PORT04,V444_0,2,DTP,0,0,V5555_33,1688633,PLANT03,PORT09,406,516.5020121897672,PLANT03,1013,18
1447203026.7,2013-09-19,PORT04,V444_0,2,DTP,0,0,V5555_33,1688633,PLANT03,PORT09,241,339.81813399770573,PLANT03,1013,12
1447147837.7,2013-09-19,PORT04,V444_0,2,DTP,0,0,V5555_33,1688633,PLANT03,PORT09,626,711.0691795330805,PLANT03,1013,24
1447225278.7,2013-09-20,PORT04,V444_0,2,DTP,0,0,V5555_33,1688633,PLANT03,PORT09,429,569.0577016705672,PLANT03,1013,19
1447386865.7,2013-09-20,PORT04,V444_0,2,DTP,0,0,V5555_33,1688633,PLANT03,PORT09,554,778.35,PLANT03,1013,26
1447284627.7,2013-09-21,PORT04,V444_0,2,DTP,0,0,V5555_33,1688633,PLANT03,PORT09,630,744.92,PLANT03,1013,25
1447407052.7,2013-09-21,PORT04,V444_0,2,DTP,0,0,V5555_33,1688633,PLANT03,PORT09,516,773.11,PLANT03,1013,26
1447322718.7,2013-09-22,PORT04,V444_0,2,DTP,0,0,V5555_33,1688633,PLANT03,PORT09,565,660.29,PLANT03,1013,23
1447181236.7,2013-09-22,PORT04,V444_0,2,DTP,0,0,V5555_33,1688633,PLANT03,PORT09,620,626.4895765262874,PLANT03,1013,21
1447355454.7,2013-09-23,PORT04,V444_0,2,DTP,0,0,V5555_33,1688589,PLANT03,PORT09,468,647.37,PLANT03,1013,22
1447250465.7,2013-09-24,PORT04,V444_0,2,DTP,0,0,V5555_33,1688589,PLANT03,PORT09,315,421.416907097614,PLANT03,1013,15
1447364447.7,2013-09-25,PORT04,V444_0,2,DTP,0,0,V5555_33,1688589,PLANT03,PORT09,206,252.78091726188072,PLANT03,1013,9
1447284616.7,2013-09-26,PORT04,V444_0,2,DTP,0,0,V5555_33,1688589,PLANT03,PORT09,688,774.3024103624009,PLANT03,1013,26
1447407050.7,2013-09-26,PORT04,V444_0,2,DTP,0,0,V5555_33,1688589,PLANT03,PORT09,227,292.7994873562308,PLANT03,1013,10
1447262385.7,2013-09-27,PORT04,V444_0,2,DTP,0,0,V5555_33,1688589,PLANT03,PORT09,253,312.0411038616457,PLANT03,1013,11
1447299061.7,2013-09-28,PORT04,V444_0,2,DTP,0,0,V5555_33,1688589,PLANT03,PORT09,533,549.284393920632,PLANT03,1013,19
1447288318.7,2013-09-28,PORT04,V444_0,2,DTP,0,0,V5555_33,1688589,PLANT03,PORT09,650,796.8153296939693,PLANT03,1013,27
1447351799.7,2013-09-29,PORT04,V444_0,2,DTP,0,0,V5555_33,1688589,PLANT03,PORT09,372,393.42,PLANT03,1013,14
1447203022.7,2013-09-30,PORT04,V444_0,2,DTP,0,0,V5555_33,1688589,PLANT03,PORT09,557,664.86,PLANT03,1013,23
1447273262.7,2013-10-01,PORT04,V444_0,2,DTP,0,0,V5555_33,1688589,PLANT03,PORT09,445,589.2319468097458,PLANT03,1013,20
1447334702.7,2013-10-01,PORT04,V444_0,2,DTP,0,0,V5555_33,1688589,PLANT03,PORT09,286,345.34,PLANT03,1013,12
1447312019.7,2013-10-02,PORT04,V444_0,2,DTP,0,0,V5555_33,1688589,PLANT03,PORT09,409,449.4172206108861,PLANT03,1013,15
1447202690.7,2013-10-03,PORT04,V444_0,2,DTP,0,0,V5555_33,1688589,PLANT03,PORT09,590,744.951233540567,PLANT03,1013,25
1447342388.7,2013-10-04,PORT04,V444_0,2,DTP,0,0,V5555_33,1688589,PLANT03,PORT09,507,582.3811481866977,PLANT03,1013,20
1447386862.7,2013-10-05,PORT04,V444_0,2,DTP,0,0,V5555_33,1688589,PLANT03,PORT09,617,628.75,PLANT03,1013,21
1447319054.7,2013-10-05,PORT04,V444_0,2,DTP,0,0,V5555_33,1688589,PLANT03,PORT09,417,461.81009679413097,PLANT03,1013,16
1447385487.7,2013-10-06,PORT04,V444_0,2,DTP,0,0,V5555_33,1688589,PLANT03,PORT09,656,688.3389075193552,PLANT03,1013,23
1447254366.7,2013-10-06,PORT04,V444_0,2,DTP,0,0,V5555_33,1688589,PLANT03,PORT09,607,850.71,PLANT03,1013,29
1447377053.7,2013-10-07,PORT04,V444_0,2,DTP,0,0,V5555_33,1688589,PLANT03,PORT09,498,638.9,PLANT03,1013,22
1447372974.7,2013-10-08,PORT04,V444_0,2,DTP,0,0,V5555_33,1688589,PLANT03,PORT09,355,407.5978298372145,PLANT03,1013,14
1447221836.7,2013-10-08,PORT04,V444_0,2,DTP,0,0,V5555_33,1688589,PLANT03,PORT09,246,353.0023534464157,PLANT03,1013,12
1447280065.7,2013-10-09,PORT04,V444_0,2,DTP,0,0,V5555_33,1688589,PLANT03,PORT09,216,272.55564893389794,PLANT03,1013,10
1447229515.7,2013-10-10,PORT04,V444_0,2,DTP,0,0,V5555_33,1688589,PLANT03,PORT09,238,297.7964143424049,PLANT03,1013,10
1447282076.7,2013-10-10,PORT04,V444_0,2,DTP,0,0,V5555_33,1688589,PLANT03,PORT09,477,590.73,PLANT03,1013,20
1447394304.7,2013-10-11,PORT04,V444_0,2,DTP,0,0,V5555_33,1688589,PLANT03,PORT09,491,683.3417769920952,PLANT03,1013,23
1447299063.7,2013-10-11,PORT04,V444_0,2,DTP,0,0,V5555_33,1688587,PLANT03,PORT09,654,875.86661214874,PLANT03,1013,30
1447304366.7,2013-10-12,PORT04,V444_0,2,DTP,0,0,V5555_33,1688587,PLANT03,PORT09,286,332.5729266951453,PLANT03,1013,12
1447151665.7,2013-10-12,PORT04,V444_0,2,DTP,0,0,V5555_33,1688587,PLANT03,PORT09,243,247.8946905315268,PLANT03,1013,9
1447155221.7,2013-10-13,PORT04,V444_0,2,DTP,0,0,V5555_33,1688587,PLANT03,PORT09,601,775.48,PLANT03,1013,26
1447221837.7,2013-10-14,PORT04,V444_0,2,DTP,0,0,V5555_33,1688587,PLANT03,PORT09,625,775.4,PLANT03,1013,26
1447299181.7,2013-10-15,PORT04,V444_0,2,DTP,0,0,V5555_33,1688587,PLANT03,PORT09,549,555.06,PLANT03,1013,19
1447326105.7,2013-10-15,PORT04,V444_0,2,DTP,0,0,V5555_33,1688587,PLANT03,PORT09,604,607.8979828502596,PLANT03,1013,21
1447181235.7,2013-10-16,PORT04,V444_0,2,DTP,0,0,V5555_33,1688587,PLANT03,PORT09,389,457.37,PLANT03,1013,16
1447288319.7,2013-10-17,PORT04,V444_0,2,DTP,0,0,V5555_33,1688587,PLANT03,PORT09,572,605.3072541177698,PLANT03,1013,21
1447282077.7,2013-10-18,PORT04,V444_0,2,DTP,0,0,V5555_33,1688587,PLANT03,PORT09,370,454.98,PLANT03,1013,16
1447329587.7,2013-10-19,PORT04,V444_0,2,DTP,0,0,V5555_33,1688587,PLANT03,PORT09,616,873.2947393275479,PLANT03,1013,30
1447163842.7,2013-10-19,PORT04,V444_0,2,DTP,0,0,V5555_33,1688587,PLANT03,PORT09,210,296.77,PLANT03,1013,10
1447273263.7,2013-10-20,PORT04,V444_0,2,DTP,0,0,V5555_33,1688587,PLANT03,PORT09,297,415.77,PLANT03,1013,14
1447163972.7,2013-10-21,PORT04,V444_0,2,DTP,0,0,V5555_33,1688587,PLANT03,PORT09,582,765.75,PLANT03,1013,26
1447372972.7,2013-10-21,PORT04,V444_0,2,DTP,0,0,V5555_33,1688587,PLANT03,PORT09,384,386.7968937122456,PLANT03,1013,13
1447222991.7,2013-10-22,PORT04,V444_0,2,DTP,0,0,V5555_33,1688587,PLANT03,PORT09,597,646.1415858352127,PLANT03,1013,22
1447232383.7,2013-10-23,PORT04,V444_0,2,DTP,0,0,V5555_33,1688587,PLANT03,PORT09,318,394.0553415856184,PLANT03,1013,14
1447407394.7,2013-10-24,PORT04,V444_0,2,DTP,0,0,V5555_33,1688587,PLANT03,PORT09,615,868.64,PLANT03,1013,29
1447322715.7,2013-10-24,PORT04,V444_0,2,DTP,0,0,V5555_33,1688587,PLANT03,PORT09,252,317.94857273617305,PLANT03,1013,11
1447167253.7,2013-10-25,PORT04,V444_0,2,DTP,0,0,V5555_33,1688587,PLANT03,PORT09,577,600.1105021268703,PLANT03,1013,21
1447320211.7,2013-10-26,PORT04,V444_0,2,DTP,0,0,V5555_33,1688587,PLANT03,PORT09,586,640.0465019605458,PLANT03,1013,22
1447284617.7,2013-10-27,PORT04,V444_0,2,DTP,0,0,V5555_33,1688587,PLANT03,PORT09,234,239.9845740575865,PLANT03,1013,8
1447279012.7,2013-10-28,PORT04,V444_0,2,DTP,0,0,V5555_33,1688587,PLANT03,PORT09,548,680.422634080773,PLANT03,1013,23
1447243914.7,2013-10-29,PORT04,V444_0,2,DTP,0,0,V5555_33,1688587,PLANT03,PORT09,321,344.32,PLANT03,1013,12
1447246441.7,2013-10-30,PORT04,V444_0,2,DTP,0,0,V5555_33,1688587,PLANT03,PORT09,650,673.13,PLANT03,1013,23
1447274825.7,2013-10-31,PORT04,V444_0,2,DTP,0,0,V5555_33,1688587,PLANT03,PORT09,394,566.97,PLANT03,1013,19
1447225276.7,2013-11-01,PORT04,V444_0,2,DTP,0,0,V5555_33,1688587,PLANT03,PORT09,700,717.0431969399754,PLANT03,1013,24
1447229516.7,2013-11-02,PORT04,V444_0,2,DTP,0,0,V5555_33,1688587,PLANT03,PORT09,425,464.37,PLANT03,1013,16
1447250466.7,2013-11-02,PORT04,V444_0,2,DTP,0,0,V5555_33,1688587,PLANT03,PORT09,684,838.3080714761475,PLANT03,1013,28
1447173870.7,2013-11-03,PORT04,V444_0,2,DTP,0,0,V5555_33,1688587,PLANT03,PORT09,309,379.1860123040276,PLANT03,1013,13
1447182259.7,2013-11-03,PORT04,V444_0,2,DTP,0,0,V5555_33,1688587,PLANT03,PORT09,505,547.896485987812,PLANT03,1013,19
1447258858.7,2013-11-04,PORT04,V444_0,2,DTP,0,0,V5555_33,1688587,PLANT03,PORT09,693,872.6816251226768,PLANT03,1013,30
1447312017.7,2013-11-04,PORT04,V444_0,2,DTP,0,0,V5555_33,1688575,PLANT03,PORT09,576,593.02,PLANT03,1013,20
1447194632.7,2013-11-05,PORT04,V444_0,2,DTP,0,0,V5555_33,1688575,PLANT03,PORT09,626,640.7,PLANT03,1013,22
1447147909.7,2013-11-06,PORT04,V444_0,2,DTP,0,0,V5555_33,1688575,PLANT03,PORT09,533,609.19,PLANT03,1013,21
1447206412.7,2013-11-07,PORT04,V444_0,2,DTP,0,0,V5555_33,1688575,PLANT03,PORT09,640,657.7330843015181,PLANT03,1013,22
1447163841.7,2013-11-08,PORT04,V444_0,2,DTP,0,0,V5555_33,1688575,PLANT03,PORT09,310,374.12,PLANT03,1013,13
1447292032.7,2013-11-08,PORT04,V444_0,2,DTP,0,0,V5555_33,1688575,PLANT03,PORT09,419,489.2603515025584,PLANT03,1013,17
1447384426.7,2013-11-09,PORT04,V444_0,2,DTP,0,0,V5555_33,1688575,PLANT03,PORT09,695,1027.46,PLANT03,1013,35
1447163971.7,2013-11-09,PORT04,V444_0,2,DTP,0,0,V5555_33,1688575,PLANT03,PORT09,663,982.2872174720696,PLANT03,1013,33
1447407049.7,2013-11-10,PORT04,V444_0,2,DTP,0,0,V5555_33,1688575,PLANT03,PORT09,468,507.6639574966577,PLANT03,1013,17
1447187884.7,2013-11-11,PORT04,V444_0,2,DTP,0,0,V5555_33,1688575,PLANT03,PORT09,566,624.8,PLANT03,1013,21
1447170838.7,2013-11-11,PORT04,V444_0,2,DTP,0,0,V5555_33,1688575,PLANT03,PORT09,500,618.77,PLANT03,1013,21
1447236400.7,2013-11-12,PORT04,V444_0,2,DTP,0,0,V5555_33,1688575,PLANT03,PORT09,660,752.5982683685122,PLANT03,1013,26
1447389294.7,2013-11-13,PORT04,V444_0,2,DTP,0,0,V5555_33,1688575,PLANT03,PORT09,346,517.705029288021,PLANT03,1013,18
1447232386.7,2013-11-14,PORT04,V444_0,2,DTP,0,0,V5555_33,1688575,PLANT03,PORT09,213,301.46132398598576,PLANT03,1013,11
1447351798.7,2013-11-14,PORT04,V444_0,2,DTP,0,0,V5555_33,1688575,PLANT03,PORT09,432,568.23,PLANT03,1013,19
1447319050.7,2013-11-15,PORT04,V444_0,2,DTP,0,0,V5555_33,1688575,PLANT03,PORT09,350,352.91826736072187,PLANT03,1013,12
1447182258.7,2013-11-15,PORT04,V444_0,2,DTP,0,0,V5555_33,1688575,PLANT03,PORT09,275,375.49467254422206,PLANT03,1013,13
1447191295.7,2013-11-16,PORT04,V444_0,2,DTP,0,0,V5555_33,1688575,PLANT03,PORT09,488,691.16,PLANT03,1013,24
1447202685.7,2013-11-17,PORT04,V444_0,2,DTP,0,0,V5555_33,1688575,PLANT03,PORT09,325,334.69,PLANT03,1013,12
1447407393.7,2013-11-18,PORT04,V444_0,2,DTP,0,0,V5555_33,1688575,PLANT03,PORT09,326,393.78,PLANT03,1013,14
1447372973.7,2013-11-18,PORT04,V444_0,2,DTP,0,0,V5555_33,1688575,PLANT03,PORT09,532,696.55,PLANT03,1013,24
1447207541.7,2013-11-19,PORT04,V444_0,2,DTP,0,0,V5555_33,1688575,PLANT03,PORT09,215,283.03,PLANT03,1013,10
1447394303.7,2013-11-19,PORT04,V444_0,2,DTP,0,0,V5555_33,1688575,PLANT03,PORT09,372,396.73982259676313,PLANT03,1013,14
1447404681.7,2013-11-20,PORT04,V444_0,2,DTP,0,0,V5555_33,1688575,PLANT03,PORT09,413,594.64,PLANT03,1013,20
1447364446.7,2013-11-21,PORT04,V444_0,2,DTP,0,0,V5555_33,1688575,PLANT03,PORT09,688,759.6604941629301,PLANT03,1013,26
1447308355.7,2013-11-22,PORT04,V444_0,2,DTP,0,0,V5555_33,1688575,PLANT03,PORT09,542,673.1104883022354,PLANT03,1013,23
1447202848.7,2013-11-22,PORT04,V444_0,2,DTP,0,0,V5555_33,1688575,PLANT03,PORT09,357,524.5516691728669,PLANT03,1013,18
1447377051.7,2013-11-23,PORT04,V444_0,2,DTP,0,0,V5555_33,1688629,PLANT03,PORT09,424,563.0515023768608,PLANT03,1013,19
1447319053.7,2013-11-24,PORT04,V444_0,2,DTP,0,0,V5555_33,1688629,PLANT03,PORT09,500,556.1506100187212,PLANT03,1013,19
1447299068.7,2013-11-25,PORT04,V444_0,2,DTP,0,0,V5555_33,1688629,PLANT03,PORT09,367,413.7081896261248,PLANT03,1013,14
1447203027.7,2013-11-26,PORT04,V444_0,2,DTP,0,0,V5555_33,1688629,PLANT03,PORT09,539,727.4719861550873,PLANT03,1013,25
1447351885.7,2013-11-26,PORT04,V444_0,2,DTP,0,0,V5555_33,1688629,PLANT03,PORT09,444,569.96,PLANT03,1013,19
1447182264.7,2013-11-27,PORT04,V444_0,2,DTP,0,0,V5555_33,1688629,PLANT03,PORT09,495,646.0017107039681,PLANT03,1013,22
1447280069.7,2013-11-27,PORT04,V444_0,2,DTP,0,0,V5555_33,1688629,PLANT03,PORT09,542,627.99,PLANT03,1013,21
1447372978.7,2013-11-28,PORT04,V444_0,2,DTP,0,0,V5555_33,1688629,PLANT03,PORT09,600,808.2052242317227,PLANT03,1013,27
1447155223.7,2013-11-28,PORT04,V444_0,2,DTP,0,0,V5555_33,1688629,PLANT03,PORT09,257,257.8306699759778,PLANT03,1013,9
1447194635.7,2013-11-29,PORT04,V444_0,2,DTP,0,0,V5555_33,1688629,PLANT03,PORT09,237,247.82009310154345,PLANT03,1013,9
1447187890.7,2013-11-30,PORT04,V444_0,2,DTP,0,0,V5555_33,1688629,PLANT03,PORT09,367,390.6,PLANT03,1013,14
1447312023.7,2013-11-30,PORT04,V444_0,2,DTP,0,0,V5555_33,1688629,PLANT03,PORT09,424,443.38,PLANT03,1013,15
1447394309.7,2013-12-01,PORT04,V444_0,2,DTP,0,0,V5555_33,1688629,PLANT03,PORT09,571,687.3,PLANT03,1013,23
1447308360.7,2013-12-02,PORT04,V444_0,2,DTP,0,0,V5555_33,1688629,PLANT03,PORT09,200,219.62943023110668,PLANT03,1013,8
1447181237.7,2013-12-02,PORT04,V444_0,2,DTP,0,0,V5555_33,1688629,PLANT03,PORT09,325,418.78,PLANT03,1013,14
1447163977.7,2013-12-03,PORT04,V444_0,2,DTP,0,0,V5555_33,1688629,PLANT03,PORT09,420,590.1338288915375,PLANT03,1013,20
1447211488.7,2013-12-03,PORT04,V444_0,2,DTP,0,0,V5555_33,1688629,PLANT03,PORT09,215,246.79286297896476,PLANT03,1013,9
1447246606.7,2013-12-04,PORT04,V444_0,2,DTP,0,0,V5555_33,1688629,PLANT03,PORT09,602,651.550774484188,PLANT03,1013,22
1447385493.7,2013-12-04,PORT04,V444_0,2,DTP,0,0,V5555_33,1688629,PLANT03,PORT09,559,627.9965392130074,PLANT03,1013,21
1447229521.7,2013-12-05,PORT04,V444_0,2,DTP,0,0,V5555_33,1688629,PLANT03,PORT09,244,315.7349787945876,PLANT03,1013,11
1447364452.7,2013-12-06,PORT04,V444_0,2,DTP,0,0,V5555_33,1688629,PLANT03,PORT09,560,582.8409791711825,PLANT03,1013,20
1447151667.7,2013-12-06,PORT04,V444_0,2,DTP,0,0,V5555_33,1688629,PLANT03,PORT09,689,955.19,PLANT03,1013,32
1447191299.7,2013-12-07,PORT04,V444_0,2,DTP,0,0,V5555_33,1688629,PLANT03,PORT09,643,647.6967925705059,PLANT03,1013,22
1447221846.7,2013-12-07,PORT04,V444_0,2,DTP,0,0,V5555_33,1688629,PLANT03,PORT09,678,682.7,PLANT03,1013,23
1447184069.7,2013-12-08,PORT04,V444_0,2,DTP,0,0,V5555_33,1688629,PLANT03,PORT09,308,430.99,PLANT03,1013,15
1447206417.7,2013-12-09,PORT04,V444_0,2,DTP,0,0,V5555_33,1688629,PLANT03,PORT09,342,368.3,PLANT03,1013,13
1447232395.7,2013-12-09,PORT04,V444_0,2,DTP,0,0,V5555_33,1688629,PLANT03,PORT09,446,593.75,PLANT03,1013,20
1447292069.7,2013-12-10,PORT04,V444_0,2,DTP,0,0,V5555_33,1688629,PLANT03,PORT09,457,643.4740611754557,PLANT03,1013,22
1447173872.7,2013-12-11,PORT04,V444_0,2,DTP,0,0,V5555_33,1688629,PLANT03,PORT09,529,584.1216872220486,PLANT03,1013,20
1447222996.7,2013-12-12,PORT04,V444_0,2,DTP,0,0,V5555_33,1688629,PLANT03,PORT09,695,806.1107604041739,PLANT03,1013,27
1447320214.7,2013-12-13,PORT04,V444_0,2,DTP,0,0,V5555_33,1688629,PLANT03,PORT09,316,316.15,PLANT03,1013,11
1447258888.7,2013-12-13,PORT04,V444_0,2,DTP,0,0,V5555_33,1688629,PLANT03,PORT09,497,710.49,PLANT03,1013,24
1447279016.7,2013-12-14,PORT04,V444_0,2,DTP,0,0,V5555_33,1688629,PLANT03,PORT09,236,264.21,PLANT03,1013,9
1447284628.7,2013-12-14,PORT04,V444_0,2,DTP,0,0,V5555_33,1688629,PLANT03,PORT09,507,636.85,PLANT03,1013,22
1447369419.7,2013-12-15,PORT04,V444_0,2,DTP,0,0,V5555_33,1688629,PLANT03,PORT09,478,626.27,PLANT03,1013,21
1447385486.7,2013-12-15,PORT04,V444_0,2,DTP,0,0,V5555_33,1688571,PLANT03,PORT09,540,792.3268477931891,PLANT03,1013,27
1447312016.7,2013-12-16,PORT04,V444_0,2,DTP,0,0,V5555_33,1688571,PLANT03,PORT09,396,547.64,PLANT03,1013,19
1447304364.7,2013-12-17,PORT04,V444_0,2,DTP,0,0,V5555_33,1688571,PLANT03,PORT09,475,568.4693923252499,PLANT03,1013,19
1447300852.7,2013-12-17,PORT04,V444_0,2,DTP,0,0,V5555_33,1688571,PLANT03,PORT09,329,487.7769855407734,PLANT03,1013,17
1447377047.7,2013-12-18,PORT04,V444_0,2,DTP,0,0,V5555_33,1688571,PLANT03,PORT09,305,415.7319670500571,PLANT03,1013,14
1447232382.7,2013-12-18,PORT04,V444_0,2,DTP,0,0,V5555_33,1688571,PLANT03,PORT09,298,361.69,PLANT03,1013,13
1447394302.7,2013-12-19,PORT04,V444_0,2,DTP,0,0,V5555_33,1688571,PLANT03,PORT09,524,584.8428690161519,PLANT03,1013,20
1447308354.7,2013-12-19,PORT04,V444_0,2,DTP,0,0,V5555_33,1688571,PLANT03,PORT09,666,840.29,PLANT03,1013,29
1447407392.7,2013-12-20,PORT04,V444_0,2,DTP,0,0,V5555_33,1688571,PLANT03,PORT09,415,586.23,PLANT03,1013,20
1447292031.7,2013-12-20,PORT04,V444_0,2,DTP,0,0,V5555_33,1688571,PLANT03,PORT09,691,1000.91,PLANT03,1013,34
1447351801.7,2013-12-21,PORT04,V444_0,2,DTP,0,0,V5555_33,1688571,PLANT03,PORT09,666,984.4451965439492,PLANT03,1013,33
1447274824.7,2013-12-22,PORT04,V444_0,2,DTP,0,0,V5555_33,1688571,PLANT03,PORT09,504,519.7326944740006,PLANT03,1013,18
1447322796.7,2013-12-23,PORT04,V444_0,2,DTP,0,0,V5555_33,1688571,PLANT03,PORT09,378,424.9740261552835,PLANT03,1013,15
1447384419.7,2013-12-23,PORT04,V444_0,2,DTP,0,0,V5555_33,1688571,PLANT03,PORT09,699,868.73,PLANT03,1013,29
1447258882.7,2013-12-24,PORT04,V444_0,2,DTP,0,0,V5555_33,1688571,PLANT03,PORT09,660,947.53,PLANT03,1013,32
1447322797.7,2013-12-25,PORT04,V444_0,2,DTP,0,0,V5555_33,1688571,PLANT03,PORT09,608,885.1928631205719,PLANT03,1013,30
1447236398.7,2013-12-25,PORT04,V444_0,2,DTP,0,0,V5555_33,1688571,PLANT03,PORT09,333,446.6429897147317,PLANT03,1013,15
1447222989.7,2013-12-26,PORT04,V444_0,2,DTP,0,0,V5555_33,1688571,PLANT03,PORT09,373,493.43,PLANT03,1013,17
1447347899.7,2013-12-27,PORT04,V444_0,2,DTP,0,0,V5555_33,1688571,PLANT03,PORT09,581,671.65,PLANT03,1013,23
1447288317.7,2013-12-28,PORT04,V444_0,2,DTP,0,0,V5555_33,1688571,PLANT03,PORT09,388,414.64,PLANT03,1013,14
1447221835.7,2013-12-28,PORT04,V444_0,2,DTP,0,0,V5555_33,1688571,PLANT03,PORT09,220,295.09178655486187,PLANT03,1013,10
1447280064.7,2013-12-29,PORT04,V444_0,2,DTP,0,0,V5555_33,1688571,PLANT03,PORT09,527,756.574803819545,PLANT03,1013,26
1447372971.7,2013-12-30,PORT04,V444_0,2,DTP,0,0,V5555_33,1688571,PLANT03,PORT09,258,361.62,PLANT03,1013,13
1447282075.7,2013-12-30,PORT04,V444_0,2,DTP,0,0,V5555_33,1688571,PLANT03,PORT09,356,488.07,PLANT03,1013,17
1447232384.7,2013-12-31,PORT04,V444_0,2,DTP,0,0,V5555_33,1688598,PLANT03,PORT09,234,336.1460482007788,PLANT03,1013,12
1447377054.7,2013-12-31,PORT04,V444_0,2,DTP,0,0,V5555_33,1689546,PLANT03,PORT09,303,433.24,PLANT03,1013,15
1447299064.7,2014-01-01,PORT04,V444_0,2,DTP,0,0,V5555_33,1689546,PLANT03,PORT09,429,447.9086379203102,PLANT03,1013,15
1447151666.7,2014-01-01,PORT04,V444_0,2,DTP,0,0,V5555_33,1689546,PLANT03,PORT09,322,456.67,PLANT03,1013,16
1447244614.7,2014-01-02,PORT04,V444_0,2,DTP,0,0,V5555_33,1689546,PLANT03,PORT09,262,356.37,PLANT03,1013,12
1447299182.7,2014-01-02,PORT04,V444_0,2,DTP,0,0,V5555_33,1689546,PLANT03,PORT09,582,720.87,PLANT03,1013,25
1447340932.7,2014-01-03,PORT04,V444_0,2,DTP,0,0,V5555_33,1689546,PLANT03,PORT09,423,620.22,PLANT03,1013,21
1447155222.7,2014-01-03,PORT04,V444_0,2,DTP,0,0,V5555_33,1689546,PLANT03,PORT09,298,422.99,PLANT03,1013,15
1447282078.7,2014-01-04,PORT04,V444_0,2,DTP,0,0,V5555_33,1689546,PLANT03,PORT09,516,609.65,PLANT03,1013,21
1447355455.7,2014-01-05,PORT04,V444_0,2,DTP,0,0,V5555_33,1689546,PLANT03,PORT09,315,332.7329984783481,PLANT03,1013,12
1447319052.7,2014-01-05,PORT04,V444_0,2,DTP,0,0,V5555_33,1689546,PLANT03,PORT09,405,471.0368401337961,PLANT03,1013,16
1447372979.7,2014-01-06,PORT04,V444_0,2,DTP,0,0,V5555_33,1689546,PLANT03,PORT09,470,672.6866792393726,PLANT03,1013,23
1447163973.7,2014-01-07,PORT04,V444_0,2,DTP,0,0,V5555_33,1689546,PLANT03,PORT09,586,770.48,PLANT03,1013,26
1447304368.7,2014-01-08,PORT04,V444_0,2,DTP,0,0,V5555_33,1689546,PLANT03,PORT09,671,998.98,PLANT03,1013,34
1447246443.7,2014-01-08,PORT04,V444_0,2,DTP,0,0,V5555_33,1689546,PLANT03,PORT09,455,457.44,PLANT03,1013,16
1447322716.7,2014-01-09,PORT04,V444_0,2,DTP,0,0,V5555_33,1689546,PLANT03,PORT09,233,276.0043665787723,PLANT03,1013,10
1447292066.7,2014-01-10,PORT04,V444_0,2,DTP,0,0,V5555_33,1689546,PLANT03,PORT09,548,690.6290114215312,PLANT03,1013,24
1447334703.7,2014-01-11,PORT04,V444_0,2,DTP,0,0,V5555_33,1689546,PLANT03,PORT09,614,651.419641337407,PLANT03,1013,22
1447250467.7,2014-01-12,PORT04,V444_0,2,DTP,0,0,V5555_33,1689546,PLANT03,PORT09,591,708.2411191826089,PLANT03,1013,24
1447312020.7,2014-01-12,PORT04,V444_0,2,DTP,0,0,V5555_33,1689546,PLANT03,PORT09,556,740.35,PLANT03,1013,25
1447167254.7,2014-01-13,PORT04,V444_0,2,DTP,0,0,V5555_33,1689546,PLANT03,PORT09,539,652.78,PLANT03,1013,22
1447221843.7,2014-01-14,PORT04,V444_0,2,DTP,0,0,V5555_33,1689546,PLANT03,PORT09,684,964.53,PLANT03,1013,33
1447279013.7,2014-01-15,PORT04,V444_0,2,DTP,0,0,V5555_33,1689546,PLANT03,PORT09,626,769.3629569907508,PLANT03,1013,26
1447149782.7,2014-01-16,PORT04,V444_0,2,DTP,0,0,V5555_33,1689546,PLANT03,PORT09,331,415.88076985152185,PLANT03,1013,14
1447262387.7,2014-01-16,PORT04,V444_0,2,DTP,0,0,V5555_33,1689546,PLANT03,PORT09,589,680.76,PLANT03,1013,23
1447232389.7,2014-01-17,PORT04,V444_0,2,DTP,0,0,V5555_33,1689546,PLANT03,PORT09,347,347.28519185901,PLANT03,1013,12
1447284618.7,2014-01-18,PORT04,V444_0,2,DTP,0,0,V5555_33,1689546,PLANT03,PORT09,687,851.44,PLANT03,1013,29
1447229517.7,2014-01-19,PORT04,V444_0,2,DTP,0,0,V5555_33,1689546,PLANT03,PORT09,464,592.49,PLANT03,1013,20
1447187885.7,2014-01-19,PORT04,V444_0,2,DTP,0,0,V5555_33,1689546,PLANT03,PORT09,413,566.2833458020546,PLANT03,1013,19
1447258884.7,2014-01-20,PORT04,V444_0,2,DTP,0,0,V5555_33,1689546,PLANT03,PORT09,450,465.21,PLANT03,1013,16
1447225277.7,2014-01-20,PORT04,V444_0,2,DTP,0,0,V5555_33,1689546,PLANT03,PORT09,648,723.12,PLANT03,1013,25
1447280066.7,2014-01-21,PORT04,V444_0,2,DTP,0,0,V5555_33,1689546,PLANT03,PORT09,459,514.5790822547444,PLANT03,1013,18
1447320212.7,2014-01-21,PORT04,V444_0,2,DTP,0,0,V5555_33,1689546,PLANT03,PORT09,258,338.15,PLANT03,1013,12
1447351880.7,2014-01-22,PORT04,V444_0,2,DTP,0,0,V5555_33,1689546,PLANT03,PORT09,638,649.35,PLANT03,1013,22
1447300855.7,2014-01-23,PORT04,V444_0,2,DTP,0,0,V5555_33,1689546,PLANT03,PORT09,489,502.1615633401182,PLANT03,1013,17
1447274827.7,2014-01-23,PORT04,V444_0,2,DTP,0,0,V5555_33,1689546,PLANT03,PORT09,255,334.6446567211739,PLANT03,1013,12
1447308357.7,2014-01-24,PORT04,V444_0,2,DTP,0,0,V5555_33,1689546,PLANT03,PORT09,660,903.9,PLANT03,1013,31
1447202687.7,2014-01-24,PORT04,V444_0,2,DTP,0,0,V5555_33,1689546,PLANT03,PORT09,388,486.73,PLANT03,1013,17
1447243911.7,2014-01-25,PORT04,V444_0,2,DTP,0,0,V5555_33,1689546,PLANT03,PORT09,381,382.89,PLANT03,1013,13
1447149934.7,2014-01-26,PORT04,V444_0,2,DTP,0,0,V5555_33,1689546,PLANT03,PORT09,395,590.2960069074734,PLANT03,1013,20
1447211489.7,2014-01-26,PORT04,V444_0,2,DTP,0,0,V5555_33,1689546,PLANT03,PORT09,305,390.7704795529829,PLANT03,1013,14
1447279015.7,2014-01-27,PORT04,V444_0,2,DTP,0,0,V5555_33,1689548,PLANT03,PORT09,392,565.7544952218129,PLANT03,1013,19
1447394307.7,2014-01-27,PORT04,V444_0,2,DTP,0,0,V5555_33,1689548,PLANT03,PORT09,569,596.7,PLANT03,1013,20
1447163975.7,2014-01-28,PORT04,V444_0,2,DTP,0,0,V5555_33,1689548,PLANT03,PORT09,208,208.72615523555623,PLANT03,1013,7
1447170839.7,2014-01-28,PORT04,V444_0,2,DTP,0,0,V5555_33,1689548,PLANT03,PORT09,634,672.6358020646985,PLANT03,1013,23
1447404684.7,2014-01-29,PORT04,V444_0,2,DTP,0,0,V5555_33,1689548,PLANT03,PORT09,671,694.03,PLANT03,1013,24
1447232396.7,2014-01-29,PORT04,V444_0,2,DTP,0,0,V5555_33,1689548,PLANT03,PORT09,381,426.9419733256286,PLANT03,1013,15
1447284626.7,2014-01-30,PORT04,V444_0,2,DTP,0,0,V5555_33,1689548,PLANT03,PORT09,654,715.19,PLANT03,1013,24
1447187888.7,2014-01-31,PORT04,V444_0,2,DTP,0,0,V5555_33,1689548,PLANT03,PORT09,515,622.4791564497556,PLANT03,1013,21
1447404675.7,2014-02-01,PORT04,V444_0,2,DTP,0,0,V5555_33,1689548,PLANT03,PORT09,658,955.8433706744596,PLANT03,1013,32
1447167255.7,2014-02-01,PORT04,V444_0,2,DTP,0,0,V5555_33,1689548,PLANT03,PORT09,624,791.56,PLANT03,1013,27
1447385491.7,2014-02-02,PORT04,V444_0,2,DTP,0,0,V5555_33,1689548,PLANT03,PORT09,311,421.23,PLANT03,1013,15
1447340933.7,2014-02-02,PORT04,V444_0,2,DTP,0,0,V5555_33,1689548,PLANT03,PORT09,493,571.978917033563,PLANT03,1013,20
1447320213.7,2014-02-03,PORT04,V444_0,2,DTP,0,0,V5555_33,1689548,PLANT03,PORT09,639,678.14,PLANT03,1013,23
1447299186.7,2014-02-03,PORT04,V444_0,2,DTP,0,0,V5555_33,1689548,PLANT03,PORT09,602,700.2109276222529,PLANT03,1013,24
1447173871.7,2014-02-04,PORT04,V444_0,2,DTP,0,0,V5555_33,1689548,PLANT03,PORT09,580,592.39,PLANT03,1013,20
1447221844.7,2014-02-04,PORT04,V444_0,2,DTP,0,0,V5555_33,1689548,PLANT03,PORT09,397,412.45,PLANT03,1013,14
1447282081.7,2014-02-05,PORT04,V444_0,2,DTP,0,0,V5555_33,1689548,PLANT03,PORT09,476,680.5955921939203,PLANT03,1013,23
1447413938.7,2014-02-06,PORT04,V444_0,2,DTP,0,0,V5555_33,1689548,PLANT03,PORT09,253,254.67,PLANT03,1013,9
1447299066.7,2014-02-07,PORT04,V444_0,2,DTP,0,0,V5555_33,1689548,PLANT03,PORT09,299,438.75,PLANT03,1013,15
1447334704.7,2014-02-08,PORT04,V444_0,2,DTP,0,0,V5555_33,1689548,PLANT03,PORT09,386,557.4209304846318,PLANT03,1013,19
1447347898.7,2014-02-09,PORT04,V444_0,2,DTP,0,0,V5555_33,1689548,PLANT03,PORT09,307,351.35666857538246,PLANT03,1013,12
1447369418.7,2014-02-10,PORT04,V444_0,2,DTP,0,0,V5555_33,1689548,PLANT03,PORT09,405,515.2724532425718,PLANT03,1013,18
1447149390.7,2014-02-10,PORT04,V444_0,2,DTP,0,0,V5555_33,1689548,PLANT03,PORT09,346,467.2618181481139,PLANT03,1013,16
1447203025.7,2014-02-11,PORT04,V444_0,2,DTP,0,0,V5555_33,1689548,PLANT03,PORT09,684,967.8,PLANT03,1013,33
1447386864.7,2014-02-12,PORT04,V444_0,2,DTP,0,0,V5555_33,1689548,PLANT03,PORT09,539,717.7762029169567,PLANT03,1013,24
1447292067.7,2014-02-13,PORT04,V444_0,2,DTP,0,0,V5555_33,1689548,PLANT03,PORT09,397,554.4360147856668,PLANT03,1013,19
1447364450.7,2014-02-13,PORT04,V444_0,2,DTP,0,0,V5555_33,1689548,PLANT03,PORT09,296,301.8920930379716,PLANT03,1013,11
1447391115.7,2014-02-14,PORT04,V444_0,2,DTP,0,0,V5555_33,1689548,PLANT03,PORT09,534,788.6199062905271,PLANT03,1013,27
1447149382.7,2014-02-15,PORT04,V444_0,2,DTP,0,0,V5555_33,1689548,PLANT03,PORT09,235,256.04365537106133,PLANT03,1013,9
1447149421.7,2014-02-16,PORT04,V444_0,2,DTP,0,0,V5555_33,1689548,PLANT03,PORT09,268,286.92,PLANT03,1013,10
1447274829.7,2014-02-17,PORT04,V444_0,2,DTP,0,0,V5555_33,1689548,PLANT03,PORT09,535,797.4864019521666,PLANT03,1013,27
1447407628.7,2014-02-18,PORT04,V444_0,2,DTP,0,0,V5555_33,1689548,PLANT03,PORT09,612,716.83,PLANT03,1013,24
1447322717.7,2014-02-18,PORT04,V444_0,2,DTP,0,0,V5555_33,1689548,PLANT03,PORT09,542,713.6143276361502,PLANT03,1013,24
1447351884.7,2014-02-19,PORT04,V444_0,2,DTP,0,0,V5555_33,1689548,PLANT03,PORT09,350,480.5,PLANT03,1013,17
1447222995.7,2014-02-20,PORT04,V444_0,2,DTP,0,0,V5555_33,1689548,PLANT03,PORT09,281,410.83,PLANT03,1013,14
1447418045.7,2014-02-21,PORT04,V444_0,2,DTP,0,0,V5555_33,1689548,PLANT03,PORT09,469,626.44,PLANT03,1013,21
1447182262.7,2014-02-22,PORT04,V444_0,2,DTP,0,0,V5555_33,1689548,PLANT03,PORT09,270,381.35,PLANT03,1013,13
1447312022.7,2014-02-22,PORT04,V444_0,2,DTP,0,0,V5555_33,1689548,PLANT03,PORT09,604,719.401295326912,PLANT03,1013,24
1447384421.7,2014-02-23,PORT04,V444_0,2,DTP,0,0,V5555_33,1689548,PLANT03,PORT09,314,351.2848789115933,PLANT03,1013,12
1447377049.7,2014-02-23,PORT04,V444_0,2,DTP,0,0,V5555_33,1689548,PLANT03,PORT09,647,948.81,PLANT03,1013,32
1447229523.7,2014-02-24,PORT04,V444_0,2,DTP,0,0,V5555_33,1689548,PLANT03,PORT09,214,295.25,PLANT03,1013,10
1447194637.7,2014-02-24,PORT04,V444_0,2,DTP,0,0,V5555_33,1689548,PLANT03,PORT09,519,640.72,PLANT03,1013,22
1447280067.7,2014-02-25,PORT04,V444_0,2,DTP,0,0,V5555_33,1689547,PLANT03,PORT09,326,343.91,PLANT03,1013,12
1447368077.7,2014-02-25,PORT04,V444_0,2,DTP,0,0,V5555_33,1689547,PLANT03,PORT09,470,516.8461900257281,PLANT03,1013,18
1447384420.7,2014-02-26,PORT04,V444_0,2,DTP,0,0,V5555_33,1689547,PLANT03,PORT09,646,831.98,PLANT03,1013,28
1447377048.7,2014-02-26,PORT04,V444_0,2,DTP,0,0,V5555_33,1689547,PLANT03,PORT09,224,292.2990292933891,PLANT03,1013,10
1447250468.7,2014-02-27,PORT04,V444_0,2,DTP,0,0,V5555_33,1689547,PLANT03,PORT09,240,249.6696974743816,PLANT03,1013,9
1447232392.7,2014-02-27,PORT04,V444_0,2,DTP,0,0,V5555_33,1689547,PLANT03,PORT09,319,405.7637112499523,PLANT03,1013,14
1447246444.7,2014-02-28,PORT04,V444_0,2,DTP,0,0,V5555_33,1689547,PLANT03,PORT09,329,394.3511572822556,PLANT03,1013,14
1447191296.7,2014-03-01,PORT04,V444_0,2,DTP,0,0,V5555_33,1689547,PLANT03,PORT09,336,393.5969460873157,PLANT03,1013,14
1447258886.7,2014-03-01,PORT04,V444_0,2,DTP,0,0,V5555_33,1689547,PLANT03,PORT09,505,748.8726607288789,PLANT03,1013,25
1447236403.7,2014-03-02,PORT04,V444_0,2,DTP,0,0,V5555_33,1689547,PLANT03,PORT09,540,687.6,PLANT03,1013,23
1447274830.7,2014-03-03,PORT04,V444_0,2,DTP,0,0,V5555_33,1689547,PLANT03,PORT09,273,345.96733341483616,PLANT03,1013,12
1447229522.7,2014-03-03,PORT04,V444_0,2,DTP,0,0,V5555_33,1689547,PLANT03,PORT09,695,799.76,PLANT03,1013,27
1447366020.7,2014-03-04,PORT04,V444_0,2,DTP,0,0,V5555_33,1689547,PLANT03,PORT09,272,393.0721805642249,PLANT03,1013,14
1447165542.7,2014-03-05,PORT04,V444_0,2,DTP,0,0,V5555_33,1689547,PLANT03,PORT09,537,671.79,PLANT03,1013,23
1447408990.7,2014-03-05,PORT04,V444_0,2,DTP,0,0,V5555_33,1689547,PLANT03,PORT09,246,354.35010474700454,PLANT03,1013,12
1447203024.7,2014-03-06,PORT04,V444_0,2,DTP,0,0,V5555_33,1689547,PLANT03,PORT09,354,436.3114311571011,PLANT03,1013,15
1447222993.7,2014-03-07,PORT04,V444_0,2,DTP,0,0,V5555_33,1689547,PLANT03,PORT09,545,795.4841884621401,PLANT03,1013,27
1447340937.7,2014-03-08,PORT04,V444_0,2,DTP,0,0,V5555_33,1689547,PLANT03,PORT09,373,552.3292115436561,PLANT03,1013,19
1447262388.7,2014-03-08,PORT04,V444_0,2,DTP,0,0,V5555_33,1689547,PLANT03,PORT09,380,416.16,PLANT03,1013,14
1447181239.7,2014-03-09,PORT04,V444_0,2,DTP,0,0,V5555_33,1689547,PLANT03,PORT09,472,542.6187530150503,PLANT03,1013,19
1447408949.7,2014-03-10,PORT04,V444_0,2,DTP,0,0,V5555_33,1689547,PLANT03,PORT09,518,705.8,PLANT03,1013,24
1447408978.7,2014-03-10,PORT04,V444_0,2,DTP,0,0,V5555_33,1689547,PLANT03,PORT09,353,417.11,PLANT03,1013,14
1447206414.7,2014-03-11,PORT04,V444_0,2,DTP,0,0,V5555_33,1689547,PLANT03,PORT09,317,415.78,PLANT03,1013,14
1447351882.7,2014-03-12,PORT04,V444_0,2,DTP,0,0,V5555_33,1689547,PLANT03,PORT09,607,863.469533440131,PLANT03,1013,29
1447304372.7,2014-03-12,PORT04,V444_0,2,DTP,0,0,V5555_33,1689547,PLANT03,PORT09,248,250.4828804867913,PLANT03,1013,9
1447300856.7,2014-03-13,PORT04,V444_0,2,DTP,0,0,V5555_33,1689547,PLANT03,PORT09,641,827.9865968454084,PLANT03,1013,28
1447299069.7,2014-03-13,PORT04,V444_0,2,DTP,0,0,V5555_33,1689547,PLANT03,PORT09,333,438.68489949382086,PLANT03,1013,15
1447187887.7,2014-03-14,PORT04,V444_0,2,DTP,0,0,V5555_33,1689547,PLANT03,PORT09,533,678.4279756886714,PLANT03,1013,23
1447182261.7,2014-03-15,PORT04,V444_0,2,DTP,0,0,V5555_33,1689547,PLANT03,PORT09,360,494.7495675447298,PLANT03,1013,17
1447284625.7,2014-03-16,PORT04,V444_0,2,DTP,0,0,V5555_33,1689547,PLANT03,PORT09,650,964.36,PLANT03,1013,33
1447170842.7,2014-03-17,PORT04,V444_0,2,DTP,0,0,V5555_33,1689547,PLANT03,PORT09,201,243.92405705871448,PLANT03,1013,9
1447149768.7,2014-03-18,PORT04,V444_0,2,DTP,0,0,V5555_33,1689547,PLANT03,PORT09,417,526.47,PLANT03,1013,18
1447385489.7,2014-03-18,PORT04,V444_0,2,DTP,0,0,V5555_33,1689547,PLANT03,PORT09,415,556.24,PLANT03,1013,19
1447329589.7,2014-03-19,PORT04,V444_0,2,DTP,0,0,V5555_33,1689547,PLANT03,PORT09,611,741.9874909355358,PLANT03,1013,25
1447410493.7,2014-03-20,PORT04,V444_0,2,DTP,0,0,V5555_33,1689547,PLANT03,PORT09,656,773.4112718067468,PLANT03,1013,26
1447156870.7,2014-03-20,PORT04,V444_0,2,DTP,0,0,V5555_33,1689547,PLANT03,PORT09,536,760.88,PLANT03,1013,26
1447194633.7,2014-03-21,PORT04,V444_0,2,DTP,0,0,V5555_33,1689547,PLANT03,PORT09,475,647.93,PLANT03,1013,22
1447211486.7,2014-03-21,PORT04,V444_0,2,DTP,0,0,V5555_33,1689547,PLANT03,PORT09,467,630.65,PLANT03,1013,22
1447363163.7,2014-03-22,PORT04,V444_0,2,DTP,0,0,V5555_33,1689547,PLANT03,PORT09,471,543.87,PLANT03,1013,19
1447207538.7,2014-03-22,PORT04,V444_0,2,DTP,0,0,V5555_33,1689547,PLANT03,PORT09,437,451.95,PLANT03,1013,16
1447372977.7,2014-03-23,PORT04,V444_0,2,DTP,0,0,V5555_33,1689547,PLANT03,PORT09,217,252.57,PLANT03,1013,9
1447243916.7,2014-03-23,PORT04,V444_0,2,DTP,0,0,V5555_33,1689547,PLANT03,PORT09,421,489.586074936094,PLANT03,1013,17
1447149771.7,2014-03-24,PORT04,V444_0,2,DTP,0,0,V5555_33,1689547,PLANT03,PORT09,247,319.1140322237502,PLANT03,1013,11
1447221841.7,2014-03-24,PORT04,V444_0,2,DTP,0,0,V5555_33,1689547,PLANT03,PORT09,252,263.1,PLANT03,1013,9
1447299184.7,2014-03-25,PORT04,V444_0,2,DTP,0,0,V5555_33,1689547,PLANT03,PORT09,268,292.36356548020336,PLANT03,1013,10
1447347897.7,2014-03-26,PORT04,V444_0,2,DTP,0,0,V5555_33,1689547,PLANT03,PORT09,268,362.68,PLANT03,1013,13
1447202691.7,2014-03-26,PORT04,V444_0,2,DTP,0,0,V5555_33,1689547,PLANT03,PORT09,470,503.0285750789525,PLANT03,1013,17
1447364449.7,2014-03-27,PORT04,V444_0,2,DTP,0,0,V5555_33,1689547,PLANT03,PORT09,604,829.9,PLANT03,1013,28
1447282079.7,2014-03-27,PORT04,V444_0,2,DTP,0,0,V5555_33,1689547,PLANT03,PORT09,621,887.39,PLANT03,1013,30
1447414112.7,2014-03-28,PORT04,V444_0,2,DTP,0,0,V5555_33,1689547,PLANT03,PORT09,318,469.55,PLANT03,1013,16
1447244615.7,2014-03-29,PORT04,V444_0,2,DTP,0,0,V5555_33,1689547,PLANT03,PORT09,493,623.0504354115889,PLANT03,1013,21
1447173875.7,2014-03-29,PORT04,V444_0,2,DTP,0,0,V5555_33,1689547,PLANT03,PORT09,368,519.1820488393278,PLANT03,1013,18
1447342390.7,2014-03-30,PORT04,V444_0,2,DTP,0,0,V5555_33,1689547,PLANT03,PORT09,645,906.7319714033742,PLANT03,1013,31
1447384427.7,2014-03-31,PORT04,V444_0,2,DTP,0,0,V5555_33,1689547,PLANT03,PORT09,203,220.72,PLANT03,1013,8
1447221953.7,2014-04-01,PORT04,V444_0,2,DTP,0,0,V5555_33,1683635,PLANT03,PORT09,413,598.51,PLANT03,1013,20
1447197307.7,2014-04-02,PORT04,V444_0,2,DTP,0,0,V5555_33,1697872,PLANT03,PORT09,329,348.97,PLANT03,1013,12
1447321282.7,2014-04-03,PORT04,V444_0,2,DTP,0,0,V5555_33,1697874,PLANT03,PORT09,591,688.0379151367068,PLANT03,1013,23
1447387443.7,2014-04-03,PORT04,V444_0,2,DTP,0,0,V5555_33,1683424,PLANT03,PORT09,640,832.7901345463251,PLANT03,1013,28
1447342391.7,2014-04-04,PORT04,V444_0,2,DTP,0,0,V5555_33,1683405,PLANT03,PORT09,449,524.08,PLANT03,1013,18
1447181238.7,2014-04-04,PORT04,V444_0,2,DTP,0,0,V5555_33,1683405,PLANT03,PORT09,209,293.9739299650544,PLANT03,1013,10
1447145770.7,2014-04-05,PORT04,V444_0,2,DTP,0,0,V5555_33,1683405,PLANT03,PORT09,676,806.32,PLANT03,1013,27
1447258889.7,2014-04-05,PORT04,V444_0,2,DTP,0,0,V5555_33,1683405,PLANT03,PORT09,439,535.0788430729124,PLANT03,1013,18
1447326106.7,2014-04-06,PORT04,V444_0,2,DTP,0,0,V5555_33,1683405,PLANT03,PORT09,435,510.47,PLANT03,1013,18
1447326503.7,2014-04-07,PORT04,V444_0,2,DTP,0,0,V5555_33,1683403,PLANT03,PORT09,542,678.1427632124379,PLANT03,1013,23
1447320215.7,2014-04-07,PORT04,V444_0,2,DTP,0,0,V5555_33,1683403,PLANT03,PORT09,621,880.71,PLANT03,1013,30
1447326110.7,2014-04-08,PORT04,V444_0,2,DTP,0,0,V5555_33,1683403,PLANT03,PORT09,243,346.5438055310034,PLANT03,1013,12
1447321878.7,2014-04-08,PORT04,V444_0,2,DTP,0,0,V5555_33,1683403,PLANT03,PORT09,589,751.8,PLANT03,1013,26
1447341038.7,2014-04-09,PORT04,V444_0,2,DTP,0,0,V5555_33,1683403,PLANT03,PORT09,250,260.68,PLANT03,1013,9
1447340934.7,2014-04-09,PORT04,V444_0,2,DTP,0,0,V5555_33,1682859,PLANT03,PORT09,447,487.1405511518614,PLANT03,1013,17
1447166818.7,2014-04-10,PORT04,V444_0,2,DTP,0,0,V5555_33,1682859,PLANT03,PORT09,671,830.49,PLANT03,1013,28
1447250083.7,2014-04-11,PORT04,V444_0,2,DTP,0,0,V5555_33,1682859,PLANT03,PORT09,512,628.95,PLANT03,1013,21
1447244616.7,2014-04-11,PORT04,V444_0,2,DTP,0,0,V5555_33,1682859,PLANT03,PORT09,497,545.45,PLANT03,1013,19
1447353945.7,2014-04-12,PORT04,V444_0,2,DTP,0,0,V5555_33,1682859,PLANT03,PORT09,625,644.36,PLANT03,1013,22
1447409777.7,2014-04-12,PORT04,V444_0,2,DTP,0,0,V5555_33,1683426,PLANT03,PORT09,530,739.8629400853976,PLANT03,1013,25
1447325296.7,2014-04-13,PORT04,V444_0,2,DTP,0,0,V5555_33,1682651,PLANT03,PORT09,581,692.23,PLANT03,1013,24
1447329590.7,2014-04-13,PORT04,V444_0,2,DTP,0,0,V5555_33,1682772,PLANT03,PORT09,654,797.19,PLANT03,1013,27
1447322719.7,2014-04-14,PORT04,V444_0,2,DTP,0,0,V5555_33,1682772,PLANT03,PORT09,374,452.8602594773464,PLANT03,1013,16
1447364454.7,2014-04-14,PORT04,V444_0,2,DTP,0,0,V5555_33,1682772,PLANT03,PORT09,490,700.8957395442962,PLANT03,1013,24
1447407629.7,2014-04-15,PORT04,V444_0,2,DTP,0,0,V5555_33,1682772,PLANT03,PORT09,309,363.11,PLANT03,1013,13
1447292070.7,2014-04-15,PORT04,V444_0,2,DTP,0,0,V5555_33,1682709,PLANT03,PORT09,229,270.9984077139977,PLANT03,1013,10
1447274831.7,2014-04-16,PORT04,V444_0,2,DTP,0,0,V5555_33,1682709,PLANT03,PORT09,376,557.66,PLANT03,1013,19
1447292289.7,2014-04-16,PORT04,V444_0,2,DTP,0,0,V5555_33,1682709,PLANT03,PORT09,363,456.767907921551,PLANT03,1013,16
1447326502.7,2014-04-17,PORT04,V444_0,2,DTP,0,0,V5555_33,1682709,PLANT03,PORT09,523,744.8,PLANT03,1013,25
1447302829.7,2014-04-18,PORT04,V444_0,2,DTP,0,0,V5555_33,1682709,PLANT03,PORT09,474,521.7469492896873,PLANT03,1013,18
1447332418.7,2014-04-18,PORT04,V444_0,2,DTP,0,0,V5555_33,1682709,PLANT03,PORT09,407,471.72,PLANT03,1013,16
1447304373.7,2014-04-19,PORT04,V444_0,2,DTP,0,0,V5555_33,1682709,PLANT03,PORT09,591,641.8,PLANT03,1013,22
1447351887.7,2014-04-20,PORT04,V444_0,2,DTP,0,0,V5555_33,1682709,PLANT03,PORT09,613,632.5791487175717,PLANT03,1013,22
1447353944.7,2014-04-20,PORT04,V444_0,2,DTP,0,0,V5555_33,1682709,PLANT03,PORT09,458,653.12,PLANT03,1013,22
1447288930.7,2014-04-21,PORT04,V444_0,2,DTP,0,0,V5555_33,1682709,PLANT03,PORT09,454,476.6045949735866,PLANT03,1013,16
1447326109.7,2014-04-21,PORT04,V444_0,2,DTP,0,0,V5555_33,1682709,PLANT03,PORT09,355,449.58,PLANT03,1013,15
1447279850.7,2014-04-22,PORT04,V444_0,2,DTP,0,0,V5555_33,1682709,PLANT03,PORT09,457,459.4109314798684,PLANT03,1013,16
1447292290.7,2014-04-22,PORT04,V444_0,2,DTP,0,0,V5555_33,1682709,PLANT03,PORT09,673,866.7113576336318,PLANT03,1013,29
1447310640.7,2014-04-23,PORT04,V444_0,2,DTP,0,0,V5555_33,1682709,PLANT03,PORT09,453,626.5776437682038,PLANT03,1013,21
1447288322.7,2014-04-23,PORT04,V444_0,2,DTP,0,0,V5555_33,1682709,PLANT03,PORT09,684,867.7704499203679,PLANT03,1013,29
1447292291.7,2014-04-24,PORT04,V444_0,2,DTP,0,0,V5555_33,1682709,PLANT03,PORT09,532,604.2324210772111,PLANT03,1013,21
1447360533.7,2014-04-24,PORT04,V444_0,2,DTP,0,0,V5555_33,1682709,PLANT03,PORT09,342,376.51,PLANT03,1013,13
1447328365.7,2014-04-25,PORT04,V444_0,2,DTP,0,0,V5555_33,1682709,PLANT03,PORT09,611,817.6397017020068,PLANT03,1013,28
1447279008.7,2014-04-25,PORT04,V444_0,2,DTP,0,0,V5555_33,1682709,PLANT03,PORT09,439,472.9912375103012,PLANT03,1013,16
1447310710.7,2014-04-26,PORT04,V444_0,2,DTP,0,0,V5555_33,1682709,PLANT03,PORT09,210,283.06,PLANT03,1013,10
1447228699.7,2014-04-26,PORT04,V444_0,2,DTP,0,0,V5555_33,1683409,PLANT03,PORT09,350,407.0797944724444,PLANT03,1013,14
1447418238.7,2014-04-27,PORT04,V444_0,2,DTP,0,0,V5555_33,1683419,PLANT03,PORT09,696,1038.6597582016122,PLANT03,1013,35
1447377351.7,2014-04-28,PORT04,V444_0,2,DTP,0,0,V5555_33,1683419,PLANT03,PORT09,322,354.77,PLANT03,1013,12
1447367119.7,2014-04-29,PORT04,V444_0,2,DTP,0,0,V5555_33,1683419,PLANT03,PORT09,303,388.6605148725095,PLANT03,1013,13
1447372981.7,2014-04-29,PORT04,V444_0,2,DTP,0,0,V5555_33,1683419,PLANT03,PORT09,608,610.6682724321706,PLANT03,1013,21
1447145769.7,2014-04-30,PORT04,V444_0,2,DTP,0,0,V5555_33,1683419,PLANT03,PORT09,695,708.0,PLANT03,1013,24
1447377350.7,2014-04-30,PORT04,V444_0,2,DTP,0,0,V5555_33,1683419,PLANT03,PORT09,524,763.2661778051689,PLANT03,1013,26
1447418239.7,2014-05-01,PORT04,V444_0,2,DTP,0,0,V5555_33,1683419,PLANT03,PORT09,298,317.92,PLANT03,1013,11
1447410672.7,2014-05-01,PORT04,V444_0,2,DTP,0,0,V5555_33,1683419,PLANT03,PORT09,532,650.4428905874114,PLANT03,1013,22
1447157471.7,2014-05-02,PORT04,V444_0,2,DTP,0,0,V5555_33,1682769,PLANT03,PORT09,277,290.7432990591085,PLANT03,1013,10
1447167432.7,2014-05-02,PORT04,V444_0,2,DTP,0,0,V5555_33,1682769,PLANT03,PORT09,380,443.11,PLANT03,1013,15
1447408991.7,2014-05-03,PORT04,V444_0,2,DTP,0,0,V5555_33,1682769,PLANT03,PORT09,300,439.41052257737306,PLANT03,1013,15
1447215317.7,2014-05-03,PORT04,V444_0,2,DTP,0,0,V5555_33,1683392,PLANT03,PORT09,576,643.849409734467,PLANT03,1013,22
1447243692.7,2014-05-04,PORT04,V444_0,2,DTP,0,0,V5555_33,1683392,PLANT03,PORT09,282,316.1582592194522,PLANT03,1013,11
1447243913.7,2014-05-05,PORT04,V444_0,2,DTP,0,0,V5555_33,1683392,PLANT03,PORT09,203,296.2299426812076,PLANT03,1013,10
1447284630.7,2014-05-05,PORT04,V444_0,2,DTP,0,0,V5555_33,1682736,PLANT03,PORT09,491,730.7596299608348,PLANT03,1013,25
1447404676.7,2014-05-06,PORT04,V444_0,2,DTP,0,0,V5555_33,1682736,PLANT03,PORT09,300,365.18,PLANT03,1013,13
1447377055.7,2014-05-06,PORT04,V444_0,2,DTP,0,0,V5555_33,1682736,PLANT03,PORT09,345,472.8,PLANT03,1013,16
1447299070.7,2014-05-07,PORT04,V444_0,2,DTP,0,0,V5555_33,1682736,PLANT03,PORT09,425,585.6908497476909,PLANT03,1013,20
1447284629.7,2014-05-08,PORT04,V444_0,2,DTP,0,0,V5555_33,1682648,PLANT03,PORT09,454,554.92,PLANT03,1013,19
1447366363.7,2014-05-09,PORT04,V444_0,2,DTP,0,0,V5555_33,1682648,PLANT03,PORT09,535,550.6375115858646,PLANT03,1013,19
1447372980.7,2014-05-09,PORT04,V444_0,2,DTP,0,0,V5555_33,1682648,PLANT03,PORT09,433,512.97,PLANT03,1013,18
1447385494.7,2014-05-10,PORT04,V444_0,2,DTP,0,0,V5555_33,1682648,PLANT03,PORT09,567,837.44,PLANT03,1013,28
1447155224.7,2014-05-11,PORT04,V444_0,2,DTP,0,0,V5555_33,1682648,PLANT03,PORT09,369,493.3599865399046,PLANT03,1013,17
1447355998.7,2014-05-11,PORT04,V444_0,2,DTP,0,0,V5555_33,1682648,PLANT03,PORT09,645,859.378393583748,PLANT03,1013,29
1447244523.7,2014-05-12,PORT04,V444_0,2,DTP,0,0,V5555_33,1682805,PLANT03,PORT09,258,310.98,PLANT03,1013,11
1447211490.7,2014-05-13,PORT04,V444_0,2,DTP,0,0,V5555_33,1682805,PLANT03,PORT09,248,333.77,PLANT03,1013,12
1447170841.7,2014-05-13,PORT04,V444_0,2,DTP,0,0,V5555_33,1682805,PLANT03,PORT09,678,850.19,PLANT03,1013,29
1447155225.7,2014-05-14,PORT04,V444_0,2,DTP,0,0,V5555_33,1682805,PLANT03,PORT09,250,314.31,PLANT03,1013,11
1447228700.7,2014-05-14,PORT04,V444_0,2,DTP,0,0,V5555_33,1682805,PLANT03,PORT09,376,510.85,PLANT03,1013,18
1447187891.7,2014-05-15,PORT04,V444_0,2,DTP,0,0,V5555_33,1682805,PLANT03,PORT09,660,945.2408679304712,PLANT03,1013,32
1447191300.7,2014-05-16,PORT04,V444_0,2,DTP,0,0,V5555_33,1682805,PLANT03,PORT09,677,807.68,PLANT03,1013,27
1447227192.7,2014-05-16,PORT04,V444_0,2,DTP,0,0,V5555_33,1682805,PLANT03,PORT09,413,555.3,PLANT03,1013,19
1447147914.7,2014-05-17,PORT04,V444_0,2,DTP,0,0,V5555_33,1682805,PLANT03,PORT09,323,334.1,PLANT03,1013,12
1447173873.7,2014-05-17,PORT04,V444_0,2,DTP,0,0,V5555_33,1682805,PLANT03,PORT09,511,696.72,PLANT03,1013,24
1447163978.7,2014-05-18,PORT04,V444_0,2,DTP,0,0,V5555_33,1682805,PLANT03,PORT09,542,584.9394180784645,PLANT03,1013,20
1447206418.7,2014-05-18,PORT04,V444_0,2,DTP,0,0,V5555_33,1682805,PLANT03,PORT09,350,520.07,PLANT03,1013,18
1447167256.7,2014-05-19,PORT04,V444_0,2,DTP,0,0,V5555_33,1682805,PLANT03,PORT09,344,424.74,PLANT03,1013,15
1447221859.7,2014-05-20,PORT04,V444_0,2,DTP,0,0,V5555_33,1682805,PLANT03,PORT09,244,267.50652037137746,PLANT03,1013,9
1447182265.7,2014-05-20,PORT04,V444_0,2,DTP,0,0,V5555_33,1682805,PLANT03,PORT09,555,753.52,PLANT03,1013,26
1447258967.7,2014-05-21,PORT04,V444_0,2,DTP,0,0,V5555_33,1682757,PLANT03,PORT09,206,206.9829653659244,PLANT03,1013,7
1447182266.7,2014-05-21,PORT04,V444_0,2,DTP,0,0,V5555_33,1682757,PLANT03,PORT09,233,328.5934514624075,PLANT03,1013,11
1447225247.7,2014-05-22,PORT04,V444_0,2,DTP,0,0,V5555_33,1682757,PLANT03,PORT09,241,280.6722891486381,PLANT03,1013,10
1447258860.7,2014-05-22,PORT04,V444_0,2,DTP,0,0,V5555_33,1682757,PLANT03,PORT09,577,709.81,PLANT03,1013,24
1447147915.7,2014-05-23,PORT04,V444_0,2,DTP,0,0,V5555_33,1682757,PLANT03,PORT09,327,335.2036697773158,PLANT03,1013,12
1447173357.7,2014-05-23,PORT04,V444_0,2,DTP,0,0,V5555_33,1682793,PLANT03,PORT09,291,430.89,PLANT03,1013,15
1447221951.7,2014-05-24,PORT04,V444_0,2,DTP,0,0,V5555_33,1682793,PLANT03,PORT09,412,428.3179089017244,PLANT03,1013,15
1447222997.7,2014-05-24,PORT04,V444_0,2,DTP,0,0,V5555_33,1682754,PLANT03,PORT09,257,274.2746954169872,PLANT03,1013,10
1447203028.7,2014-05-25,PORT04,V444_0,2,DTP,0,0,V5555_33,1682754,PLANT03,PORT09,495,601.0170706407894,PLANT03,1013,21
1447225246.7,2014-05-26,PORT04,V444_0,2,DTP,0,0,V5555_33,1682754,PLANT03,PORT09,505,507.65,PLANT03,1013,17
1447407450.7,2014-05-26,PORT04,V444_0,2,DTP,0,0,V5555_33,1682754,PLANT03,PORT09,296,380.13,PLANT03,1013,13
1447258859.7,2014-05-27,PORT04,V444_0,2,DTP,0,0,V5555_33,1682754,PLANT03,PORT09,577,649.38,PLANT03,1013,22
1447404685.7,2014-05-27,PORT04,V444_0,2,DTP,0,0,V5555_33,1682754,PLANT03,PORT09,512,740.8469787315175,PLANT03,1013,25
1447364453.7,2014-05-28,PORT04,V444_0,2,DTP,0,0,V5555_33,1682754,PLANT03,PORT09,291,425.87,PLANT03,1013,15
1447246607.7,2014-05-29,PORT04,V444_0,2,DTP,0,0,V5555_33,1682754,PLANT03,PORT09,571,700.2814819086753,PLANT03,1013,24
1447152364.7,2014-05-30,PORT04,V444_0,2,DTP,0,0,V5555_33,1677891,PLANT03,PORT09,204,218.57,PLANT03,1013,8
1447213235.7,2014-05-30,PORT04,V444_0,2,DTP,0,0,V5555_33,1677891,PLANT03,PORT09,397,586.0,PLANT03,1013,20
1447168871.7,2014-05-31,PORT04,V444_0,2,DTP,0,0,V5555_33,1677891,PLANT03,PORT09,392,507.17,PLANT03,1013,17
1447327935.7,2014-06-01,PORT04,V444_0,2,DTP,0,0,V5555_33,1677891,PLANT03,PORT09,432,528.67,PLANT03,1013,18
1447327936.7,2014-06-02,PORT04,V444_0,2,DTP,0,0,V5555_33,1677891,PLANT03,PORT09,685,706.886072651568,PLANT03,1013,24
1447273033.7,2014-06-03,PORT04,V444_0,2,DTP,0,0,V5555_33,1677891,PLANT03,PORT09,308,441.93092379492407,PLANT03,1013,15
1447306530.7,2014-06-03,PORT04,V444_0,2,DTP,0,0,V5555_33,1677891,PLANT03,PORT09,567,834.8245427041486,PLANT03,1013,28
1447306521.7,2014-06-04,PORT04,V444_0,2,DTP,0,0,V5555_33,1677891,PLANT03,PORT09,696,1012.5391961066086,PLANT03,1013,34
1447350245.7,2014-06-05,PORT04,V444_0,2,DTP,0,0,V5555_33,1677891,PLANT03,PORT09,474,698.7635840109738,PLANT03,1013,24
1447350250.7,2014-06-05,PORT04,V444_0,2,DTP,0,0,V5555_33,1677891,PLANT03,PORT09,390,508.99,PLANT03,1013,17
1447286379.7,2014-06-06,PORT04,V444_0,2,DTP,0,0,V5555_33,1677891,PLANT03,PORT09,216,218.6,PLANT03,1013,8
1447269403.7,2014-06-07,PORT04,V444_0,2,DTP,0,0,V5555_33,1677891,PLANT03,PORT09,299,410.9304225266537,PLANT03,1013,14
1447137091.7,2014-06-07,PORT04,V444_0,2,DTP,0,0,V5555_33,1677891,PLANT03,PORT09,665,760.6,PLANT03,1013,26
1447189309.7,2014-06-08,PORT04,V444_0,2,DTP,0,0,V5555_33,1677891,PLANT03,PORT09,238,286.2717858742213,PLANT03,1013,10
1447152365.7,2014-06-09,PORT04,V444_0,2,DTP,0,0,V5555_33,1677891,PLANT03,PORT09,608,867.4084247466421,PLANT03,1013,29
1447220739.7,2014-06-09,PORT04,V444_0,2,DTP,0,0,V5555_33,1672676,PLANT03,PORT09,415,427.2529049750914,PLANT03,1013,15
1447346500.7,2014-06-10,PORT04,V444_0,2,DTP,0,0,V5555_33,1677889,PLANT03,PORT09,213,244.46244686741596,PLANT03,1013,9
1447174691.7,2014-06-10,PORT04,V444_0,2,DTP,0,0,V555555_24,1667817,PLANT03,PORT09,410,535.3250395307839,PLANT03,1013,18
1447195863.7,2014-06-11,PORT04,V444_0,2,DTP,0,0,V555555_24,1667817,PLANT03,PORT09,402,436.26296482791,PLANT03,1013,15
1447162158.7,2014-06-11,PORT04,V444_0,2,DTP,0,0,V555555_24,1658528,PLANT03,PORT09,534,541.728132570479,PLANT03,1013,19
1447143918.7,2014-06-12,PORT04,V444_0,2,DTP,0,0,V555555_24,1699424,PLANT03,PORT09,607,708.93,PLANT03,1013,24
1447314126.7,2014-06-12,PORT04,V444_0,2,DTP,0,0,V555555_24,1699424,PLANT03,PORT09,482,564.44,PLANT03,1013,19
1447260244.7,2014-06-13,PORT04,V444_0,2,DTP,0,0,V555555_24,1701406,PLANT03,PORT09,412,458.22,PLANT03,1013,16
1447311663.7,2014-06-14,PORT04,V444_0,2,DTP,0,0,V555555_24,1701406,PLANT03,PORT09,578,580.63,PLANT03,1013,20
1447260245.7,2014-06-15,PORT04,V444_0,2,DTP,0,0,V555555_24,1701405,PLANT03,PORT09,541,661.51,PLANT03,1013,23
1447206048.7,2014-06-15,PORT04,V444_0,2,DTP,0,0,V555555_24,1678648,PLANT03,PORT09,226,305.89,PLANT03,1013,11
1447283591.7,2014-06-16,PORT04,V444_0,2,DTP,0,0,V555555_24,1678648,PLANT03,PORT09,676,758.5218754513347,PLANT03,1013,26
1447133054.7,2014-06-17,PORT04,V444_0,2,DTP,0,0,V555555_24,1678648,PLANT03,PORT09,453,602.4885164556493,PLANT03,1013,21
1447389053.7,2014-06-18,PORT04,V444_0,2,DTP,0,0,V555555_24,1678648,PLANT03,PORT09,237,268.1,PLANT03,1013,9
1447356009.7,2014-06-18,PORT04,V444_0,2,DTP,0,0,V555555_24,1675615,PLANT03,PORT09,400,448.8,PLANT03,1013,15
1447418568.7,2014-06-19,PORT04,V444_0,2,DTP,0,0,V555555_24,1675615,PLANT03,PORT09,281,315.7922458515372,PLANT03,1013,11
1447292185.7,2014-06-20,PORT04,V444_0,2,DTP,0,0,V555555_24,1675615,PLANT03,PORT09,366,542.8918664239877,PLANT03,1013,19
1447281074.7,2014-06-20,PORT04,V444_0,2,DTP,0,0,V555555_24,1675654,PLANT03,PORT09,403,435.367672942638,PLANT03,1013,15
1447418575.7,2014-06-21,PORT04,V444_0,2,DTP,0,0,V555555_24,1675655,PLANT03,PORT09,478,506.56787782175167,PLANT03,1013,17
1447292184.7,2014-06-22,PORT04,V444_0,2,DTP,0,0,V555555_24,1675655,PLANT03,PORT09,267,376.7039476675496,PLANT03,1013,13
1447174689.7,2014-06-23,PORT04,V444_0,2,DTP,0,0,V555555_24,1675655,PLANT03,PORT09,384,393.2,PLANT03,1013,14
1447312662.7,2014-06-24,PORT04,V444_0,2,DTP,0,0,V555555_24,1695346,PLANT03,PORT09,377,378.28,PLANT03,1013,13
1447406923.7,2014-06-24,PORT04,V444_0,2,DTP,0,0,V555555_24,1695346,PLANT03,PORT09,558,672.7006433415628,PLANT03,1013,23
1447401972.7,2014-06-25,PORT04,V444_0,2,DTP,0,0,V555555_24,1695346,PLANT03,PORT09,307,457.9428079515838,PLANT03,1013,16
1447281000.7,2014-06-25,PORT04,V444_0,2,DTP,0,0,V555555_24,1679638,PLANT03,PORT09,517,517.7,PLANT03,1013,18
1447367414.7,2014-06-26,PORT04,V444_0,2,DTP,0,0,V555555_24,1679638,PLANT03,PORT09,686,918.1671906088586,PLANT03,1013,31
1447377768.7,2014-06-27,PORT04,V444_0,2,DTP,0,0,V555555_24,1679638,PLANT03,PORT09,244,334.2289036210525,PLANT03,1013,12
1447367413.7,2014-06-27,PORT04,V444_0,2,DTP,0,0,V555555_24,1679638,PLANT03,PORT09,243,326.49,PLANT03,1013,11
1447377767.7,2014-06-28,PORT04,V444_0,2,DTP,0,0,V555555_24,1679638,PLANT03,PORT09,697,804.92,PLANT03,1013,27
1447281072.7,2014-06-29,PORT04,V444_0,2,DTP,0,0,V555555_24,1679638,PLANT03,PORT09,273,289.24640806331377,PLANT03,1013,10
1447141982.7,2014-06-29,PORT04,V444_0,2,DTP,0,0,V555555_24,1679638,PLANT03,PORT09,292,342.78,PLANT03,1013,12
1447174693.7,2014-06-30,PORT04,V444_0,2,DTP,0,0,V555555_24,1679638,PLANT03,PORT09,521,553.7301297734077,PLANT03,1013,19
1447292186.7,2014-06-30,PORT04,V444_0,2,DTP,0,0,V555555_24,1668608,PLANT03,PORT09,216,245.28,PLANT03,1013,9
1447280990.7,2014-07-01,PORT04,V444_0,2,DTP,0,0,V555555_24,1651302,PLANT03,PORT09,657,659.43,PLANT03,1013,22
1447377766.7,2014-07-01,PORT04,V444_0,2,DTP,0,0,V555555_24,1651302,PLANT03,PORT09,476,569.04,PLANT03,1013,19
1447377765.7,2014-07-02,PORT04,V444_0,2,DTP,0,0,V555555_24,1651302,PLANT03,PORT09,682,954.8469157184578,PLANT03,1013,32
1447356011.7,2014-07-03,PORT04,V444_0,2,DTP,0,0,V555555_24,1651302,PLANT03,PORT09,375,434.4195258226171,PLANT03,1013,15
1447418576.7,2014-07-03,PORT04,V444_0,2,DTP,0,0,V555555_24,1651302,PLANT03,PORT09,307,373.347467633942,PLANT03,1013,13
1447334921.7,2014-07-04,PORT04,V444_0,2,DTP,0,0,V555555_24,1651299,PLANT03,PORT09,533,536.36,PLANT03,1013,18
1447239936.7,2014-07-04,PORT04,V444_0,2,DTP,0,0,V555555_24,1689550,PLANT03,PORT09,619,715.8221841337462,PLANT03,1013,24
1447377761.7,2014-07-05,PORT04,V444_0,2,DTP,0,0,V555555_24,1689550,PLANT03,PORT09,457,459.2455957621965,PLANT03,1013,16
1447215353.7,2014-07-06,PORT04,V444_0,2,DTP,0,0,V555555_24,1689550,PLANT03,PORT09,547,736.64,PLANT03,1013,25
1447401977.7,2014-07-06,PORT04,V444_0,2,DTP,0,0,V555555_24,1689549,PLANT03,PORT09,566,604.79,PLANT03,1013,21
1447239935.7,2014-07-07,PORT04,V444_0,2,DTP,0,0,V555555_24,1689549,PLANT03,PORT09,641,956.34,PLANT03,1013,32
1447292188.7,2014-07-07,PORT04,V444_0,2,DTP,0,0,V555555_24,1688633,PLANT03,PORT09,302,451.0926393191422,PLANT03,1013,16
1447215352.7,2014-07-08,PORT04,V444_0,2,DTP,0,0,V555555_24,1688633,PLANT03,PORT09,692,902.95,PLANT03,1013,31
1447174686.7,2014-07-09,PORT04,V444_0,2,DTP,0,0,V555555_24,1688633,PLANT03,PORT09,256,352.23,PLANT03,1013,12
1447195864.7,2014-07-10,PORT04,V444_0,2,DTP,0,0,V555555_24,1688633,PLANT03,PORT09,234,289.50888495521934,PLANT03,1013,10
1447401976.7,2014-07-11,PORT04,V444_0,2,DTP,0,0,V555555_24,1688633,PLANT03,PORT09,581,839.25,PLANT03,1013,28
1447239931.7,2014-07-12,PORT04,V444_0,2,DTP,0,0,V555555_24,1688633,PLANT03,PORT09,315,396.7027859205667,PLANT03,1013,14
1447312663.7,2014-07-12,PORT04,V444_0,2,DTP,0,0,V555555_24,1689781,PLANT03,PORT09,274,335.5497377097922,PLANT03,1013,12
1447239933.7,2014-07-13,PORT04,V444_0,2,DTP,0,0,V555555_24,1688587,PLANT03,PORT09,496,526.9,PLANT03,1013,18
1447239934.7,2014-07-13,PORT04,V444_0,2,DTP,0,0,V555555_24,1688629,PLANT03,PORT09,425,479.8478741743506,PLANT03,1013,16
1447377762.7,2014-07-14,PORT04,V444_0,2,DTP,0,0,V555555_24,1688629,PLANT03,PORT09,238,348.4,PLANT03,1013,12
1447418573.7,2014-07-15,PORT04,V444_0,2,DTP,0,0,V555555_24,1689546,PLANT03,PORT09,606,638.18,PLANT03,1013,22
1447356004.7,2014-07-16,PORT04,V444_0,2,DTP,0,0,V555555_24,1689546,PLANT03,PORT09,413,542.7660367528644,PLANT03,1013,19
1447408600.7,2014-07-16,PORT04,V444_0,2,DTP,0,0,V555555_24,1689546,PLANT03,PORT09,568,804.95,PLANT03,1013,27
1447174688.7,2014-07-17,PORT04,V444_0,2,DTP,0,0,V555555_24,1689551,PLANT03,PORT09,488,599.84,PLANT03,1013,20
1447292187.7,2014-07-17,PORT04,V444_0,2,DTP,0,0,V555555_24,1689551,PLANT03,PORT09,686,968.5450110671244,PLANT03,1013,33
1447195866.7,2014-07-18,PORT04,V444_0,2,DTP,0,0,V555555_24,1689551,PLANT03,PORT09,677,845.9746136409324,PLANT03,1013,29
1447215351.7,2014-07-19,PORT04,V444_0,2,DTP,0,0,V555555_24,1689551,PLANT03,PORT09,369,448.71,PLANT03,1013,15
1447215350.7,2014-07-20,PORT04,V444_0,2,DTP,0,0,V555555_24,1689548,PLANT03,PORT09,424,445.88,PLANT03,1013,15
1447292179.7,2014-07-21,PORT04,V444_0,2,DTP,0,0,V555555_24,1689548,PLANT03,PORT09,355,448.04,PLANT03,1013,15
1447239932.7,2014-07-21,PORT04,V444_0,2,DTP,0,0,V555555_24,1689548,PLANT03,PORT09,663,698.37,PLANT03,1013,24
1447334918.7,2014-07-22,PORT04,V444_0,2,DTP,0,0,V555555_24,1689548,PLANT03,PORT09,430,608.06,PLANT03,1013,21
1447174687.7,2014-07-23,PORT04,V444_0,2,DTP,0,0,V555555_24,1689547,PLANT03,PORT09,549,579.8529839598156,PLANT03,1013,20
1447195865.7,2014-07-24,PORT04,V444_0,2,DTP,0,0,V555555_24,1689547,PLANT03,PORT09,206,219.9731311175189,PLANT03,1013,8
1447418572.7,2014-07-24,PORT04,V444_0,2,DTP,0,0,V555555_24,1689547,PLANT03,PORT09,237,282.82,PLANT03,1013,10
1447408595.7,2014-07-25,PORT04,V444_0,2,DTP,0,0,V555555_24,1689547,PLANT03,PORT09,598,733.72,PLANT03,1013,25
1447236708.7,2014-07-26,PORT04,V444_0,2,DTP,0,0,V555555_24,1689547,PLANT03,PORT09,592,867.98,PLANT03,1013,29
1447236710.7,2014-07-27,PORT04,V444_0,2,DTP,0,0,V555555_24,1674853,PLANT03,PORT09,378,460.5472275730972,PLANT03,1013,16
1447377764.7,2014-07-27,PORT04,V444_0,2,DTP,0,0,V555555_24,1672722,PLANT03,PORT09,263,342.28,PLANT03,1013,12
1447236709.7,2014-07-28,PORT04,V444_0,2,DTP,0,0,V555555_24,1672722,PLANT03,PORT09,641,665.0246939321393,PLANT03,1013,23
1447141983.7,2014-07-28,PORT04,V444_0,2,DTP,0,0,V555555_24,1689145,PLANT03,PORT09,238,353.96,PLANT03,1013,12
1447377769.7,2014-07-29,PORT04,V444_0,2,DTP,0,0,V555555_24,1689145,PLANT03,PORT09,363,512.16,PLANT03,1013,18
1447356013.7,2014-07-30,PORT04,V444_0,2,DTP,0,0,V555555_24,1689145,PLANT03,PORT09,646,687.46,PLANT03,1013,23
1447401973.7,2014-07-31,PORT04,V444_0,2,DTP,0,0,V555555_24,1662552,PLANT03,PORT09,584,850.2510223055185,PLANT03,1013,29
1447195860.7,2014-08-01,PORT04,V444_0,2,DTP,0,0,V555555_24,1662552,PLANT03,PORT09,390,460.65,PLANT03,1013,16
1447281073.7,2014-08-02,PORT04,V444_0,2,DTP,0,0,V555555_24,1662552,PLANT03,PORT09,647,913.9,PLANT03,1013,31
1447154371.7,2014-08-02,PORT04,V444_0,2,DTP,0,0,V555555_24,1652615,PLANT03,PORT09,617,761.69,PLANT03,1013,26
1447369856.7,2014-08-03,PORT04,V444_0,2,DTP,0,0,V555555_24,1687346,PLANT03,PORT09,313,361.77,PLANT03,1013,13
1447239930.7,2014-08-03,PORT04,V444_0,2,DTP,0,0,V555555_24,1687346,PLANT03,PORT09,248,289.94,PLANT03,1013,10
1447388773.7,2014-08-04,PORT04,V444_0,2,DTP,0,0,V555555_24,1687346,PLANT03,PORT09,657,874.4,PLANT03,1013,30
1447239929.7,2014-08-05,PORT04,V444_0,2,DTP,0,0,V555555_24,1687346,PLANT03,PORT09,692,934.0388531349712,PLANT03,1013,32
1447154372.7,2014-08-06,PORT04,V444_0,2,DTP,0,0,V555555_24,1677891,PLANT03,PORT09,271,317.48,PLANT03,1013,11
1447195862.7,2014-08-06,PORT04,V444_0,2,DTP,0,0,V555555_24,1660563,PLANT03,PORT09,343,349.83,PLANT03,1013,12
1447174690.7,2014-08-07,PORT04,V444_0,2,DTP,0,0,V555555_24,1660563,PLANT03,PORT09,246,355.57235423962493,PLANT03,1013,12
1447418570.7,2014-08-07,PORT04,V444_0,2,DTP,0,0,V555555_24,1660885,PLANT03,PORT09,510,635.96,PLANT03,1013,22
1447338995.7,2014-08-08,PORT04,V444_0,2,DTP,0,0,V555555_24,1660885,PLANT03,PORT09,365,456.44,PLANT03,1013,16
1447418569.7,2014-08-09,PORT04,V444_0,2,DTP,0,0,V555555_24,1660885,PLANT03,PORT09,373,547.8738624049945,PLANT03,1013,19
1447406922.7,2014-08-09,PORT04,V444_0,2,DTP,0,0,V555555_24,1660885,PLANT03,PORT09,296,377.4844539121219,PLANT03,1013,13
1447356010.7,2014-08-10,PORT04,V444_0,2,DTP,0,0,V555555_24,1660885,PLANT03,PORT09,399,580.77,PLANT03,1013,20
1447334919.7,2014-08-11,PORT04,V444_0,2,DTP,0,0,V555555_24,1660885,PLANT03,PORT09,447,457.9,PLANT03,1013,16
1447195861.7,2014-08-11,PORT04,V444_0,2,DTP,0,0,V555555_24,1660897,PLANT03,PORT09,230,302.67,PLANT03,1013,11
1447281075.7,2014-08-12,PORT04,V444_0,2,DTP,0,0,V555555_24,1660897,PLANT03,PORT09,470,630.69,PLANT03,1013,22
1447312661.7,2014-08-13,PORT04,V444_0,2,DTP,0,0,V555555_24,1660897,PLANT03,PORT09,279,400.3114958536505,PLANT03,1013,14
1447418571.7,2014-08-13,PORT04,V444_0,2,DTP,0,0,V555555_24,1660885,PLANT03,PORT09,236,242.73,PLANT03,1013,9
1447174692.7,2014-08-14,PORT04,V444_0,2,DTP,0,0,V555555_24,1660897,PLANT03,PORT09,292,294.55473924215875,PLANT03,1013,10
1447377759.7,2014-08-14,PORT04,V444_0,2,DTP,0,0,V555555_24,1660885,PLANT03,PORT09,365,402.02,PLANT03,1013,14
1447377760.7,2014-08-15,PORT04,V444_0,2,DTP,0,0,V555555_24,1660885,PLANT03,PORT09,272,310.63,PLANT03,1013,11
1447174700.7,2014-08-16,PORT04,V444_0,2,DTP,0,0,V555555_24,1660885,PLANT03,PORT09,289,352.6867914366761,PLANT03,1013,12
1447401974.7,2014-08-17,PORT04,V444_0,2,DTP,0,0,V555555_24,1677878,PLANT03,PORT09,419,568.92,PLANT03,1013,19
1447334920.7,2014-08-17,PORT04,V444_0,2,DTP,0,0,V555555_24,1677878,PLANT03,PORT09,241,265.8087795754877,PLANT03,1013,9
1447280998.7,2014-08-18,PORT04,V444_0,2,DTP,0,0,V555555_24,1677878,PLANT03,PORT09,257,273.69,PLANT03,1013,10
1447401975.7,2014-08-19,PORT04,V444_0,2,DTP,0,0,V555555_24,1677878,PLANT03,PORT09,610,903.63,PLANT03,1013,31
1447356012.7,2014-08-20,PORT04,V444_0,2,DTP,0,0,V555555_24,1677878,PLANT03,PORT09,352,370.59,PLANT03,1013,13
1447280999.7,2014-08-20,PORT04,V444_0,2,DTP,0,0,V555555_24,1677878,PLANT03,PORT09,324,376.22,PLANT03,1013,13
1447292182.7,2014-08-21,PORT04,V444_0,2,DTP,0,0,V555555_24,1666519,PLANT03,PORT09,281,398.2413845262816,PLANT03,1013,14
1447215349.7,2014-08-21,PORT04,V444_0,2,DTP,0,0,V555555_24,1666519,PLANT03,PORT09,492,614.32,PLANT03,1013,21
1447292183.7,2014-08-22,PORT04,V444_0,2,DTP,0,0,V555555_24,1666519,PLANT03,PORT09,264,266.53016115329706,PLANT03,1013,9
1447141981.7,2014-08-22,PORT04,V444_0,2,DTP,0,0,V555555_24,1666519,PLANT03,PORT09,316,321.28,PLANT03,1013,11
1447377763.7,2014-08-23,PORT04,V444_0,2,DTP,0,0,V555555_24,1666519,PLANT03,PORT09,458,621.0984269855693,PLANT03,1013,21
1447367375.7,2014-08-24,PORT04,V444_0,2,DTP,0,0,V555555_24,1666507,PLANT03,PORT09,647,806.93,PLANT03,1013,27
1447396243.7,2014-08-24,PORT04,V444_0,2,DTP,0,0,V555555_24,1666507,PLANT03,PORT09,648,652.75,PLANT03,1013,22
1447292180.7,2014-08-25,PORT04,V444_0,2,DTP,0,0,V555555_24,1666954,PLANT03,PORT09,227,252.22909401347945,PLANT03,1013,9
1447215348.7,2014-08-25,PORT04,V444_0,2,DTP,0,0,V555555_24,1666954,PLANT03,PORT09,258,341.3246981999721,PLANT03,1013,12
1447292181.7,2014-08-26,PORT04,V444_0,2,DTP,0,0,V555555_24,1666954,PLANT03,PORT09,470,630.61,PLANT03,1013,22
1447141980.7,2014-08-26,PORT04,V444_0,2,DTP,0,0,V555555_24,1666954,PLANT03,PORT09,534,665.74,PLANT03,1013,23
1447377757.7,2014-08-27,PORT04,V444_0,2,DTP,0,0,V555555_24,1666954,PLANT03,PORT09,682,738.4082718757877,PLANT03,1013,25
1447377758.7,2014-08-28,PORT04,V444_0,2,DTP,0,0,V555555_24,1666954,PLANT03,PORT09,302,438.8267679552494,PLANT03,1013,15
1447356008.7,2014-08-28,PORT04,V444_0,2,DTP,0,0,V555555_24,1666954,PLANT03,PORT09,654,736.51,PLANT03,1013,25
1447284945.7,2014-08-29,PORT04,V444_0,2,DTP,0,0,V555555_24,1689601,PLANT03,PORT09,248,359.0811507134641,PLANT03,1013,12
1447369858.7,2014-08-30,PORT04,V444_0,2,DTP,0,0,V555555_24,1687644,PLANT03,PORT09,201,292.15204460304346,PLANT03,1013,10
1447418574.7,2014-08-31,PORT04,V444_0,2,DTP,0,0,V555555_24,1660551,PLANT03,PORT09,475,582.56,PLANT03,1013,20
1447173716.7,2014-08-31,PORT04,V444_0,2,DTP,3,0,V55555_2,1667817,PLANT03,PORT09,227,286.1205363365271,PLANT03,1013,10
1447173717.7,2014-09-01,PORT04,V444_0,2,DTP,3,0,V55555_2,1667817,PLANT03,PORT09,311,438.2468656485096,PLANT03,1013,15
1447373446.7,2014-09-02,PORT04,V444_0,2,DTP,3,0,V55555_2,1667817,PLANT03,PORT09,416,523.08,PLANT03,1013,18
1447403034.7,2014-09-03,PORT04,V444_0,2,DTP,3,0,V55555_2,1667817,PLANT03,PORT09,327,396.2393085122659,PLANT03,1013,14
1447172403.7,2014-09-04,PORT04,V444_0,2,DTP,3,0,V55555_2,1667817,PLANT03,PORT09,571,810.83,PLANT03,1013,28
1447172392.7,2014-09-05,PORT04,V444_0,2,DTP,3,0,V55555_2,1667817,PLANT03,PORT09,491,549.1465450314521,PLANT03,1013,19
1447258796.7,2014-09-05,PORT04,V444_0,2,DTP,3,0,V55555_2,1667817,PLANT03,PORT09,663,880.4,PLANT03,1013,30
1447373389.7,2014-09-06,PORT04,V444_0,2,DTP,3,0,V55555_2,1667817,PLANT03,PORT09,299,401.06,PLANT03,1013,14
1447296140.7,2014-09-07,PORT04,V444_0,2,DTP,3,0,V55555_2,1667817,PLANT03,PORT09,484,493.43955382460194,PLANT03,1013,17
1447266823.7,2014-09-08,PORT04,V444_0,2,DTP,3,0,V55555_2,1667817,PLANT03,PORT09,387,497.2,PLANT03,1013,17
1447389182.7,2014-09-08,PORT04,V444_0,2,DTP,3,0,V55555_2,1667817,PLANT03,PORT09,661,773.947992388719,PLANT03,1013,26
1447183407.7,2014-09-09,PORT04,V444_0,2,DTP,3,0,V55555_2,1667817,PLANT03,PORT09,437,539.04,PLANT03,1013,18
1447373366.7,2014-09-09,PORT04,V444_0,2,DTP,3,0,V55555_2,1643057,PLANT03,PORT09,641,861.0804950575836,PLANT03,1013,29
1447385815.7,2014-09-10,PORT04,V444_0,2,DTP,3,0,V55555_2,1620552,PLANT03,PORT09,201,211.76,PLANT03,1013,8
1447283548.7,2014-09-10,PORT04,V444_0,2,DTP,3,0,V55555_2,1620552,PLANT03,PORT09,428,602.8609192216869,PLANT03,1013,21
1447390880.7,2014-09-11,PORT04,V444_0,2,DTP,3,0,V55555_2,1620552,PLANT03,PORT09,590,654.2358679260365,PLANT03,1013,22
1447405701.7,2014-09-12,PORT04,V444_0,2,DTP,3,0,V55555_2,1620552,PLANT03,PORT09,536,562.3564389861771,PLANT03,1013,19
1447173726.7,2014-09-13,PORT04,V444_0,2,DTP,3,0,V55555_2,1658532,PLANT03,PORT09,536,791.3596162977166,PLANT03,1013,27
1447195158.7,2014-09-14,PORT04,V444_0,2,DTP,3,0,V55555_2,1658532,PLANT03,PORT09,616,762.02,PLANT03,1013,26
1447172399.7,2014-09-15,PORT04,V444_0,2,DTP,3,0,V55555_2,1658532,PLANT03,PORT09,384,384.710862111824,PLANT03,1013,13
1447195163.7,2014-09-15,PORT04,V444_0,2,DTP,3,0,V55555_2,1658532,PLANT03,PORT09,608,686.17,PLANT03,1013,23
1447191812.7,2014-09-16,PORT04,V444_0,2,DTP,3,0,V55555_2,1658532,PLANT03,PORT09,534,634.21,PLANT03,1013,22
1447265651.7,2014-09-17,PORT04,V444_0,2,DTP,3,0,V55555_2,1658532,PLANT03,PORT09,632,892.0691295252315,PLANT03,1013,30
1447373400.7,2014-09-18,PORT04,V444_0,2,DTP,3,0,V55555_2,1658532,PLANT03,PORT09,586,704.72,PLANT03,1013,24
1447165378.7,2014-09-18,PORT04,V444_0,2,DTP,3,0,V55555_2,1658528,PLANT03,PORT09,519,530.99,PLANT03,1013,18
1447232843.7,2014-09-19,PORT04,V444_0,2,DTP,3,0,V55555_2,1658528,PLANT03,PORT09,454,494.2587590967617,PLANT03,1013,17
1447172394.7,2014-09-19,PORT04,V444_0,2,DTP,3,0,V55555_2,1658528,PLANT03,PORT09,512,566.1264020477213,PLANT03,1013,19
1447269531.7,2014-09-20,PORT04,V444_0,2,DTP,3,0,V55555_2,1658528,PLANT03,PORT09,552,818.46,PLANT03,1013,28
1447232841.7,2014-09-20,PORT04,V444_0,2,DTP,3,0,V55555_2,1658528,PLANT03,PORT09,499,691.12,PLANT03,1013,24
1447174704.7,2014-09-21,PORT04,V444_0,2,DTP,3,0,V55555_2,1658528,PLANT03,PORT09,614,719.7025662292274,PLANT03,1013,24
1447261830.7,2014-09-22,PORT04,V444_0,2,DTP,3,0,V55555_2,1658528,PLANT03,PORT09,325,409.7816805636524,PLANT03,1013,14
1447373421.7,2014-09-23,PORT04,V444_0,2,DTP,3,0,V55555_2,1658528,PLANT03,PORT09,330,363.6196551652407,PLANT03,1013,13
1447267058.7,2014-09-24,PORT04,V444_0,2,DTP,3,0,V55555_2,1658528,PLANT03,PORT09,609,730.6271289648952,PLANT03,1013,25
1447232842.7,2014-09-25,PORT04,V444_0,2,DTP,3,0,V55555_2,1658528,PLANT03,PORT09,224,303.4,PLANT03,1013,11
1447173722.7,2014-09-25,PORT04,V444_0,2,DTP,3,0,V55555_2,1658528,PLANT03,PORT09,362,510.5736706766263,PLANT03,1013,18
1447232854.7,2014-09-26,PORT04,V444_0,2,DTP,3,0,V55555_2,1658528,PLANT03,PORT09,445,457.5991865165066,PLANT03,1013,16
1447373430.7,2014-09-27,PORT04,V444_0,2,DTP,3,0,V55555_2,1658528,PLANT03,PORT09,246,360.2379008082755,PLANT03,1013,13
1447261844.7,2014-09-27,PORT04,V444_0,2,DTP,3,0,V55555_2,1658528,PLANT03,PORT09,309,383.64430273986966,PLANT03,1013,13
1447232844.7,2014-09-28,PORT04,V444_0,2,DTP,3,0,V55555_2,1658528,PLANT03,PORT09,455,678.7997201612349,PLANT03,1013,23
1447173725.7,2014-09-28,PORT04,V444_0,2,DTP,3,0,V55555_2,1658528,PLANT03,PORT09,361,476.0330392551133,PLANT03,1013,16
1447236508.7,2014-09-29,PORT04,V444_0,2,DTP,3,0,V55555_2,1658528,PLANT03,PORT09,573,726.22,PLANT03,1013,25
1447236509.7,2014-09-29,PORT04,V444_0,2,DTP,3,0,V55555_2,1658528,PLANT03,PORT09,225,296.43,PLANT03,1013,10
1447330340.7,2014-09-30,PORT04,V444_0,2,DTP,3,0,V55555_2,1658528,PLANT03,PORT09,498,595.18,PLANT03,1013,20
1447232866.7,2014-09-30,PORT04,V444_0,2,DTP,3,0,V55555_2,1649002,PLANT03,PORT09,403,485.8,PLANT03,1013,17
1447373435.7,2014-10-01,PORT04,V444_0,2,DTP,3,0,V55555_2,1649002,PLANT03,PORT09,553,668.4063834078308,PLANT03,1013,23
1447293117.7,2014-10-02,PORT04,V444_0,2,DTP,3,0,V55555_2,1649008,PLANT03,PORT09,635,640.29,PLANT03,1013,22
1447212038.7,2014-10-02,PORT04,V444_0,2,DTP,3,0,V55555_2,1692402,PLANT03,PORT09,386,472.787656596458,PLANT03,1013,16
1447228784.7,2014-10-03,PORT04,V444_0,2,DTP,3,0,V55555_2,1696757,PLANT03,PORT09,579,759.06,PLANT03,1013,26
1447167294.7,2014-10-04,PORT04,V444_0,2,DTP,3,0,V55555_2,1696752,PLANT03,PORT09,528,578.78,PLANT03,1013,20
1447228785.7,2014-10-05,PORT04,V444_0,2,DTP,3,0,V55555_2,1696758,PLANT03,PORT09,460,538.9768916021517,PLANT03,1013,18
1447283840.7,2014-10-06,PORT04,V444_0,2,DTP,3,0,V55555_2,1696758,PLANT03,PORT09,414,609.72,PLANT03,1013,21
1447241519.7,2014-10-07,PORT04,V444_0,2,DTP,3,0,V55555_2,1696758,PLANT03,PORT09,389,491.1424324047117,PLANT03,1013,17
1447283239.7,2014-10-08,PORT04,V444_0,2,DTP,3,0,V55555_2,1696758,PLANT03,PORT09,366,502.5948288918023,PLANT03,1013,17
1447390904.7,2014-10-09,PORT04,V444_0,2,DTP,3,0,V55555_2,1696746,PLANT03,PORT09,666,755.64,PLANT03,1013,26
1447390902.7,2014-10-10,PORT04,V444_0,2,DTP,3,0,V55555_2,1696746,PLANT03,PORT09,225,245.0119566076312,PLANT03,1013,9
1447183418.7,2014-10-11,PORT04,V444_0,2,DTP,3,0,V55555_2,1696746,PLANT03,PORT09,419,433.52,PLANT03,1013,15
1447183417.7,2014-10-11,PORT04,V444_0,2,DTP,3,0,V55555_2,1696746,PLANT03,PORT09,332,374.88,PLANT03,1013,13
1447390903.7,2014-10-12,PORT04,V444_0,2,DTP,3,0,V55555_2,1696746,PLANT03,PORT09,306,374.5570795543107,PLANT03,1013,13
1447390905.7,2014-10-13,PORT04,V444_0,2,DTP,3,0,V55555_2,1696746,PLANT03,PORT09,316,415.03481555024536,PLANT03,1013,14
1447194399.7,2014-10-13,PORT04,V444_0,2,DTP,3,0,V55555_2,1696748,PLANT03,PORT09,238,298.3793820451337,PLANT03,1013,10
1447283838.7,2014-10-14,PORT04,V444_0,2,DTP,3,0,V55555_2,1696748,PLANT03,PORT09,621,711.36,PLANT03,1013,24
1447283839.7,2014-10-15,PORT04,V444_0,2,DTP,3,0,V55555_2,1696748,PLANT03,PORT09,365,365.14,PLANT03,1013,13
1447305835.7,2014-10-15,PORT04,V444_0,2,DTP,3,0,V55555_2,1676563,PLANT03,PORT09,624,777.6185191947897,PLANT03,1013,26
1447275661.7,2014-10-16,PORT04,V444_0,2,DTP,3,0,V55555_2,1676563,PLANT03,PORT09,645,724.28,PLANT03,1013,25
1447281385.7,2014-10-17,PORT04,V444_0,2,DTP,3,0,V55555_2,1676566,PLANT03,PORT09,445,656.88,PLANT03,1013,22
1447281384.7,2014-10-17,PORT04,V444_0,2,DTP,3,0,V55555_2,1676566,PLANT03,PORT09,298,392.93,PLANT03,1013,14
1447163026.7,2014-10-18,PORT04,V444_0,2,DTP,3,0,V55555_2,1675615,PLANT03,PORT09,654,702.87,PLANT03,1013,24
1447184518.7,2014-10-18,PORT04,V444_0,2,DTP,3,0,V55555_2,1675654,PLANT03,PORT09,412,504.06,PLANT03,1013,17
1447216655.7,2014-10-19,PORT04,V444_0,2,DTP,3,0,V55555_2,1676853,PLANT03,PORT09,208,225.11487007665085,PLANT03,1013,8
1447140259.7,2014-10-20,PORT04,V444_0,2,DTP,3,0,V55555_2,1680210,PLANT03,PORT09,425,575.9646356901375,PLANT03,1013,20
1447400414.7,2014-10-21,PORT04,V444_0,2,DTP,3,0,V55555_2,1680210,PLANT03,PORT09,330,343.9,PLANT03,1013,12
1447173728.7,2014-10-21,PORT04,V444_0,2,DTP,3,0,V55555_2,1680210,PLANT03,PORT09,525,619.17,PLANT03,1013,21
1447373443.7,2014-10-22,PORT04,V444_0,2,DTP,3,0,V55555_2,1680210,PLANT03,PORT09,522,634.1894588029635,PLANT03,1013,22
1447196659.7,2014-10-23,PORT04,V444_0,2,DTP,3,0,V55555_2,1680210,PLANT03,PORT09,332,492.1050453539598,PLANT03,1013,17
1447140283.7,2014-10-23,PORT04,V444_0,2,DTP,3,0,V55555_2,1680210,PLANT03,PORT09,651,903.86,PLANT03,1013,31
1447373442.7,2014-10-24,PORT04,V444_0,2,DTP,3,0,V55555_2,1680210,PLANT03,PORT09,228,329.7414767105293,PLANT03,1013,11
1447172412.7,2014-10-25,PORT04,V444_0,2,DTP,3,0,V55555_2,1680210,PLANT03,PORT09,492,553.08,PLANT03,1013,19
1447172422.7,2014-10-25,PORT04,V444_0,2,DTP,3,0,V55555_2,1680210,PLANT03,PORT09,298,377.46,PLANT03,1013,13
1447140282.7,2014-10-26,PORT04,V444_0,2,DTP,3,0,V55555_2,1680210,PLANT03,PORT09,373,530.71,PLANT03,1013,18
1447196686.7,2014-10-26,PORT04,V444_0,2,DTP,3,0,V55555_2,1680210,PLANT03,PORT09,342,412.3027645823538,PLANT03,1013,14
1447375316.7,2014-10-27,PORT04,V444_0,2,DTP,3,0,V55555_2,1655818,PLANT03,PORT09,407,585.96,PLANT03,1013,20
1447175872.7,2014-10-28,PORT04,V444_0,2,DTP,3,0,V55555_2,1655818,PLANT03,PORT09,442,516.8100203530295,PLANT03,1013,18
1447173724.7,2014-10-28,PORT04,V444_0,2,DTP,3,0,V55555_2,1655818,PLANT03,PORT09,365,521.6103538173644,PLANT03,1013,18
1447258700.7,2014-10-29,PORT04,V444_0,2,DTP,3,0,V55555_2,1655818,PLANT03,PORT09,394,522.07,PLANT03,1013,18
1447172435.7,2014-10-30,PORT04,V444_0,2,DTP,3,0,V55555_2,1655818,PLANT03,PORT09,520,551.62,PLANT03,1013,19
1447173723.7,2014-10-30,PORT04,V444_0,2,DTP,3,0,V55555_2,1655818,PLANT03,PORT09,601,711.8,PLANT03,1013,24
1447313158.7,2014-10-31,PORT04,V444_0,2,DTP,3,0,V55555_2,1655818,PLANT03,PORT09,520,624.09,PLANT03,1013,21
1447172416.7,2014-11-01,PORT04,V444_0,2,DTP,3,0,V55555_2,1668606,PLANT03,PORT09,243,301.79,PLANT03,1013,11
1447204347.7,2014-11-01,PORT04,V444_0,2,DTP,3,0,V55555_2,1668606,PLANT03,PORT09,326,438.3365698996852,PLANT03,1013,15
1447184522.7,2014-11-02,PORT04,V444_0,2,DTP,3,0,V55555_2,1668612,PLANT03,PORT09,275,386.8851622291298,PLANT03,1013,13
1447418503.7,2014-11-03,PORT04,V444_0,2,DTP,3,0,V55555_2,1668607,PLANT03,PORT09,413,612.9351256381899,PLANT03,1013,21
1447172427.7,2014-11-03,PORT04,V444_0,2,DTP,3,0,V55555_2,1668612,PLANT03,PORT09,284,419.22093112744994,PLANT03,1013,14
1447172433.7,2014-11-04,PORT04,V444_0,2,DTP,3,0,V55555_2,1668612,PLANT03,PORT09,649,823.45,PLANT03,1013,28
1447312218.7,2014-11-05,PORT04,V444_0,2,DTP,3,0,V55555_2,1668608,PLANT03,PORT09,373,376.16,PLANT03,1013,13
1447235296.7,2014-11-05,PORT04,V444_0,2,DTP,3,0,V55555_2,1700094,PLANT03,PORT09,230,287.80246329644416,PLANT03,1013,10
1447235300.7,2014-11-06,PORT04,V444_0,2,DTP,3,0,V55555_2,1700094,PLANT03,PORT09,304,306.1846886702222,PLANT03,1013,11
1447235299.7,2014-11-06,PORT04,V444_0,2,DTP,3,0,V55555_2,1700094,PLANT03,PORT09,300,423.3986202720641,PLANT03,1013,15
1447321401.7,2014-11-07,PORT04,V444_0,2,DTP,3,0,V55555_2,1700094,PLANT03,PORT09,540,664.0820039264909,PLANT03,1013,23
1447172440.7,2014-11-08,PORT04,V444_0,2,DTP,3,0,V55555_2,1700094,PLANT03,PORT09,347,465.75,PLANT03,1013,16
1447283717.7,2014-11-08,PORT04,V444_0,2,DTP,3,0,V55555_2,1700094,PLANT03,PORT09,615,679.6340303810452,PLANT03,1013,23
1447283715.7,2014-11-09,PORT04,V444_0,2,DTP,3,0,V55555_2,1700094,PLANT03,PORT09,424,537.74,PLANT03,1013,18
1447283712.7,2014-11-10,PORT04,V444_0,2,DTP,3,0,V55555_2,1700094,PLANT03,PORT09,595,775.814085485549,PLANT03,1013,26
1447283716.7,2014-11-11,PORT04,V444_0,2,DTP,3,0,V55555_2,1700094,PLANT03,PORT09,531,733.45,PLANT03,1013,25
1447283714.7,2014-11-12,PORT04,V444_0,2,DTP,3,0,V55555_2,1700094,PLANT03,PORT09,404,410.33121910949103,PLANT03,1013,14
1447283713.7,2014-11-13,PORT04,V444_0,2,DTP,3,0,V55555_2,1700094,PLANT03,PORT09,508,745.3427350779986,PLANT03,1013,25
1447174213.7,2014-11-13,PORT04,V444_0,2,DTP,3,0,V55555_2,1700097,PLANT03,PORT09,303,417.1515542251418,PLANT03,1013,14
1447167308.7,2014-11-14,PORT04,V444_0,2,DTP,3,0,V55555_2,1700097,PLANT03,PORT09,411,523.2538818268898,PLANT03,1013,18
1447261179.7,2014-11-14,PORT04,V444_0,2,DTP,3,0,V55555_2,1700097,PLANT03,PORT09,531,609.8258015181653,PLANT03,1013,21
1447215308.7,2014-11-15,PORT04,V444_0,2,DTP,3,0,V55555_2,1700097,PLANT03,PORT09,629,917.57,PLANT03,1013,31
1447261178.7,2014-11-16,PORT04,V444_0,2,DTP,3,0,V55555_2,1700097,PLANT03,PORT09,502,614.3232253145765,PLANT03,1013,21
1447193434.7,2014-11-16,PORT04,V444_0,2,DTP,3,0,V55555_2,1689298,PLANT03,PORT09,670,703.89,PLANT03,1013,24
1447183513.7,2014-11-17,PORT04,V444_0,2,DTP,3,0,V55555_2,1655982,PLANT03,PORT09,679,946.836290426912,PLANT03,1013,32
1447158134.7,2014-11-18,PORT04,V444_0,2,DTP,3,0,V55555_2,1655982,PLANT03,PORT09,524,585.75,PLANT03,1013,20
1447172425.7,2014-11-19,PORT04,V444_0,2,DTP,3,0,V55555_2,1651302,PLANT03,PORT09,665,707.16,PLANT03,1013,24
1447184517.7,2014-11-19,PORT04,V444_0,2,DTP,3,0,V55555_2,1651302,PLANT03,PORT09,289,295.43155617540674,PLANT03,1013,10
1447224368.7,2014-11-20,PORT04,V444_0,2,DTP,3,0,V55555_2,1651302,PLANT03,PORT09,673,908.67,PLANT03,1013,31
1447172432.7,2014-11-21,PORT04,V444_0,2,DTP,3,0,V55555_2,1651302,PLANT03,PORT09,278,348.35,PLANT03,1013,12
1447172418.7,2014-11-21,PORT04,V444_0,2,DTP,3,0,V55555_2,1651302,PLANT03,PORT09,600,742.3633050475669,PLANT03,1013,25
1447235312.7,2014-11-22,PORT04,V444_0,2,DTP,3,0,V55555_2,1651302,PLANT03,PORT09,597,754.99,PLANT03,1013,26
1447305844.7,2014-11-22,PORT04,V444_0,2,DTP,3,0,V55555_2,1651302,PLANT03,PORT09,380,473.666714987037,PLANT03,1013,16
1447313982.7,2014-11-23,PORT04,V444_0,2,DTP,3,0,V55555_2,1651302,PLANT03,PORT09,645,918.09,PLANT03,1013,31
1447172382.7,2014-11-24,PORT04,V444_0,2,DTP,3,0,V55555_2,1651302,PLANT03,PORT09,272,317.3287809423914,PLANT03,1013,11
1447205224.7,2014-11-24,PORT04,V444_0,2,DTP,3,0,V55555_2,1651302,PLANT03,PORT09,216,315.12,PLANT03,1013,11
1447235313.7,2014-11-25,PORT04,V444_0,2,DTP,3,0,V55555_2,1651299,PLANT03,PORT09,300,379.16,PLANT03,1013,13
1447184701.7,2014-11-25,PORT04,V444_0,2,DTP,3,0,V55555_2,1651299,PLANT03,PORT09,529,592.17,PLANT03,1013,20
1447305824.7,2014-11-26,PORT04,V444_0,2,DTP,3,0,V55555_2,1651299,PLANT03,PORT09,599,649.5733571654272,PLANT03,1013,22
1447215332.7,2014-11-27,PORT04,V444_0,2,DTP,3,0,V55555_2,1651299,PLANT03,PORT09,568,577.9852270770191,PLANT03,1013,20
1447261181.7,2014-11-28,PORT04,V444_0,2,DTP,3,0,V55555_2,1651299,PLANT03,PORT09,215,274.30907999214645,PLANT03,1013,10
1447258793.7,2014-11-28,PORT04,V444_0,2,DTP,3,0,V55555_2,1651299,PLANT03,PORT09,440,587.9196087450828,PLANT03,1013,20
1447313157.7,2014-11-29,PORT04,V444_0,2,DTP,3,0,V55555_2,1651299,PLANT03,PORT09,472,515.5267049778865,PLANT03,1013,18
1447172391.7,2014-11-29,PORT04,V444_0,2,DTP,3,0,V55555_2,1651298,PLANT03,PORT09,482,665.0443558407835,PLANT03,1013,23
1447289699.7,2014-11-30,PORT04,V444_0,2,DTP,3,0,V55555_2,1684170,PLANT03,PORT09,636,642.7256438251145,PLANT03,1013,22
1447289700.7,2014-11-30,PORT04,V444_0,2,DTP,3,0,V55555_2,1684170,PLANT03,PORT09,653,746.41,PLANT03,1013,25
1447283105.7,2014-12-01,PORT04,V444_0,2,DTP,3,0,V55555_2,1688600,PLANT03,PORT09,397,579.04,PLANT03,1013,20
1447283104.7,2014-12-02,PORT04,V444_0,2,DTP,3,0,V55555_2,1688600,PLANT03,PORT09,225,317.06,PLANT03,1013,11
1447177812.7,2014-12-03,PORT04,V444_0,2,DTP,3,0,V55555_2,1689541,PLANT03,PORT09,501,706.6402630100565,PLANT03,1013,24
1447170697.7,2014-12-04,PORT04,V444_0,2,DTP,3,0,V55555_2,1688633,PLANT03,PORT09,678,773.5293017844109,PLANT03,1013,26
1447283238.7,2014-12-05,PORT04,V444_0,2,DTP,3,0,V55555_2,1689785,PLANT03,PORT09,431,481.5067545410822,PLANT03,1013,17
1447172441.7,2014-12-05,PORT04,V444_0,2,DTP,3,0,V55555_2,1689785,PLANT03,PORT09,223,328.23,PLANT03,1013,11
1447373466.7,2014-12-06,PORT04,V444_0,2,DTP,3,0,V55555_2,1689546,PLANT03,PORT09,386,564.19,PLANT03,1013,19
1447198843.7,2014-12-07,PORT04,V444_0,2,DTP,3,0,V55555_2,1689546,PLANT03,PORT09,236,318.88,PLANT03,1013,11
1447305008.7,2014-12-07,PORT04,V444_0,2,DTP,3,0,V55555_2,1689546,PLANT03,PORT09,519,528.87,PLANT03,1013,18
1447247245.7,2014-12-08,PORT04,V444_0,2,DTP,3,0,V55555_2,1689546,PLANT03,PORT09,666,733.2929517168114,PLANT03,1013,25
1447305007.7,2014-12-08,PORT04,V444_0,2,DTP,3,0,V55555_2,1689546,PLANT03,PORT09,434,650.88,PLANT03,1013,22
1447305009.7,2014-12-09,PORT04,V444_0,2,DTP,3,0,V55555_2,1689548,PLANT03,PORT09,686,860.8360438238457,PLANT03,1013,29
1447232864.7,2014-12-09,PORT04,V444_0,2,DTP,3,0,V55555_2,1689548,PLANT03,PORT09,595,769.97,PLANT03,1013,26
1447173727.7,2014-12-10,PORT04,V444_0,2,DTP,3,0,V55555_2,1689548,PLANT03,PORT09,662,953.3312165932956,PLANT03,1013,32
1447283236.7,2014-12-11,PORT04,V444_0,2,DTP,3,0,V55555_2,1689548,PLANT03,PORT09,329,431.08,PLANT03,1013,15
1447283235.7,2014-12-11,PORT04,V444_0,2,DTP,3,0,V55555_2,1689548,PLANT03,PORT09,413,605.7,PLANT03,1013,21
1447158136.7,2014-12-12,PORT04,V444_0,2,DTP,3,0,V55555_2,1689548,PLANT03,PORT09,570,702.9167594337964,PLANT03,1013,24
1447283237.7,2014-12-12,PORT04,V444_0,2,DTP,3,0,V55555_2,1689548,PLANT03,PORT09,322,441.2009058075042,PLANT03,1013,15
1447283234.7,2014-12-13,PORT04,V444_0,2,DTP,3,0,V55555_2,1689547,PLANT03,PORT09,638,668.3844099373454,PLANT03,1013,23
1447173741.7,2014-12-13,PORT04,V444_0,2,DTP,3,0,V55555_2,1689547,PLANT03,PORT09,401,526.33,PLANT03,1013,18
1447172420.7,2014-12-14,PORT04,V444_0,2,DTP,3,0,V55555_2,1689547,PLANT03,PORT09,563,715.0711605981811,PLANT03,1013,24
1447266970.7,2014-12-15,PORT04,V444_0,2,DTP,3,0,V55555_2,1689547,PLANT03,PORT09,639,698.857299828909,PLANT03,1013,24
1447373467.7,2014-12-15,PORT04,V444_0,2,DTP,3,0,V55555_2,1689547,PLANT03,PORT09,220,302.02,PLANT03,1013,11
1447260690.7,2014-12-16,PORT04,V444_0,2,DTP,3,0,V55555_2,1689547,PLANT03,PORT09,285,355.32,PLANT03,1013,12
1447219874.7,2014-12-16,PORT04,V444_0,2,DTP,3,0,V55555_2,1689547,PLANT03,PORT09,679,763.5276572652833,PLANT03,1013,26
1447158112.7,2014-12-17,PORT04,V444_0,2,DTP,3,0,V55555_2,1689547,PLANT03,PORT09,675,840.0209376729777,PLANT03,1013,29
1447373473.7,2014-12-17,PORT04,V444_0,2,DTP,3,0,V55555_2,1656246,PLANT03,PORT09,570,731.46,PLANT03,1013,25
1447423272.7,2014-12-18,PORT04,V444_0,2,DTP,3,0,V55555_2,1672706,PLANT03,PORT09,552,678.9549408311559,PLANT03,1013,23
1447423271.7,2014-12-18,PORT04,V444_0,2,DTP,3,0,V55555_2,1672706,PLANT03,PORT09,536,760.17,PLANT03,1013,26
1447423273.7,2014-12-19,PORT04,V444_0,2,DTP,3,0,V55555_2,1672706,PLANT03,PORT09,405,518.7228878117194,PLANT03,1013,18
1447418034.7,2014-12-19,PORT04,V444_0,2,DTP,3,0,V55555_2,1674853,PLANT03,PORT09,436,508.3,PLANT03,1013,17
1447172429.7,2014-12-20,PORT04,V444_0,2,DTP,3,0,V55555_2,1674853,PLANT03,PORT09,536,669.7611203728385,PLANT03,1013,23
1447373434.7,2014-12-21,PORT04,V444_0,2,DTP,3,0,V55555_2,1674853,PLANT03,PORT09,627,702.573672426087,PLANT03,1013,24
1447219294.7,2014-12-21,PORT04,V444_0,2,DTP,3,0,V55555_2,1674853,PLANT03,PORT09,525,603.0187048843377,PLANT03,1013,21
1447418036.7,2014-12-22,PORT04,V444_0,2,DTP,3,0,V55555_2,1674853,PLANT03,PORT09,543,732.35,PLANT03,1013,25
1447289698.7,2014-12-22,PORT04,V444_0,2,DTP,3,0,V55555_2,1674853,PLANT03,PORT09,489,733.4631402769248,PLANT03,1013,25
1447219293.7,2014-12-23,PORT04,V444_0,2,DTP,3,0,V55555_2,1674853,PLANT03,PORT09,445,476.43,PLANT03,1013,16
1447266986.7,2014-12-23,PORT04,V444_0,2,DTP,3,0,V55555_2,1674853,PLANT03,PORT09,531,586.5707631339824,PLANT03,1013,20
1447289696.7,2014-12-24,PORT04,V444_0,2,DTP,3,0,V55555_2,1674853,PLANT03,PORT09,398,478.1,PLANT03,1013,16
1447266985.7,2014-12-24,PORT04,V444_0,2,DTP,3,0,V55555_2,1674853,PLANT03,PORT09,669,756.86,PLANT03,1013,26
1447289697.7,2014-12-25,PORT04,V444_0,2,DTP,3,0,V55555_2,1674853,PLANT03,PORT09,483,599.8113337899507,PLANT03,1013,20
1447172430.7,2014-12-25,PORT04,V444_0,2,DTP,3,0,V55555_2,1674853,PLANT03,PORT09,419,429.7314900967036,PLANT03,1013,15
1447165390.7,2014-12-26,PORT04,V444_0,2,DTP,3,0,V55555_2,1674853,PLANT03,PORT09,508,609.8464629788414,PLANT03,1013,21
1447172442.7,2014-12-27,PORT04,V444_0,2,DTP,3,0,V55555_2,1672713,PLANT03,PORT09,680,953.0779739551284,PLANT03,1013,32
1447418038.7,2014-12-28,PORT04,V444_0,2,DTP,3,0,V55555_2,1674853,PLANT03,PORT09,262,310.90926409517,PLANT03,1013,11
1447418040.7,2014-12-29,PORT04,V444_0,2,DTP,3,0,V55555_2,1674853,PLANT03,PORT09,206,278.84451781854864,PLANT03,1013,10
1447418035.7,2014-12-29,PORT04,V444_0,2,DTP,3,0,V55555_2,1674853,PLANT03,PORT09,389,462.7706196910074,PLANT03,1013,16
1447418037.7,2014-12-30,PORT04,V444_0,2,DTP,3,0,V55555_2,1674853,PLANT03,PORT09,441,651.7766495115942,PLANT03,1013,22
1447418033.7,2014-12-31,PORT04,V444_0,2,DTP,3,0,V55555_2,1674853,PLANT03,PORT09,311,389.2443604764841,PLANT03,1013,13
1447418039.7,2014-12-31,PORT04,V444_0,2,DTP,3,0,V55555_2,1674853,PLANT03,PORT09,396,505.7116575183736,PLANT03,1013,17
1447418032.7,2015-01-01,PORT04,V444_0,2,DTP,3,0,V55555_2,1674853,PLANT03,PORT09,449,638.29,PLANT03,1013,22
1447219295.7,2015-01-01,PORT04,V444_0,2,DTP,3,0,V55555_2,1674853,PLANT03,PORT09,594,718.5860010716764,PLANT03,1013,24
1447289695.7,2015-01-02,PORT04,V444_0,2,DTP,3,0,V55555_2,1672722,PLANT03,PORT09,388,429.8094943642672,PLANT03,1013,15
1447418031.7,2015-01-03,PORT04,V444_0,2,DTP,3,0,V55555_2,1674853,PLANT03,PORT09,257,321.2873316501461,PLANT03,1013,11
1447418030.7,2015-01-04,PORT04,V444_0,2,DTP,3,0,V55555_2,1674853,PLANT03,PORT09,503,550.1630965624099,PLANT03,1013,19
1447165391.7,2015-01-05,PORT04,V444_0,2,DTP,3,0,V55555_2,1677690,PLANT03,PORT09,307,392.47,PLANT03,1013,14
1447212590.7,2015-01-05,PORT04,V444_0,2,DTP,3,0,V55555_2,1682745,PLANT03,PORT09,534,624.1063712053635,PLANT03,1013,21
1447173740.7,2015-01-06,PORT04,V444_0,2,DTP,3,0,V55555_2,1682745,PLANT03,PORT09,523,666.79,PLANT03,1013,23
1447258825.7,2015-01-07,PORT04,V444_0,2,DTP,3,0,V55555_2,1682745,PLANT03,PORT09,322,456.64290140949606,PLANT03,1013,16
1447212589.7,2015-01-08,PORT04,V444_0,2,DTP,3,0,V55555_2,1682745,PLANT03,PORT09,538,767.063499240542,PLANT03,1013,26
1447158126.7,2015-01-08,PORT04,V444_0,2,DTP,3,0,V55555_2,1682745,PLANT03,PORT09,304,374.23,PLANT03,1013,13
1447167312.7,2015-01-09,PORT04,V444_0,2,DTP,3,0,V55555_2,1682745,PLANT03,PORT09,509,728.7752063630697,PLANT03,1013,25
1447158137.7,2015-01-09,PORT04,V444_0,2,DTP,3,0,V55555_2,1682805,PLANT03,PORT09,691,911.5065353965311,PLANT03,1013,31
1447158138.7,2015-01-10,PORT04,V444_0,2,DTP,3,0,V55555_2,1682805,PLANT03,PORT09,566,584.57,PLANT03,1013,20
1447283837.7,2015-01-11,PORT04,V444_0,2,DTP,3,0,V55555_2,1682757,PLANT03,PORT09,435,576.9683669215462,PLANT03,1013,20
1447236742.7,2015-01-11,PORT04,V444_0,2,DTP,3,0,V55555_2,1682757,PLANT03,PORT09,643,838.08,PLANT03,1013,28
1447283836.7,2015-01-12,PORT04,V444_0,2,DTP,3,0,V55555_2,1682757,PLANT03,PORT09,303,424.78,PLANT03,1013,15
1447236743.7,2015-01-13,PORT04,V444_0,2,DTP,3,0,V55555_2,1682757,PLANT03,PORT09,434,517.3165009322017,PLANT03,1013,18
1447141880.7,2015-01-14,PORT04,V444_0,2,DTP,3,0,V55555_2,1682757,PLANT03,PORT09,396,416.29,PLANT03,1013,14
1447236744.7,2015-01-14,PORT04,V444_0,2,DTP,3,0,V55555_2,1682757,PLANT03,PORT09,497,609.3754523752768,PLANT03,1013,21
1447179094.7,2015-01-15,PORT04,V444_0,2,DTP,3,0,V55555_2,1682763,PLANT03,PORT09,441,650.8503806091135,PLANT03,1013,22
1447199047.7,2015-01-16,PORT04,V444_0,2,DTP,3,0,V55555_2,1682802,PLANT03,PORT09,441,635.3157753108567,PLANT03,1013,22
1447199046.7,2015-01-16,PORT04,V444_0,2,DTP,3,0,V55555_2,1682802,PLANT03,PORT09,638,861.9880080978122,PLANT03,1013,29
1447165419.7,2015-01-17,PORT04,V444_0,2,DTP,3,0,V55555_2,1660583,PLANT03,PORT09,338,456.8407636270573,PLANT03,1013,16
1447170694.7,2015-01-17,PORT04,V444_0,2,DTP,3,0,V55555_2,1660579,PLANT03,PORT09,362,502.8016026214852,PLANT03,1013,17
1447158132.7,2015-01-18,PORT04,V444_0,2,DTP,3,0,V55555_2,1660579,PLANT03,PORT09,620,736.6190453185828,PLANT03,1013,25
1447281372.7,2015-01-18,PORT04,V444_0,2,DTP,3,0,V55555_2,1660579,PLANT03,PORT09,551,716.6,PLANT03,1013,24
1447373419.7,2015-01-19,PORT04,V444_0,2,DTP,3,0,V55555_2,1660579,PLANT03,PORT09,374,464.48,PLANT03,1013,16
1447170696.7,2015-01-20,PORT04,V444_0,2,DTP,3,0,V55555_2,1660579,PLANT03,PORT09,208,243.5873861989004,PLANT03,1013,9
1447274421.7,2015-01-21,PORT04,V444_0,2,DTP,3,0,V55555_2,1660579,PLANT03,PORT09,604,698.9983735800643,PLANT03,1013,24
1447373403.7,2015-01-22,PORT04,V444_0,2,DTP,3,0,V55555_2,1669702,PLANT03,PORT09,447,605.1828418998065,PLANT03,1013,21
1447400421.7,2015-01-22,PORT04,V444_0,2,DTP,3,0,V55555_2,1669702,PLANT03,PORT09,475,560.3631588723191,PLANT03,1013,19
1447314014.7,2015-01-23,PORT04,V444_0,2,DTP,3,0,V55555_2,1669702,PLANT03,PORT09,656,967.8442659337564,PLANT03,1013,33
1447172398.7,2015-01-23,PORT04,V444_0,2,DTP,3,0,V55555_2,1669702,PLANT03,PORT09,211,302.94204115540447,PLANT03,1013,11
1447385931.7,2015-01-24,PORT04,V444_0,2,DTP,3,0,V55555_2,1669702,PLANT03,PORT09,210,250.56865439936476,PLANT03,1013,9
1447373404.7,2015-01-25,PORT04,V444_0,2,DTP,3,0,V55555_2,1669702,PLANT03,PORT09,417,436.6818737259546,PLANT03,1013,15
1447196799.7,2015-01-26,PORT04,V444_0,2,DTP,3,0,V55555_2,1669702,PLANT03,PORT09,255,352.21,PLANT03,1013,12
1447411580.7,2015-01-27,PORT04,V444_0,2,DTP,3,0,V55555_2,1669702,PLANT03,PORT09,490,648.08,PLANT03,1013,22
1447158133.7,2015-01-27,PORT04,V444_0,2,DTP,3,0,V55555_2,1669702,PLANT03,PORT09,434,608.85,PLANT03,1013,21
1447274420.7,2015-01-28,PORT04,V444_0,2,DTP,3,0,V55555_2,1669702,PLANT03,PORT09,221,266.76,PLANT03,1013,9
1447385930.7,2015-01-29,PORT04,V444_0,2,DTP,3,0,V55555_2,1669702,PLANT03,PORT09,292,437.9030968775916,PLANT03,1013,15
1447172395.7,2015-01-29,PORT04,V444_0,2,DTP,3,0,V55555_2,1669702,PLANT03,PORT09,206,209.87,PLANT03,1013,7
1447184524.7,2015-01-30,PORT04,V444_0,2,DTP,3,0,V55555_2,1669702,PLANT03,PORT09,261,387.38,PLANT03,1013,13
1447184523.7,2015-01-30,PORT04,V444_0,2,DTP,3,0,V55555_2,1669702,PLANT03,PORT09,432,630.641140134064,PLANT03,1013,22
1447400362.7,2015-01-31,PORT04,V444_0,2,DTP,3,0,V55555_2,1669702,PLANT03,PORT09,491,699.3,PLANT03,1013,24
1447170692.7,2015-02-01,PORT04,V444_0,2,DTP,3,0,V55555_2,1669702,PLANT03,PORT09,340,447.0020308899071,PLANT03,1013,15
1447184700.7,2015-02-01,PORT04,V444_0,2,DTP,3,0,V55555_2,1662552,PLANT03,PORT09,643,757.7017126472842,PLANT03,1013,26
1447373455.7,2015-02-02,PORT04,V444_0,2,DTP,3,0,V55555_2,1692940,PLANT03,PORT09,232,328.3,PLANT03,1013,11
1447409567.7,2015-02-03,PORT04,V444_0,2,DTP,3,0,V55555_2,1689033,PLANT03,PORT09,222,325.84,PLANT03,1013,11
1447189161.7,2015-02-04,PORT04,V444_0,2,DTP,3,0,V55555_2,1689033,PLANT03,PORT09,352,358.94,PLANT03,1013,12
1447400259.7,2015-02-05,PORT04,V444_0,2,DTP,3,0,V55555_2,1689033,PLANT03,PORT09,428,635.12,PLANT03,1013,22
1447410442.7,2015-02-06,PORT04,V444_0,2,DTP,3,0,V55555_2,1689032,PLANT03,PORT09,340,430.1088976661047,PLANT03,1013,15
1447266606.7,2015-02-07,PORT04,V444_0,2,DTP,3,0,V55555_2,1689032,PLANT03,PORT09,246,302.53,PLANT03,1013,11
1447302090.7,2015-02-08,PORT04,V444_0,2,DTP,3,0,V55555_2,1689033,PLANT03,PORT09,261,357.9139966534606,PLANT03,1013,12
1447172390.7,2015-02-09,PORT04,V444_0,2,DTP,3,0,V55555_2,1689032,PLANT03,PORT09,285,297.5602696831879,PLANT03,1013,10
1447275928.7,2015-02-09,PORT04,V444_0,2,DTP,3,0,V55555_2,1689033,PLANT03,PORT09,290,381.8943426425988,PLANT03,1013,13
1447275925.7,2015-02-10,PORT04,V444_0,2,DTP,3,0,V55555_2,1689033,PLANT03,PORT09,567,726.17,PLANT03,1013,25
1447185573.7,2015-02-10,PORT04,V444_0,2,DTP,3,0,V55555_2,1689033,PLANT03,PORT09,335,408.8,PLANT03,1013,14
1447283605.7,2015-02-11,PORT04,V444_0,2,DTP,3,0,V55555_2,1689032,PLANT03,PORT09,263,379.041016662207,PLANT03,1013,13
1447275926.7,2015-02-12,PORT04,V444_0,2,DTP,3,0,V55555_2,1689033,PLANT03,PORT09,215,221.42,PLANT03,1013,8
1447391415.7,2015-02-12,PORT04,V444_0,2,DTP,3,0,V55555_2,1689033,PLANT03,PORT09,591,683.96,PLANT03,1013,23
1447172389.7,2015-02-13,PORT04,V444_0,2,DTP,3,0,V55555_2,1689032,PLANT03,PORT09,299,306.14331401987016,PLANT03,1013,11
1447172388.7,2015-02-14,PORT04,V444_0,2,DTP,3,0,V55555_2,1689032,PLANT03,PORT09,600,637.6846839468708,PLANT03,1013,22
1447275846.7,2015-02-14,PORT04,V444_0,2,DTP,3,0,V55555_2,1689032,PLANT03,PORT09,375,447.29,PLANT03,1013,15
1447172386.7,2015-02-15,PORT04,V444_0,2,DTP,3,0,V55555_2,1689032,PLANT03,PORT09,662,829.19,PLANT03,1013,28
1447172387.7,2015-02-15,PORT04,V444_0,2,DTP,3,0,V55555_2,1689032,PLANT03,PORT09,626,668.9759564193221,PLANT03,1013,23
1447275866.7,2015-02-16,PORT04,V444_0,2,DTP,3,0,V55555_2,1689032,PLANT03,PORT09,381,400.6,PLANT03,1013,14
1447283602.7,2015-02-16,PORT04,V444_0,2,DTP,3,0,V55555_2,1689033,PLANT03,PORT09,343,474.5145859757481,PLANT03,1013,16
1447238819.7,2015-02-17,PORT04,V444_0,2,DTP,3,0,V55555_2,1689032,PLANT03,PORT09,443,602.8,PLANT03,1013,21
1447172384.7,2015-02-17,PORT04,V444_0,2,DTP,3,0,V55555_2,1689033,PLANT03,PORT09,383,476.9901726928302,PLANT03,1013,16
1447172381.7,2015-02-18,PORT04,V444_0,2,DTP,3,0,V55555_2,1689033,PLANT03,PORT09,603,769.6402228487303,PLANT03,1013,26
1447373381.7,2015-02-18,PORT04,V444_0,2,DTP,3,0,V55555_2,1689032,PLANT03,PORT09,386,554.71,PLANT03,1013,19
1447400260.7,2015-02-19,PORT04,V444_0,2,DTP,3,0,V55555_2,1689032,PLANT03,PORT09,391,440.34,PLANT03,1013,15
1447404968.7,2015-02-19,PORT04,V444_0,2,DTP,3,0,V55555_2,1689032,PLANT03,PORT09,533,691.64,PLANT03,1013,24
1447404969.7,2015-02-20,PORT04,V444_0,2,DTP,3,0,V55555_2,1689032,PLANT03,PORT09,573,711.7270644230993,PLANT03,1013,24
1447275845.7,2015-02-21,PORT04,V444_0,2,DTP,3,0,V55555_2,1689032,PLANT03,PORT09,627,890.68,PLANT03,1013,30
1447238821.7,2015-02-21,PORT04,V444_0,2,DTP,3,0,V55555_2,1689033,PLANT03,PORT09,312,317.1256448475018,PLANT03,1013,11
1447281249.7,2015-02-22,PORT04,V444_0,2,DTP,3,0,V55555_2,1689033,PLANT03,PORT09,334,344.43,PLANT03,1013,12
1447281248.7,2015-02-22,PORT04,V444_0,2,DTP,3,0,V55555_2,1689033,PLANT03,PORT09,621,833.76,PLANT03,1013,28
1447408304.7,2015-02-23,PORT04,V444_0,2,DTP,3,0,V55555_2,1689032,PLANT03,PORT09,563,811.62,PLANT03,1013,28
1447275927.7,2015-02-23,PORT04,V444_0,2,DTP,3,0,V55555_2,1689033,PLANT03,PORT09,554,778.7760651450159,PLANT03,1013,26
1447275912.7,2015-02-24,PORT04,V444_0,2,DTP,3,0,V55555_2,1689033,PLANT03,PORT09,418,432.74,PLANT03,1013,15
1447206136.7,2015-02-24,PORT04,V444_0,2,DTP,3,0,V55555_2,1689031,PLANT03,PORT09,427,582.0657973287426,PLANT03,1013,20
1447389058.7,2015-02-25,PORT04,V444_0,2,DTP,3,0,V55555_2,1689031,PLANT03,PORT09,557,778.81,PLANT03,1013,26
1447158101.7,2015-02-26,PORT04,V444_0,2,DTP,3,0,V55555_2,1689031,PLANT03,PORT09,489,673.3,PLANT03,1013,23
1447283554.7,2015-02-27,PORT04,V444_0,2,DTP,3,0,V55555_2,1689031,PLANT03,PORT09,637,875.75,PLANT03,1013,30
1447275908.7,2015-02-27,PORT04,V444_0,2,DTP,3,0,V55555_2,1689031,PLANT03,PORT09,522,647.93,PLANT03,1013,22
1447400258.7,2015-02-28,PORT04,V444_0,2,DTP,3,0,V55555_2,1689033,PLANT03,PORT09,502,550.9049634054963,PLANT03,1013,19
1447275929.7,2015-03-01,PORT04,V444_0,2,DTP,3,0,V55555_2,1689033,PLANT03,PORT09,379,451.69391314730245,PLANT03,1013,16
1447283603.7,2015-03-01,PORT04,V444_0,2,DTP,3,0,V55555_2,1689032,PLANT03,PORT09,376,428.0674682074267,PLANT03,1013,15
1447283606.7,2015-03-02,PORT04,V444_0,2,DTP,3,0,V55555_2,1689032,PLANT03,PORT09,565,632.2941655218615,PLANT03,1013,22
1447283604.7,2015-03-03,PORT04,V444_0,2,DTP,3,0,V55555_2,1689032,PLANT03,PORT09,492,711.2632281591881,PLANT03,1013,24
1447275923.7,2015-03-04,PORT04,V444_0,2,DTP,3,0,V55555_2,1689033,PLANT03,PORT09,326,411.46,PLANT03,1013,14
1447275924.7,2015-03-05,PORT04,V444_0,2,DTP,3,0,V55555_2,1689033,PLANT03,PORT09,424,632.48,PLANT03,1013,22
1447373375.7,2015-03-06,PORT04,V444_0,2,DTP,3,0,V55555_2,1689031,PLANT03,PORT09,211,280.4611573122779,PLANT03,1013,10
1447389057.7,2015-03-07,PORT04,V444_0,2,DTP,3,0,V55555_2,1689031,PLANT03,PORT09,640,729.3904610979926,PLANT03,1013,25
1447283586.7,2015-03-07,PORT04,V444_0,2,DTP,3,0,V55555_2,1689031,PLANT03,PORT09,428,439.2,PLANT03,1013,15
1447189165.7,2015-03-08,PORT04,V444_0,2,DTP,3,0,V55555_2,1689033,PLANT03,PORT09,489,684.38,PLANT03,1013,23
1447275865.7,2015-03-08,PORT04,V444_0,2,DTP,3,0,V55555_2,1689032,PLANT03,PORT09,327,430.1,PLANT03,1013,15
1447172380.7,2015-03-09,PORT04,V444_0,2,DTP,3,0,V55555_2,1689032,PLANT03,PORT09,214,271.47,PLANT03,1013,10
1447392318.7,2015-03-10,PORT04,V444_0,2,DTP,3,0,V55555_2,1689031,PLANT03,PORT09,530,655.0,PLANT03,1013,22
1447230812.7,2015-03-10,PORT04,V444_0,2,DTP,3,0,V55555_2,1689031,PLANT03,PORT09,622,642.73,PLANT03,1013,22
1447172379.7,2015-03-11,PORT04,V444_0,2,DTP,3,0,V55555_2,1689033,PLANT03,PORT09,323,457.8919157156568,PLANT03,1013,16
1447189173.7,2015-03-11,PORT04,V444_0,2,DTP,3,0,V55555_2,1689032,PLANT03,PORT09,276,394.45497812731287,PLANT03,1013,14
1447189168.7,2015-03-12,PORT04,V444_0,2,DTP,3,0,V55555_2,1689033,PLANT03,PORT09,671,780.4085820023151,PLANT03,1013,27
1447175617.7,2015-03-13,PORT04,V444_0,2,DTP,3,0,V55555_2,1689032,PLANT03,PORT09,302,433.0629629423218,PLANT03,1013,15
1447189167.7,2015-03-14,PORT04,V444_0,2,DTP,3,0,V55555_2,1689031,PLANT03,PORT09,558,757.36,PLANT03,1013,26
1447158099.7,2015-03-15,PORT04,V444_0,2,DTP,3,0,V55555_2,1689033,PLANT03,PORT09,312,399.1967054821788,PLANT03,1013,14
1447172385.7,2015-03-15,PORT04,V444_0,2,DTP,3,0,V55555_2,1689033,PLANT03,PORT09,485,604.9952932631325,PLANT03,1013,21
1447172419.7,2015-03-16,PORT04,V444_0,2,DTP,3,0,V55555_2,1652630,PLANT03,PORT09,392,490.5455546019494,PLANT03,1013,17
1447211342.7,2015-03-17,PORT04,V444_0,2,DTP,3,0,V55555_2,1652630,PLANT03,PORT09,338,394.46,PLANT03,1013,14
1447247247.7,2015-03-17,PORT04,V444_0,2,DTP,3,0,V55555_2,1668127,PLANT03,PORT09,539,618.3955982274529,PLANT03,1013,21
1447173720.7,2015-03-18,PORT04,V444_0,2,DTP,3,0,V55555_2,1668127,PLANT03,PORT09,405,462.76,PLANT03,1013,16
1447172434.7,2015-03-19,PORT04,V444_0,2,DTP,3,0,V55555_2,1668099,PLANT03,PORT09,292,333.35,PLANT03,1013,12
1447297169.7,2015-03-19,PORT04,V444_0,2,DTP,3,0,V55555_2,1668127,PLANT03,PORT09,344,399.6462335627705,PLANT03,1013,14
1447373497.7,2015-03-20,PORT04,V444_0,2,DTP,3,0,V55555_2,1668099,PLANT03,PORT09,541,582.8845972521366,PLANT03,1013,20
1447418512.7,2015-03-21,PORT04,V444_0,2,DTP,3,0,V55555_2,1668099,PLANT03,PORT09,348,445.4601810436266,PLANT03,1013,15
1447373496.7,2015-03-21,PORT04,V444_0,2,DTP,3,0,V55555_2,1668127,PLANT03,PORT09,288,395.64,PLANT03,1013,14
1447173721.7,2015-03-22,PORT04,V444_0,2,DTP,3,0,V55555_2,1668127,PLANT03,PORT09,469,508.73,PLANT03,1013,17
1447174092.7,2015-03-23,PORT04,V444_0,2,DTP,3,0,V55555_2,1668127,PLANT03,PORT09,343,484.590987371553,PLANT03,1013,17
1447174091.7,2015-03-23,PORT04,V444_0,2,DTP,3,0,V55555_2,1668099,PLANT03,PORT09,612,725.37,PLANT03,1013,25
1447265706.7,2015-03-24,PORT04,V444_0,2,DTP,3,0,V55555_2,1668127,PLANT03,PORT09,474,697.23,PLANT03,1013,24
1447247246.7,2015-03-25,PORT04,V444_0,2,DTP,3,0,V55555_2,1668127,PLANT03,PORT09,401,535.1654081847375,PLANT03,1013,18
1447418513.7,2015-03-25,PORT04,V444_0,2,DTP,3,0,V55555_2,1668099,PLANT03,PORT09,290,394.2578192586192,PLANT03,1013,14
1447195166.7,2015-03-26,PORT04,V444_0,2,DTP,3,0,V55555_2,1668127,PLANT03,PORT09,610,718.6562178541529,PLANT03,1013,24
1447297168.7,2015-03-27,PORT04,V444_0,2,DTP,3,0,V55555_2,1668127,PLANT03,PORT09,438,572.9567022034041,PLANT03,1013,20
1447373495.7,2015-03-28,PORT04,V444_0,2,DTP,3,0,V55555_2,1668127,PLANT03,PORT09,247,359.2692240477464,PLANT03,1013,12
1447403039.7,2015-03-29,PORT04,V444_0,2,DTP,3,0,V55555_2,1668127,PLANT03,PORT09,676,980.8454352511244,PLANT03,1013,33
1447403038.7,2015-03-29,PORT04,V444_0,2,DTP,3,0,V55555_2,1668127,PLANT03,PORT09,540,701.0262719169646,PLANT03,1013,24
1447403037.7,2015-03-30,PORT04,V444_0,2,DTP,3,0,V55555_2,1668127,PLANT03,PORT09,384,484.470959865648,PLANT03,1013,17
1447195165.7,2015-03-31,PORT04,V444_0,2,DTP,3,0,V55555_2,1668127,PLANT03,PORT09,579,734.42,PLANT03,1013,25
1447158122.7,2015-04-01,PORT04,V444_0,2,DTP,3,0,V55555_2,1696456,PLANT03,PORT09,574,823.56,PLANT03,1013,28
1447175703.7,2015-04-02,PORT04,V444_0,2,DTP,3,0,V55555_2,1700958,PLANT03,PORT09,492,500.9398240857957,PLANT03,1013,17
1447373426.7,2015-04-03,PORT04,V444_0,2,DTP,3,0,V55555_2,1664061,PLANT03,PORT09,560,615.907526651381,PLANT03,1013,21
1447373427.7,2015-04-03,PORT04,V444_0,2,DTP,3,0,V55555_2,1664061,PLANT03,PORT09,545,599.7390315882122,PLANT03,1013,20
1447313120.7,2015-04-04,PORT04,V444_0,2,DTP,3,0,V55555_2,1664061,PLANT03,PORT09,452,599.32,PLANT03,1013,20
1447373429.7,2015-04-04,PORT04,V444_0,2,DTP,3,0,V55555_2,1664061,PLANT03,PORT09,392,552.3986857134624,PLANT03,1013,19
1447266859.7,2015-04-05,PORT04,V444_0,2,DTP,3,0,V55555_2,1664061,PLANT03,PORT09,621,836.14,PLANT03,1013,28
1447373428.7,2015-04-05,PORT04,V444_0,2,DTP,3,0,V55555_2,1664061,PLANT03,PORT09,238,290.14,PLANT03,1013,10
1447385938.7,2015-04-06,PORT04,V444_0,2,DTP,3,0,V55555_2,1664061,PLANT03,PORT09,488,714.87,PLANT03,1013,24
1447174465.7,2015-04-07,PORT04,V444_0,2,DTP,3,0,V55555_2,1664061,PLANT03,PORT09,351,431.1,PLANT03,1013,15
1447384260.7,2015-04-07,PORT04,V444_0,2,DTP,3,0,V55555_2,1664061,PLANT03,PORT09,452,471.3009614497375,PLANT03,1013,16
1447301451.7,2015-04-08,PORT04,V444_0,2,DTP,3,0,V55555_2,1664061,PLANT03,PORT09,470,656.621622007084,PLANT03,1013,22
1447265578.7,2015-04-08,PORT04,V444_0,2,DTP,3,0,V55555_2,1664061,PLANT03,PORT09,522,545.6195371960213,PLANT03,1013,19
1447174185.7,2015-04-09,PORT04,V444_0,2,DTP,3,0,V55555_2,1664061,PLANT03,PORT09,315,429.090851069692,PLANT03,1013,15
1447213261.7,2015-04-10,PORT04,V444_0,2,DTP,3,0,V55555_2,1664061,PLANT03,PORT09,249,302.6521963965317,PLANT03,1013,11
1447265579.7,2015-04-11,PORT04,V444_0,2,DTP,3,0,V55555_2,1664061,PLANT03,PORT09,571,687.6963442818346,PLANT03,1013,23
1447373402.7,2015-04-11,PORT04,V444_0,2,DTP,3,0,V55555_2,1664051,PLANT03,PORT09,283,342.142543883965,PLANT03,1013,12
1447261112.7,2015-04-12,PORT04,V444_0,2,DTP,3,0,V55555_2,1664051,PLANT03,PORT09,293,312.77434820949554,PLANT03,1013,11
1447289680.7,2015-04-12,PORT04,V444_0,2,DTP,3,0,V55555_2,1664051,PLANT03,PORT09,489,576.78,PLANT03,1013,20
1447373401.7,2015-04-13,PORT04,V444_0,2,DTP,3,0,V55555_2,1664051,PLANT03,PORT09,347,485.0999430457054,PLANT03,1013,17
1447312455.7,2015-04-14,PORT04,V444_0,2,DTP,3,0,V55555_2,1664051,PLANT03,PORT09,582,853.3981508957794,PLANT03,1013,29
1447305066.7,2015-04-14,PORT04,V444_0,2,DTP,3,0,V55555_2,1664051,PLANT03,PORT09,328,349.3721500469717,PLANT03,1013,12
1447373393.7,2015-04-15,PORT04,V444_0,2,DTP,3,0,V55555_2,1664051,PLANT03,PORT09,491,551.4784946979852,PLANT03,1013,19
1447257474.7,2015-04-15,PORT04,V444_0,2,DTP,3,0,V55555_2,1664051,PLANT03,PORT09,550,707.12,PLANT03,1013,24
1447312454.7,2015-04-16,PORT04,V444_0,2,DTP,3,0,V55555_2,1664051,PLANT03,PORT09,351,504.4703806262792,PLANT03,1013,17
1447305069.7,2015-04-17,PORT04,V444_0,2,DTP,3,0,V55555_2,1664051,PLANT03,PORT09,437,628.35,PLANT03,1013,21
1447312453.7,2015-04-17,PORT04,V444_0,2,DTP,3,0,V55555_2,1664051,PLANT03,PORT09,362,418.0,PLANT03,1013,14
1447308935.7,2015-04-18,PORT04,V444_0,2,DTP,3,0,V55555_2,1664051,PLANT03,PORT09,253,300.1411269316096,PLANT03,1013,11
1447410816.7,2015-04-18,PORT04,V444_0,2,DTP,3,0,V55555_2,1664051,PLANT03,PORT09,626,691.04,PLANT03,1013,24
1447257473.7,2015-04-19,PORT04,V444_0,2,DTP,3,0,V55555_2,1664051,PLANT03,PORT09,597,720.955539115487,PLANT03,1013,25
1447312456.7,2015-04-19,PORT04,V444_0,2,DTP,3,0,V55555_2,1664051,PLANT03,PORT09,615,787.78,PLANT03,1013,27
1447305068.7,2015-04-20,PORT04,V444_0,2,DTP,3,0,V55555_2,1664051,PLANT03,PORT09,584,687.81,PLANT03,1013,23
1447373395.7,2015-04-21,PORT04,V444_0,2,DTP,3,0,V55555_2,1664051,PLANT03,PORT09,536,689.09,PLANT03,1013,23
1447274419.7,2015-04-21,PORT04,V444_0,2,DTP,3,0,V55555_2,1664051,PLANT03,PORT09,507,564.5971463304132,PLANT03,1013,19
1447274416.7,2015-04-22,PORT04,V444_0,2,DTP,3,0,V55555_2,1664051,PLANT03,PORT09,248,347.0120461233727,PLANT03,1013,12
1447260681.7,2015-04-22,PORT04,V444_0,2,DTP,3,0,V55555_2,1664051,PLANT03,PORT09,666,886.27,PLANT03,1013,30
1447373394.7,2015-04-23,PORT04,V444_0,2,DTP,3,0,V55555_2,1664051,PLANT03,PORT09,592,660.7,PLANT03,1013,23
1447384157.7,2015-04-23,PORT04,V444_0,2,DTP,3,0,V55555_2,1664051,PLANT03,PORT09,403,429.285959103639,PLANT03,1013,15
1447385903.7,2015-04-24,PORT04,V444_0,2,DTP,3,0,V55555_2,1664051,PLANT03,PORT09,410,554.5980558897942,PLANT03,1013,19
1447173719.7,2015-04-24,PORT04,V444_0,2,DTP,3,0,V55555_2,1664051,PLANT03,PORT09,663,759.53,PLANT03,1013,26
1447158109.7,2015-04-25,PORT04,V444_0,2,DTP,3,0,V55555_2,1664051,PLANT03,PORT09,686,969.8603575958808,PLANT03,1013,33
1447183408.7,2015-04-26,PORT04,V444_0,2,DTP,3,0,V55555_2,1664051,PLANT03,PORT09,391,408.52701120657525,PLANT03,1013,14
1447172409.7,2015-04-27,PORT04,V444_0,2,DTP,3,0,V55555_2,1664051,PLANT03,PORT09,580,858.85,PLANT03,1013,29
1447172410.7,2015-04-28,PORT04,V444_0,2,DTP,3,0,V55555_2,1664051,PLANT03,PORT09,387,430.27,PLANT03,1013,15
1447410822.7,2015-04-28,PORT04,V444_0,2,DTP,3,0,V55555_2,1664051,PLANT03,PORT09,607,654.05,PLANT03,1013,22
1447296246.7,2015-04-29,PORT04,V444_0,2,DTP,3,0,V55555_2,1664051,PLANT03,PORT09,288,313.61,PLANT03,1013,11
1447406480.7,2015-04-30,PORT04,V444_0,2,DTP,3,0,V55555_2,1664051,PLANT03,PORT09,393,421.07,PLANT03,1013,15
1447192238.7,2015-04-30,PORT04,V444_0,2,DTP,3,0,V55555_2,1664051,PLANT03,PORT09,400,514.04,PLANT03,1013,18
1447185737.7,2015-05-01,PORT04,V444_0,2,DTP,3,0,V55555_2,1664051,PLANT03,PORT09,593,887.89,PLANT03,1013,30
1447158102.7,2015-05-02,PORT04,V444_0,2,DTP,3,0,V55555_2,1664051,PLANT03,PORT09,310,463.8889804107062,PLANT03,1013,16
1447384158.7,2015-05-02,PORT04,V444_0,2,DTP,3,0,V55555_2,1664051,PLANT03,PORT09,304,321.36,PLANT03,1013,11
1447185703.7,2015-05-03,PORT04,V444_0,2,DTP,3,0,V55555_2,1695817,PLANT03,PORT09,270,293.52,PLANT03,1013,10
1447175704.7,2015-05-04,PORT04,V444_0,2,DTP,3,0,V55555_2,1695817,PLANT03,PORT09,304,330.99,PLANT03,1013,12
1447304962.7,2015-05-05,PORT04,V444_0,2,DTP,3,0,V55555_2,1687661,PLANT03,PORT09,259,267.18,PLANT03,1013,9
1447300266.7,2015-05-06,PORT04,V444_0,2,DTP,3,0,V55555_2,1687661,PLANT03,PORT09,269,277.68,PLANT03,1013,10
1447170691.7,2015-05-06,PORT04,V444_0,2,DTP,3,0,V55555_2,1687661,PLANT03,PORT09,261,379.2,PLANT03,1013,13
1447173729.7,2015-05-07,PORT04,V444_0,2,DTP,3,0,V55555_2,1687661,PLANT03,PORT09,444,639.6480551263284,PLANT03,1013,22
1447183512.7,2015-05-07,PORT04,V444_0,2,DTP,3,0,V55555_2,1687661,PLANT03,PORT09,247,310.15,PLANT03,1013,11
1447232865.7,2015-05-08,PORT04,V444_0,2,DTP,3,0,V55555_2,1687661,PLANT03,PORT09,669,870.84,PLANT03,1013,30
1447321349.7,2015-05-08,PORT04,V444_0,2,DTP,3,0,V55555_2,1687661,PLANT03,PORT09,429,587.0424349883373,PLANT03,1013,20
1447183421.7,2015-05-09,PORT04,V444_0,2,DTP,3,0,V55555_2,1687661,PLANT03,PORT09,209,214.72085064612767,PLANT03,1013,8
1447281407.7,2015-05-09,PORT04,V444_0,2,DTP,3,0,V55555_2,1687661,PLANT03,PORT09,494,630.42,PLANT03,1013,22
1447183422.7,2015-05-10,PORT04,V444_0,2,DTP,3,0,V55555_2,1687661,PLANT03,PORT09,516,619.21,PLANT03,1013,21
1447183469.7,2015-05-10,PORT04,V444_0,2,DTP,3,0,V55555_2,1687661,PLANT03,PORT09,233,326.79,PLANT03,1013,11
1447300219.7,2015-05-11,PORT04,V444_0,2,DTP,3,0,V55555_2,1687661,PLANT03,PORT09,430,607.5659686817652,PLANT03,1013,21
1447305840.7,2015-05-11,PORT04,V444_0,2,DTP,3,0,V55555_2,1687346,PLANT03,PORT09,264,278.06,PLANT03,1013,10
1447373422.7,2015-05-12,PORT04,V444_0,2,DTP,3,0,V55555_2,1687346,PLANT03,PORT09,440,496.03,PLANT03,1013,17
1447158119.7,2015-05-13,PORT04,V444_0,2,DTP,3,0,V55555_2,1687346,PLANT03,PORT09,306,328.6531432017909,PLANT03,1013,11
1447305838.7,2015-05-14,PORT04,V444_0,2,DTP,3,0,V55555_2,1687346,PLANT03,PORT09,338,444.1089865943552,PLANT03,1013,15
1447373423.7,2015-05-14,PORT04,V444_0,2,DTP,3,0,V55555_2,1687346,PLANT03,PORT09,516,627.78,PLANT03,1013,21
1447390906.7,2015-05-15,PORT04,V444_0,2,DTP,3,0,V55555_2,1687346,PLANT03,PORT09,656,795.83240042895,PLANT03,1013,27
1447158118.7,2015-05-16,PORT04,V444_0,2,DTP,3,0,V55555_2,1687346,PLANT03,PORT09,633,877.9694451285538,PLANT03,1013,30
1447227138.7,2015-05-17,PORT04,V444_0,2,DTP,3,0,V55555_2,1687346,PLANT03,PORT09,658,919.7341049438672,PLANT03,1013,31
1447285545.7,2015-05-18,PORT04,V444_0,2,DTP,3,0,V55555_2,1687346,PLANT03,PORT09,584,652.79,PLANT03,1013,22
1447158116.7,2015-05-19,PORT04,V444_0,2,DTP,3,0,V55555_2,1687346,PLANT03,PORT09,586,793.967019715624,PLANT03,1013,27
1447373474.7,2015-05-20,PORT04,V444_0,2,DTP,3,0,V55555_2,1687346,PLANT03,PORT09,489,727.45,PLANT03,1013,25
1447158117.7,2015-05-20,PORT04,V444_0,2,DTP,3,0,V55555_2,1687346,PLANT03,PORT09,525,586.4519495547931,PLANT03,1013,20
1447172414.7,2015-05-21,PORT04,V444_0,2,DTP,3,0,V55555_2,1687346,PLANT03,PORT09,305,323.98,PLANT03,1013,11
1447238172.7,2015-05-21,PORT04,V444_0,2,DTP,3,0,V55555_2,1687346,PLANT03,PORT09,271,397.2242671629335,PLANT03,1013,14
1447305215.7,2015-05-22,PORT04,V444_0,2,DTP,3,0,V55555_2,1687346,PLANT03,PORT09,627,914.96,PLANT03,1013,31
1447228934.7,2015-05-23,PORT04,V444_0,2,DTP,3,0,V55555_2,1687346,PLANT03,PORT09,346,409.43,PLANT03,1013,14
1447400453.7,2015-05-23,PORT04,V444_0,2,DTP,3,0,V55555_2,1687346,PLANT03,PORT09,316,361.64,PLANT03,1013,13
1447373439.7,2015-05-24,PORT04,V444_0,2,DTP,3,0,V55555_2,1687346,PLANT03,PORT09,512,696.12,PLANT03,1013,24
1447241417.7,2015-05-24,PORT04,V444_0,2,DTP,3,0,V55555_2,1687346,PLANT03,PORT09,613,891.7444830272274,PLANT03,1013,30
1447183525.7,2015-05-25,PORT04,V444_0,2,DTP,3,0,V55555_2,1687346,PLANT03,PORT09,446,546.09,PLANT03,1013,19
1447305216.7,2015-05-25,PORT04,V444_0,2,DTP,3,0,V55555_2,1687346,PLANT03,PORT09,533,760.8783898609219,PLANT03,1013,26
1447257477.7,2015-05-26,PORT04,V444_0,2,DTP,3,0,V55555_2,1669685,PLANT03,PORT09,344,462.65,PLANT03,1013,16
1447373425.7,2015-05-27,PORT04,V444_0,2,DTP,3,0,V55555_2,1669409,PLANT03,PORT09,518,649.62,PLANT03,1013,22
1447235298.7,2015-05-27,PORT04,V444_0,2,DTP,3,0,V55555_2,1669409,PLANT03,PORT09,352,512.09,PLANT03,1013,18
1447266856.7,2015-05-28,PORT04,V444_0,2,DTP,3,0,V55555_2,1669409,PLANT03,PORT09,255,370.9,PLANT03,1013,13
1447205896.7,2015-05-28,PORT04,V444_0,2,DTP,3,0,V55555_2,1669409,PLANT03,PORT09,225,251.3163173376808,PLANT03,1013,9
1447172436.7,2015-05-29,PORT04,V444_0,2,DTP,3,0,V55555_2,1677891,PLANT03,PORT09,212,245.38491856338848,PLANT03,1013,9
1447373471.7,2015-05-30,PORT04,V444_0,2,DTP,3,0,V55555_2,1651126,PLANT03,PORT09,355,401.8556547484948,PLANT03,1013,14
1447317155.7,2015-05-31,PORT04,V444_0,2,DTP,3,0,V55555_2,1651126,PLANT03,PORT09,284,331.75574940675244,PLANT03,1013,12
1447172428.7,2015-06-01,PORT04,V444_0,2,DTP,3,0,V55555_2,1660563,PLANT03,PORT09,496,614.6143495427386,PLANT03,1013,21
1447389183.7,2015-06-02,PORT04,V444_0,2,DTP,3,0,V55555_2,1660885,PLANT03,PORT09,367,496.2162145617256,PLANT03,1013,17
1447373447.7,2015-06-02,PORT04,V444_0,2,DTP,3,0,V55555_2,1660885,PLANT03,PORT09,392,432.3539129102535,PLANT03,1013,15
1447172393.7,2015-06-03,PORT04,V444_0,2,DTP,3,0,V55555_2,1660885,PLANT03,PORT09,581,855.0,PLANT03,1013,29
1447172396.7,2015-06-04,PORT04,V444_0,2,DTP,3,0,V55555_2,1660885,PLANT03,PORT09,595,701.5701647698143,PLANT03,1013,24
1447286365.7,2015-06-04,PORT04,V444_0,2,DTP,3,0,V55555_2,1660885,PLANT03,PORT09,649,862.96,PLANT03,1013,29
1447172397.7,2015-06-05,PORT04,V444_0,2,DTP,3,0,V55555_2,1660885,PLANT03,PORT09,473,670.45,PLANT03,1013,23
1447173718.7,2015-06-06,PORT04,V444_0,2,DTP,3,0,V55555_2,1660885,PLANT03,PORT09,509,537.4113440312976,PLANT03,1013,18
1447258795.7,2015-06-07,PORT04,V444_0,2,DTP,3,0,V55555_2,1660885,PLANT03,PORT09,327,413.55536659032174,PLANT03,1013,14
1447183406.7,2015-06-07,PORT04,V444_0,2,DTP,3,0,V55555_2,1660885,PLANT03,PORT09,452,497.10318519248216,PLANT03,1013,17
1447373472.7,2015-06-08,PORT04,V444_0,2,DTP,3,0,V55555_2,1660885,PLANT03,PORT09,202,228.51353933879972,PLANT03,1013,8
1447400272.7,2015-06-09,PORT04,V444_0,2,DTP,3,0,V55555_2,1660885,PLANT03,PORT09,427,598.21,PLANT03,1013,20
1447296141.7,2015-06-10,PORT04,V444_0,2,DTP,3,0,V55555_2,1660885,PLANT03,PORT09,549,663.21,PLANT03,1013,23
1447172402.7,2015-06-10,PORT04,V444_0,2,DTP,3,0,V55555_2,1660885,PLANT03,PORT09,338,494.66,PLANT03,1013,17
1447375237.7,2015-06-11,PORT04,V444_0,2,DTP,3,0,V55555_2,1657064,PLANT03,PORT09,402,553.77,PLANT03,1013,19
1447305839.7,2015-06-11,PORT04,V444_0,2,DTP,3,0,V55555_2,1657064,PLANT03,PORT09,371,485.1470244366005,PLANT03,1013,17
1447293118.7,2015-06-12,PORT04,V444_0,2,DTP,3,0,V55555_2,1657064,PLANT03,PORT09,247,252.98533271076408,PLANT03,1013,9
1447191814.7,2015-06-12,PORT04,V444_0,2,DTP,3,0,V55555_2,1657064,PLANT03,PORT09,539,775.58,PLANT03,1013,26
1447305836.7,2015-06-13,PORT04,V444_0,2,DTP,3,0,V55555_2,1657064,PLANT03,PORT09,272,323.9842755219708,PLANT03,1013,11
1447265660.7,2015-06-14,PORT04,V444_0,2,DTP,3,0,V55555_2,1654497,PLANT03,PORT09,455,651.08,PLANT03,1013,22
1447274422.7,2015-06-14,PORT04,V444_0,2,DTP,3,0,V55555_2,1668545,PLANT03,PORT09,238,288.8263811239008,PLANT03,1013,10
1447158114.7,2015-06-15,PORT04,V444_0,2,DTP,3,0,V55555_2,1668545,PLANT03,PORT09,568,702.9485259504264,PLANT03,1013,24
1447170693.7,2015-06-16,PORT04,V444_0,2,DTP,3,0,V55555_2,1668545,PLANT03,PORT09,265,330.97818851715,PLANT03,1013,12
1447196644.7,2015-06-17,PORT04,V444_0,2,DTP,3,0,V55555_2,1668545,PLANT03,PORT09,400,573.43,PLANT03,1013,20
1447183497.7,2015-06-17,PORT04,V444_0,2,DTP,3,0,V55555_2,1668545,PLANT03,PORT09,283,293.2430998543999,PLANT03,1013,10
1447158115.7,2015-06-18,PORT04,V444_0,2,DTP,3,0,V55555_2,1668545,PLANT03,PORT09,357,383.24,PLANT03,1013,13
1447241606.7,2015-06-18,PORT04,V444_0,2,DTP,3,0,V55555_2,1668545,PLANT03,PORT09,502,507.05,PLANT03,1013,17
1447300220.7,2015-06-19,PORT04,V444_0,2,DTP,3,0,V55555_2,1668545,PLANT03,PORT09,242,296.05943121959245,PLANT03,1013,10
1447265558.7,2015-06-19,PORT04,V444_0,2,DTP,3,0,V55555_2,1668545,PLANT03,PORT09,467,674.24,PLANT03,1013,23
1447172438.7,2015-06-20,PORT04,V444_0,2,DTP,3,0,V55555_2,1668545,PLANT03,PORT09,700,802.4845033580091,PLANT03,1013,27
1447300267.7,2015-06-21,PORT04,V444_0,2,DTP,3,0,V55555_2,1668545,PLANT03,PORT09,506,586.72,PLANT03,1013,20
1447204371.7,2015-06-22,PORT04,V444_0,2,DTP,3,0,V55555_2,1668545,PLANT03,PORT09,214,307.1618470989324,PLANT03,1013,11
1447281457.7,2015-06-22,PORT04,V444_0,2,DTP,3,0,V55555_2,1668545,PLANT03,PORT09,478,679.3705258501783,PLANT03,1013,23
1447265564.7,2015-06-23,PORT04,V444_0,2,DTP,3,0,V55555_2,1668547,PLANT03,PORT09,662,817.8402348101123,PLANT03,1013,28
1447305210.7,2015-06-23,PORT04,V444_0,2,DTP,3,0,V55555_2,1668547,PLANT03,PORT09,245,315.69,PLANT03,1013,11
1447281406.7,2015-06-24,PORT04,V444_0,2,DTP,3,0,V55555_2,1668547,PLANT03,PORT09,445,510.0845920258794,PLANT03,1013,18
1447323899.7,2015-06-25,PORT04,V444_0,2,DTP,3,0,V55555_2,1668547,PLANT03,PORT09,672,790.8012415404445,PLANT03,1013,27
1447204349.7,2015-06-25,PORT04,V444_0,2,DTP,3,0,V55555_2,1668547,PLANT03,PORT09,538,590.22,PLANT03,1013,20
1447192316.7,2015-06-26,PORT04,V444_0,2,DTP,3,0,V55555_2,1668547,PLANT03,PORT09,480,680.39,PLANT03,1013,23
1447305837.7,2015-06-26,PORT04,V444_0,2,DTP,3,0,V55555_2,1668545,PLANT03,PORT09,542,779.7773906020848,PLANT03,1013,26
1447150971.7,2015-06-27,PORT04,V444_0,2,DTP,3,0,V55555_2,1687491,PLANT03,PORT09,471,557.9,PLANT03,1013,19
1447150974.7,2015-06-27,PORT04,V444_0,2,DTP,3,0,V55555_2,1687491,PLANT03,PORT09,516,578.1038471011848,PLANT03,1013,20
1447150972.7,2015-06-28,PORT04,V444_0,2,DTP,3,0,V55555_2,1687491,PLANT03,PORT09,509,745.31,PLANT03,1013,25
1447379063.7,2015-06-28,PORT04,V444_0,2,DTP,3,0,V55555_2,1646909,PLANT03,PORT09,560,687.58,PLANT03,1013,23
1447204110.7,2015-06-29,PORT04,V444_0,2,DTP,3,0,V55555_2,1646909,PLANT03,PORT09,310,346.63,PLANT03,1013,12
1447283481.7,2015-06-30,PORT04,V444_0,2,DTP,3,0,V55555_2,1646909,PLANT03,PORT09,312,369.52,PLANT03,1013,13
1447373445.7,2015-07-01,PORT04,V444_0,2,DTP,3,0,V55555_2,1663347,PLANT03,PORT09,548,642.83,PLANT03,1013,22
1447204570.7,2015-07-01,PORT04,V444_0,2,DTP,3,0,V55555_2,1663347,PLANT03,PORT09,574,643.2371244429139,PLANT03,1013,22
1447258768.7,2015-07-02,PORT04,V444_0,2,DTP,3,0,V55555_2,1663347,PLANT03,PORT09,528,740.7591424288285,PLANT03,1013,25
1447283673.7,2015-07-03,PORT04,V444_0,2,DTP,3,0,V55555_2,1663347,PLANT03,PORT09,222,277.97,PLANT03,1013,10
1447214715.7,2015-07-03,PORT04,V444_0,2,DTP,3,0,V55555_2,1663347,PLANT03,PORT09,208,301.8643799436672,PLANT03,1013,11
1447238171.7,2015-07-04,PORT04,V444_0,2,DTP,3,0,V55555_2,1663347,PLANT03,PORT09,251,279.63,PLANT03,1013,10
1447323781.7,2015-07-04,PORT04,V444_0,2,DTP,3,0,V55555_2,1663347,PLANT03,PORT09,601,889.36,PLANT03,1013,30
1447285672.7,2015-07-05,PORT04,V444_0,2,DTP,3,0,V55555_2,1672085,PLANT03,PORT09,510,635.802104953357,PLANT03,1013,22
1447285685.7,2015-07-05,PORT04,V444_0,2,DTP,3,0,V55555_2,1672085,PLANT03,PORT09,309,404.30869479662056,PLANT03,1013,14
1447285651.7,2015-07-06,PORT04,V444_0,2,DTP,3,0,V55555_2,1672085,PLANT03,PORT09,327,459.23765111700544,PLANT03,1013,16
1447289693.7,2015-07-07,PORT04,V444_0,2,DTP,3,0,V55555_2,1672091,PLANT03,PORT09,688,844.25,PLANT03,1013,29
1447198516.7,2015-07-07,PORT04,V444_0,2,DTP,3,0,V55555_2,1672091,PLANT03,PORT09,389,440.5360934725337,PLANT03,1013,15
1447289692.7,2015-07-08,PORT04,V444_0,2,DTP,3,0,V55555_2,1672091,PLANT03,PORT09,262,348.93,PLANT03,1013,12
1447219919.7,2015-07-09,PORT04,V444_0,2,DTP,3,0,V55555_2,1672091,PLANT03,PORT09,210,277.8349291301426,PLANT03,1013,10
1447373451.7,2015-07-10,PORT04,V444_0,2,DTP,3,0,V55555_2,1672091,PLANT03,PORT09,288,387.1,PLANT03,1013,13
1447373449.7,2015-07-10,PORT04,V444_0,2,DTP,3,0,V55555_2,1672091,PLANT03,PORT09,213,234.852430719362,PLANT03,1013,8
1447212579.7,2015-07-11,PORT04,V444_0,2,DTP,3,0,V55555_2,1672091,PLANT03,PORT09,524,662.14,PLANT03,1013,23
1447373450.7,2015-07-11,PORT04,V444_0,2,DTP,3,0,V55555_2,1672091,PLANT03,PORT09,478,543.1977403552631,PLANT03,1013,19
1447198515.7,2015-07-12,PORT04,V444_0,2,DTP,3,0,V55555_2,1672091,PLANT03,PORT09,488,599.05,PLANT03,1013,20
1447219920.7,2015-07-12,PORT04,V444_0,2,DTP,3,0,V55555_2,1672091,PLANT03,PORT09,545,793.2,PLANT03,1013,27
1447216087.7,2015-07-13,PORT04,V444_0,2,DTP,3,0,V55555_2,1672091,PLANT03,PORT09,630,843.28,PLANT03,1013,29
1447283835.7,2015-07-13,PORT04,V444_0,2,DTP,3,0,V55555_2,1672034,PLANT03,PORT09,351,429.984113812208,PLANT03,1013,15
1447196174.7,2015-07-14,PORT04,V444_0,2,DTP,3,0,V55555_2,1699954,PLANT03,PORT09,617,691.75,PLANT03,1013,24
1447196175.7,2015-07-14,PORT04,V444_0,2,DTP,3,0,V55555_2,1699954,PLANT03,PORT09,414,489.5648463053685,PLANT03,1013,17
1447196176.7,2015-07-15,PORT04,V444_0,2,DTP,3,0,V55555_2,1699952,PLANT03,PORT09,597,619.22,PLANT03,1013,21
1447215480.7,2015-07-15,PORT04,V444_0,2,DTP,3,0,V55555_2,1699948,PLANT03,PORT09,520,535.15,PLANT03,1013,18
1447215481.7,2015-07-16,PORT04,V444_0,2,DTP,3,0,V55555_2,1699948,PLANT03,PORT09,568,730.1904581314021,PLANT03,1013,25
1447194402.7,2015-07-17,PORT04,V444_0,2,DTP,3,0,V55555_2,1697067,PLANT03,PORT09,359,432.0246652080245,PLANT03,1013,15
1447390901.7,2015-07-17,PORT04,V444_0,2,DTP,3,0,V55555_2,1697087,PLANT03,PORT09,393,520.3520680068006,PLANT03,1013,18
1447293116.7,2015-07-18,PORT04,V444_0,2,DTP,3,0,V55555_2,1697080,PLANT03,PORT09,210,274.9514406525721,PLANT03,1013,10
1447373454.7,2015-07-18,PORT04,V444_0,2,DTP,3,0,V55555_2,1654621,PLANT03,PORT09,496,742.6593584310413,PLANT03,1013,25
1447172383.7,2015-07-19,PORT04,V444_0,2,DTP,3,0,V55555_2,1654621,PLANT03,PORT09,227,278.3376429783266,PLANT03,1013,10
1447174093.7,2015-07-19,PORT04,V444_0,2,DTP,3,0,V55555_2,1654623,PLANT03,PORT09,337,436.83,PLANT03,1013,15
1447205223.7,2015-07-20,PORT04,V444_0,2,DTP,3,0,V55555_2,1654621,PLANT03,PORT09,630,704.54,PLANT03,1013,24
1447172439.7,2015-07-20,PORT04,V444_0,2,DTP,3,0,V55555_2,1677889,PLANT03,PORT09,303,351.71,PLANT03,1013,12
1447158123.7,2015-07-21,PORT04,V444_0,2,DTP,3,0,V55555_2,1677889,PLANT03,PORT09,529,579.5751819440133,PLANT03,1013,20
1447227125.7,2015-07-22,PORT04,V444_0,2,DTP,3,0,V55555_2,1677884,PLANT03,PORT09,257,342.34,PLANT03,1013,12
1447373523.7,2015-07-23,PORT04,V444_0,2,DTP,3,0,V55555_2,1677889,PLANT03,PORT09,494,672.8253235662157,PLANT03,1013,23
1447302719.7,2015-07-24,PORT04,V444_0,2,DTP,3,0,V55555_2,1677878,PLANT03,PORT09,441,592.7924846014132,PLANT03,1013,20
1447373438.7,2015-07-25,PORT04,V444_0,2,DTP,3,0,V55555_2,1677878,PLANT03,PORT09,255,294.657175075693,PLANT03,1013,10
1447177981.7,2015-07-26,PORT04,V444_0,2,DTP,3,0,V55555_2,1677878,PLANT03,PORT09,561,757.6336604201589,PLANT03,1013,26
1447195168.7,2015-07-27,PORT04,V444_0,2,DTP,3,0,V55555_2,1677878,PLANT03,PORT09,516,642.9,PLANT03,1013,22
1447373440.7,2015-07-28,PORT04,V444_0,2,DTP,3,0,V55555_2,1677878,PLANT03,PORT09,641,667.42,PLANT03,1013,23
1447400375.7,2015-07-29,PORT04,V444_0,2,DTP,3,0,V55555_2,1677878,PLANT03,PORT09,696,862.5881987581276,PLANT03,1013,29
1447183433.7,2015-07-29,PORT04,V444_0,2,DTP,3,0,V55555_2,1677878,PLANT03,PORT09,665,758.9868973799354,PLANT03,1013,26
1447293076.7,2015-07-30,PORT04,V444_0,2,DTP,3,0,V55555_2,1677878,PLANT03,PORT09,229,247.569996140702,PLANT03,1013,9
1447373437.7,2015-07-30,PORT04,V444_0,2,DTP,3,0,V55555_2,1677878,PLANT03,PORT09,433,631.6947461305123,PLANT03,1013,22
1447293077.7,2015-07-31,PORT04,V444_0,2,DTP,3,0,V55555_2,1677878,PLANT03,PORT09,526,719.63,PLANT03,1013,24
1447172408.7,2015-08-01,PORT04,V444_0,2,DTP,3,0,V55555_2,1677878,PLANT03,PORT09,680,840.37,PLANT03,1013,29
1447389155.7,2015-08-02,PORT04,V444_0,2,DTP,3,0,V55555_2,1677878,PLANT03,PORT09,679,890.83,PLANT03,1013,30
1447172401.7,2015-08-02,PORT04,V444_0,2,DTP,3,0,V55555_2,1677878,PLANT03,PORT09,295,327.3112280263328,PLANT03,1013,11
1447163027.7,2015-08-03,PORT04,V444_0,2,DTP,3,0,V55555_2,1677878,PLANT03,PORT09,487,674.4885760333073,PLANT03,1013,23
1447183508.7,2015-08-04,PORT04,V444_0,2,DTP,3,0,V55555_2,1677878,PLANT03,PORT09,668,965.3337039652216,PLANT03,1013,33
1447389065.7,2015-08-05,PORT04,V444_0,2,DTP,3,0,V55555_2,1615677,PLANT03,PORT09,346,435.67003868588944,PLANT03,1013,15
1447170689.7,2015-08-05,PORT04,V444_0,2,DTP,3,0,V55555_2,1615677,PLANT03,PORT09,443,506.73,PLANT03,1013,17
1447302696.7,2015-08-06,PORT04,V444_0,2,DTP,3,0,V55555_2,1615677,PLANT03,PORT09,225,322.2609009279844,PLANT03,1013,11
1447158129.7,2015-08-06,PORT04,V444_0,2,DTP,3,0,V55555_2,1615677,PLANT03,PORT09,634,859.4256159938457,PLANT03,1013,29
1447294076.7,2015-08-07,PORT04,V444_0,2,DTP,3,0,V55555_2,1615677,PLANT03,PORT09,386,474.4428897496542,PLANT03,1013,16
1447158135.7,2015-08-07,PORT04,V444_0,2,DTP,3,0,V55555_2,1615677,PLANT03,PORT09,543,788.7,PLANT03,1013,27
1447232861.7,2015-08-08,PORT04,V444_0,2,DTP,3,0,V55555_2,1666507,PLANT03,PORT09,474,665.4342124885693,PLANT03,1013,23
1447207409.7,2015-08-09,PORT04,V444_0,2,DTP,3,0,V55555_2,1666441,PLANT03,PORT09,225,333.21,PLANT03,1013,12
1447392882.7,2015-08-09,PORT04,V444_0,2,DTP,3,0,V55555_2,1666441,PLANT03,PORT09,281,310.58,PLANT03,1013,11
1447195155.7,2015-08-10,PORT04,V444_0,2,DTP,3,0,V55555_2,1666954,PLANT03,PORT09,267,321.68,PLANT03,1013,11
1447399704.7,2015-08-11,PORT04,V444_0,2,DTP,3,0,V55555_2,1666954,PLANT03,PORT09,395,440.05,PLANT03,1013,15
1447373431.7,2015-08-12,PORT04,V444_0,2,DTP,3,0,V55555_2,1666954,PLANT03,PORT09,457,543.81,PLANT03,1013,19
1447195162.7,2015-08-13,PORT04,V444_0,2,DTP,3,0,V55555_2,1666954,PLANT03,PORT09,399,510.6981611032342,PLANT03,1013,18
1447195161.7,2015-08-13,PORT04,V444_0,2,DTP,3,0,V55555_2,1666954,PLANT03,PORT09,381,525.31,PLANT03,1013,18
1447167307.7,2015-08-14,PORT04,V444_0,2,DTP,3,0,V55555_2,1666954,PLANT03,PORT09,395,420.89,PLANT03,1013,15
1447232862.7,2015-08-15,PORT04,V444_0,2,DTP,3,0,V55555_2,1666954,PLANT03,PORT09,237,349.25586755958,PLANT03,1013,12
1447167295.7,2015-08-15,PORT04,V444_0,2,DTP,3,0,V55555_2,1666954,PLANT03,PORT09,673,967.4333570297172,PLANT03,1013,33
1447373453.7,2015-08-16,PORT04,V444_0,2,DTP,3,0,V55555_2,1666954,PLANT03,PORT09,368,421.97614730729646,PLANT03,1013,15
1447195159.7,2015-08-17,PORT04,V444_0,2,DTP,3,0,V55555_2,1666954,PLANT03,PORT09,398,549.3020185697803,PLANT03,1013,19
1447289694.7,2015-08-18,PORT04,V444_0,2,DTP,3,0,V55555_2,1666954,PLANT03,PORT09,671,973.8,PLANT03,1013,33
1447195160.7,2015-08-19,PORT04,V444_0,2,DTP,3,0,V55555_2,1666954,PLANT03,PORT09,495,706.43,PLANT03,1013,24
1447274426.7,2015-08-20,PORT04,V444_0,2,DTP,3,0,V55555_2,1666954,PLANT03,PORT09,402,423.5902794126806,PLANT03,1013,15
1447167297.7,2015-08-21,PORT04,V444_0,2,DTP,3,0,V55555_2,1666954,PLANT03,PORT09,674,858.89,PLANT03,1013,29
1447260689.7,2015-08-22,PORT04,V444_0,2,DTP,3,0,V55555_2,1666954,PLANT03,PORT09,594,754.6,PLANT03,1013,26
1447373436.7,2015-08-23,PORT04,V444_0,2,DTP,3,0,V55555_2,1666954,PLANT03,PORT09,479,684.6,PLANT03,1013,23
1447305845.7,2015-08-23,PORT04,V444_0,2,DTP,3,0,V55555_2,1666954,PLANT03,PORT09,312,459.7987676973278,PLANT03,1013,16
1447204323.7,2015-08-24,PORT04,V444_0,2,DTP,3,0,V55555_2,1666954,PLANT03,PORT09,616,752.2572721504436,PLANT03,1013,26
1447167296.7,2015-08-24,PORT04,V444_0,2,DTP,3,0,V55555_2,1666954,PLANT03,PORT09,528,762.3285989864041,PLANT03,1013,26
1447225332.7,2015-08-25,PORT04,V444_0,2,DTP,3,0,V55555_2,1666954,PLANT03,PORT09,586,789.8933012899662,PLANT03,1013,27
1447174669.7,2015-08-26,PORT04,V444_0,2,DTP,3,0,V55555_2,1666954,PLANT03,PORT09,598,887.47,PLANT03,1013,30
1447373464.7,2015-08-27,PORT04,V444_0,2,DTP,3,0,V55555_2,1666954,PLANT03,PORT09,398,517.38,PLANT03,1013,18
1447373470.7,2015-08-27,PORT04,V444_0,2,DTP,3,0,V55555_2,1657475,PLANT03,PORT09,364,372.57,PLANT03,1013,13
1447192315.7,2015-08-28,PORT04,V444_0,2,DTP,3,0,V55555_2,1657474,PLANT03,PORT09,406,439.07,PLANT03,1013,15
1447278134.7,2015-08-29,PORT04,V444_0,2,DTP,3,0,V55555_2,1684796,PLANT03,PORT09,448,652.8122591572924,PLANT03,1013,22
1447211343.7,2015-08-30,PORT04,V444_0,2,DTP,3,0,V55555_2,1623991,PLANT03,PORT09,594,689.24,PLANT03,1013,23
1447199730.7,2015-08-30,PORT04,V444_0,2,DTP,3,0,V55555_2,1691700,PLANT03,PORT09,363,541.26,PLANT03,1013,19
1447232867.7,2015-08-31,PORT04,V444_0,2,DTP,3,0,V55555_2,1660551,PLANT03,PORT09,340,473.56375547922926,PLANT03,1013,16
1447232858.7,2015-09-01,PORT04,V444_0,2,DTP,3,0,V55555_2,1660551,PLANT03,PORT09,317,381.79369323748085,PLANT03,1013,13
1447232857.7,2015-09-02,PORT04,V444_0,2,DTP,3,0,V55555_2,1660551,PLANT03,PORT09,669,695.6442387890314,PLANT03,1013,24
1447281408.7,2015-09-03,PORT04,V444_0,2,DTP,3,0,V55555_2,1660551,PLANT03,PORT09,661,808.28,PLANT03,1013,27
1447232856.7,2015-09-03,PORT04,V444_0,2,DTP,3,0,V55555_2,1660551,PLANT03,PORT09,641,949.94,PLANT03,1013,32
1447196801.7,2015-09-04,PORT04,V444_0,2,DTP,3,0,V55555_2,1660551,PLANT03,PORT09,625,759.43,PLANT03,1013,26
1447172424.7,2015-09-05,PORT04,V444_0,2,DTP,3,0,V55555_2,1687521,PLANT03,PORT09,604,632.56,PLANT03,1013,22
1447258794.7,2015-09-05,PORT04,V444_0,2,DTP,3,0,V55555_2,1669584,PLANT03,PORT09,438,582.3285951606813,PLANT03,1013,20
1447321356.7,2015-09-06,PORT04,V444_0,2,DTP,3,0,V55555_2,1669584,PLANT03,PORT09,258,371.65,PLANT03,1013,13
1447205250.7,2015-09-07,PORT04,V444_0,2,DTP,3,0,V55555_2,1669584,PLANT03,PORT09,357,509.91,PLANT03,1013,17
1447323835.7,2015-09-08,PORT04,V444_0,2,DTP,3,0,V55555_2,1669584,PLANT03,PORT09,630,804.7701258985414,PLANT03,1013,27
1447321357.7,2015-09-09,PORT04,V444_0,2,DTP,3,0,V55555_2,1669584,PLANT03,PORT09,589,620.2552906865062,PLANT03,1013,21
1447198766.7,2015-09-09,PORT04,V444_0,2,DTP,3,0,V555555555_3,1684755,PLANT03,PORT09,359,464.49,PLANT03,1013,16
1447355239.7,2015-09-10,PORT04,V444_0,2,DTP,3,0,V555555555_3,1688610,PLANT03,PORT09,515,604.88,PLANT03,1013,21
1447394119.7,2015-09-11,PORT04,V444_0,2,DTP,3,0,V555555555_3,1690617,PLANT03,PORT09,639,840.4184290728427,PLANT03,1013,29
1447398368.7,2015-09-12,PORT04,V444_0,2,DTP,3,0,V555555555_3,1689544,PLANT03,PORT09,472,630.112902086811,PLANT03,1013,22
1447369710.7,2015-09-13,PORT04,V444_0,2,DTP,3,0,V555555555_3,1689544,PLANT03,PORT09,330,447.7936540104387,PLANT03,1013,15
1447325520.7,2015-09-13,PORT04,V444_0,2,DTP,3,0,V555555555_3,1689549,PLANT03,PORT09,664,674.36,PLANT03,1013,23
1447373163.7,2015-09-14,PORT04,V444_0,2,DTP,3,0,V555555555_3,1689549,PLANT03,PORT09,616,709.4105560281571,PLANT03,1013,24
1447159332.7,2015-09-15,PORT04,V444_0,2,DTP,3,0,V555555555_3,1689549,PLANT03,PORT09,479,715.9492086130683,PLANT03,1013,24
1447394117.7,2015-09-15,PORT04,V444_0,2,DTP,3,0,V555555555_3,1689549,PLANT03,PORT09,293,310.56855233282454,PLANT03,1013,11
1447282166.7,2015-09-16,PORT04,V444_0,2,DTP,3,0,V555555555_3,1688633,PLANT03,PORT09,413,461.03,PLANT03,1013,16
1447335481.7,2015-09-17,PORT04,V444_0,2,DTP,3,0,V555555555_3,1688633,PLANT03,PORT09,260,287.02,PLANT03,1013,10
1447398570.7,2015-09-17,PORT04,V444_0,2,DTP,3,0,V555555555_3,1688589,PLANT03,PORT09,413,457.31,PLANT03,1013,16
1447369706.7,2015-09-18,PORT04,V444_0,2,DTP,3,0,V555555555_3,1688589,PLANT03,PORT09,211,271.50338109049807,PLANT03,1013,10
1447194896.7,2015-09-19,PORT04,V444_0,2,DTP,3,0,V555555555_3,1688589,PLANT03,PORT09,436,448.2617793607076,PLANT03,1013,15
1447188642.7,2015-09-20,PORT04,V444_0,2,DTP,3,0,V555555555_3,1688587,PLANT03,PORT09,657,914.41,PLANT03,1013,31
1447159328.7,2015-09-21,PORT04,V444_0,2,DTP,3,0,V555555555_3,1688587,PLANT03,PORT09,446,660.206783600126,PLANT03,1013,23
1447223365.7,2015-09-21,PORT04,V444_0,2,DTP,3,0,V555555555_3,1688587,PLANT03,PORT09,667,799.16,PLANT03,1013,27
1447282165.7,2015-09-22,PORT04,V444_0,2,DTP,3,0,V555555555_3,1688587,PLANT03,PORT09,216,271.3582313198148,PLANT03,1013,10
1447312525.7,2015-09-23,PORT04,V444_0,2,DTP,3,0,V555555555_3,1688587,PLANT03,PORT09,685,846.24,PLANT03,1013,29
1447325525.7,2015-09-24,PORT04,V444_0,2,DTP,3,0,V555555555_3,1688587,PLANT03,PORT09,482,561.3664278732836,PLANT03,1013,19
1447258832.7,2015-09-25,PORT04,V444_0,2,DTP,3,0,V555555555_3,1688575,PLANT03,PORT09,535,680.6434063499026,PLANT03,1013,23
1447282164.7,2015-09-25,PORT04,V444_0,2,DTP,3,0,V555555555_3,1688575,PLANT03,PORT09,427,571.9212854525623,PLANT03,1013,20
1447297187.7,2015-09-26,PORT04,V444_0,2,DTP,3,0,V555555555_3,1688575,PLANT03,PORT09,349,472.1953253168679,PLANT03,1013,16
1447174503.7,2015-09-26,PORT04,V444_0,2,DTP,3,0,V555555555_3,1688575,PLANT03,PORT09,355,435.56,PLANT03,1013,15
1447266995.7,2015-09-27,PORT04,V444_0,2,DTP,3,0,V555555555_3,1688575,PLANT03,PORT09,521,646.0751517757961,PLANT03,1013,22
1447159327.7,2015-09-28,PORT04,V444_0,2,DTP,3,0,V555555555_3,1688575,PLANT03,PORT09,336,433.2938070778883,PLANT03,1013,15
1447223366.7,2015-09-29,PORT04,V444_0,2,DTP,3,0,V555555555_3,1688629,PLANT03,PORT09,578,772.84,PLANT03,1013,26
1447394114.7,2015-09-29,PORT04,V444_0,2,DTP,3,0,V555555555_3,1688629,PLANT03,PORT09,626,758.2548260100665,PLANT03,1013,26
1447361209.7,2015-09-30,PORT04,V444_0,2,DTP,3,0,V555555555_3,1688629,PLANT03,PORT09,686,742.1176883493933,PLANT03,1013,25
1447369707.7,2015-10-01,PORT04,V444_0,2,DTP,3,0,V555555555_3,1688629,PLANT03,PORT09,474,635.97,PLANT03,1013,22
1447325526.7,2015-10-02,PORT04,V444_0,2,DTP,3,0,V555555555_3,1688629,PLANT03,PORT09,303,420.86,PLANT03,1013,15
1447188643.7,2015-10-02,PORT04,V444_0,2,DTP,3,0,V555555555_3,1688629,PLANT03,PORT09,457,614.0793227249882,PLANT03,1013,21
1447237192.7,2015-10-03,PORT04,V444_0,2,DTP,3,0,V555555555_3,1688629,PLANT03,PORT09,661,983.5253201499588,PLANT03,1013,33
1447297188.7,2015-10-04,PORT04,V444_0,2,DTP,3,0,V555555555_3,1688629,PLANT03,PORT09,590,781.7098569022596,PLANT03,1013,27
1447159329.7,2015-10-04,PORT04,V444_0,2,DTP,3,0,V555555555_3,1688629,PLANT03,PORT09,325,420.76,PLANT03,1013,15
1447174504.7,2015-10-05,PORT04,V444_0,2,DTP,3,0,V555555555_3,1688629,PLANT03,PORT09,306,430.3297337804903,PLANT03,1013,15
1447391484.7,2015-10-06,PORT04,V444_0,2,DTP,3,0,V555555555_3,1688629,PLANT03,PORT09,333,447.8248135232079,PLANT03,1013,15
1447159326.7,2015-10-06,PORT04,V444_0,2,DTP,3,0,V555555555_3,1688571,PLANT03,PORT09,536,721.08,PLANT03,1013,25
1447174502.7,2015-10-07,PORT04,V444_0,2,DTP,3,0,V555555555_3,1688571,PLANT03,PORT09,453,535.3579932415495,PLANT03,1013,18
1447266994.7,2015-10-07,PORT04,V444_0,2,DTP,3,0,V555555555_3,1688571,PLANT03,PORT09,363,452.9678747965116,PLANT03,1013,16
1447258831.7,2015-10-08,PORT04,V444_0,2,DTP,3,0,V555555555_3,1688571,PLANT03,PORT09,344,359.39747384905684,PLANT03,1013,12
1447297186.7,2015-10-09,PORT04,V444_0,2,DTP,3,0,V555555555_3,1688571,PLANT03,PORT09,659,829.066418140247,PLANT03,1013,28
1447394115.7,2015-10-10,PORT04,V444_0,2,DTP,3,0,V555555555_3,1689546,PLANT03,PORT09,537,768.9718697095536,PLANT03,1013,26
1447223368.7,2015-10-10,PORT04,V444_0,2,DTP,3,0,V555555555_3,1689548,PLANT03,PORT09,312,325.4,PLANT03,1013,11
1447159331.7,2015-10-11,PORT04,V444_0,2,DTP,3,0,V555555555_3,1689548,PLANT03,PORT09,662,890.414942236492,PLANT03,1013,30
1447188645.7,2015-10-11,PORT04,V444_0,2,DTP,3,0,V555555555_3,1689548,PLANT03,PORT09,636,683.22,PLANT03,1013,23
1447237194.7,2015-10-12,PORT04,V444_0,2,DTP,3,0,V555555555_3,1689548,PLANT03,PORT09,472,645.2777610799156,PLANT03,1013,22
1447174506.7,2015-10-13,PORT04,V444_0,2,DTP,3,0,V555555555_3,1689548,PLANT03,PORT09,383,517.6229155571159,PLANT03,1013,18
1447325527.7,2015-10-13,PORT04,V444_0,2,DTP,3,0,V555555555_3,1689547,PLANT03,PORT09,519,569.1995556690977,PLANT03,1013,19
1447266996.7,2015-10-14,PORT04,V444_0,2,DTP,3,0,V555555555_3,1689547,PLANT03,PORT09,200,289.67465499077446,PLANT03,1013,10
1447159330.7,2015-10-14,PORT04,V444_0,2,DTP,3,0,V555555555_3,1689547,PLANT03,PORT09,484,485.3173776243892,PLANT03,1013,17
1447223367.7,2015-10-15,PORT04,V444_0,2,DTP,3,0,V555555555_3,1689547,PLANT03,PORT09,577,800.6832617720869,PLANT03,1013,27
1447369708.7,2015-10-16,PORT04,V444_0,2,DTP,3,0,V555555555_3,1689547,PLANT03,PORT09,418,617.73,PLANT03,1013,21
1447282167.7,2015-10-16,PORT04,V444_0,2,DTP,3,0,V555555555_3,1689547,PLANT03,PORT09,670,856.7372894644976,PLANT03,1013,29
1447335482.7,2015-10-17,PORT04,V444_0,2,DTP,3,0,V555555555_3,1689547,PLANT03,PORT09,428,452.88,PLANT03,1013,16
1447188644.7,2015-10-18,PORT04,V444_0,2,DTP,3,0,V555555555_3,1689547,PLANT03,PORT09,321,363.99,PLANT03,1013,13
1447237193.7,2015-10-19,PORT04,V444_0,2,DTP,3,0,V555555555_3,1689547,PLANT03,PORT09,228,341.88,PLANT03,1013,12
1447297189.7,2015-10-20,PORT04,V444_0,2,DTP,3,0,V555555555_3,1689547,PLANT03,PORT09,443,492.8833726978887,PLANT03,1013,17
1447174505.7,2015-10-21,PORT04,V444_0,2,DTP,3,0,V555555555_3,1689547,PLANT03,PORT09,477,564.6,PLANT03,1013,19
1447394116.7,2015-10-22,PORT04,V444_0,2,DTP,3,0,V555555555_3,1689547,PLANT03,PORT09,243,288.3735178241704,PLANT03,1013,10
1447394120.7,2015-10-22,PORT04,V444_0,2,DTP,3,0,V555555555_3,1691544,PLANT03,PORT09,696,986.38,PLANT03,1013,33
1447198767.7,2015-10-23,PORT04,V444_0,2,DTP,3,0,V555555555_3,1691544,PLANT03,PORT09,616,705.755862712223,PLANT03,1013,24
1447369709.7,2015-10-24,PORT04,V444_0,2,DTP,3,0,V555555555_3,1691544,PLANT03,PORT09,279,281.8,PLANT03,1013,10
1447174507.7,2015-10-25,PORT04,V444_0,2,DTP,3,0,V555555555_3,1691544,PLANT03,PORT09,404,576.4809306920911,PLANT03,1013,20
1447297190.7,2015-10-26,PORT04,V444_0,2,DTP,3,0,V555555555_3,1691544,PLANT03,PORT09,678,680.7147596884124,PLANT03,1013,23
1447335483.7,2015-10-27,PORT04,V444_0,2,DTP,3,0,V555555555_3,1691544,PLANT03,PORT09,617,840.8099734937778,PLANT03,1013,29
1447240599.7,2015-10-27,PORT04,V444_0,2,DTP,3,0,V555555555_3,1691544,PLANT03,PORT09,308,370.16,PLANT03,1013,13
1447159333.7,2015-10-28,PORT04,V444_0,2,DTP,3,0,V555555555_3,1691544,PLANT03,PORT09,447,661.88,PLANT03,1013,23
1447373164.7,2015-10-29,PORT04,V444_0,2,DTP,3,0,V555555555_3,1691544,PLANT03,PORT09,526,554.7606025177929,PLANT03,1013,19
1447325528.7,2015-10-29,PORT04,V444_0,2,DTP,3,0,V555555555_3,1691544,PLANT03,PORT09,388,421.0302755123346,PLANT03,1013,15
1447394118.7,2015-10-30,PORT04,V444_0,2,DTP,3,0,V555555555_3,1690616,PLANT03,PORT09,511,665.22,PLANT03,1013,23
1447159322.7,2015-10-30,PORT04,V444_0,2,DTP,3,0,V555555555_3,1672720,PLANT03,PORT09,312,345.2,PLANT03,1013,12
1447194891.7,2015-10-31,PORT04,V444_0,2,DTP,3,0,V555555555_3,1672720,PLANT03,PORT09,331,468.8438899538365,PLANT03,1013,16
1447174500.7,2015-10-31,PORT04,V444_0,2,DTP,3,0,V555555555_3,1672713,PLANT03,PORT09,396,552.8933735210451,PLANT03,1013,19
1447223364.7,2015-11-01,PORT04,V444_0,2,DTP,3,0,V555555555_3,1672720,PLANT03,PORT09,459,517.2,PLANT03,1013,18
1447159323.7,2015-11-02,PORT04,V444_0,2,DTP,3,0,V555555555_3,1672721,PLANT03,PORT09,488,533.3678083733498,PLANT03,1013,18
1447194890.7,2015-11-03,PORT04,V444_0,2,DTP,3,0,V555555555_3,1672707,PLANT03,PORT09,447,472.22,PLANT03,1013,16
1447159321.7,2015-11-04,PORT04,V444_0,2,DTP,3,0,V555555555_3,1672707,PLANT03,PORT09,486,555.3143751805443,PLANT03,1013,19
1447394113.7,2015-11-04,PORT04,V444_0,2,DTP,3,0,V555555555_3,1682853,PLANT03,PORT09,433,602.7205394000312,PLANT03,1013,21
1447194895.7,2015-11-05,PORT04,V444_0,2,DTP,3,0,V555555555_3,1682853,PLANT03,PORT09,336,446.51,PLANT03,1013,15
1447192278.7,2015-11-05,PORT04,V444_0,2,DTP,3,0,V555555555_3,1682709,PLANT03,PORT09,441,519.24,PLANT03,1013,18
1447369704.7,2015-11-06,PORT04,V444_0,2,DTP,3,0,V555555555_3,1682769,PLANT03,PORT09,441,561.75,PLANT03,1013,19
1447394111.7,2015-11-07,PORT04,V444_0,2,DTP,3,0,V555555555_3,1682769,PLANT03,PORT09,311,324.1628811824098,PLANT03,1013,11
1447335479.7,2015-11-08,PORT04,V444_0,2,DTP,3,0,V555555555_3,1682769,PLANT03,PORT09,605,756.31,PLANT03,1013,26
1447297184.7,2015-11-09,PORT04,V444_0,2,DTP,3,0,V555555555_3,1682769,PLANT03,PORT09,284,396.04376579669065,PLANT03,1013,14
1447192279.7,2015-11-09,PORT04,V444_0,2,DTP,3,0,V555555555_3,1682769,PLANT03,PORT09,497,703.445696065798,PLANT03,1013,24
1447325523.7,2015-11-10,PORT04,V444_0,2,DTP,3,0,V555555555_3,1682769,PLANT03,PORT09,457,633.3524015771175,PLANT03,1013,22
1447335480.7,2015-11-11,PORT04,V444_0,2,DTP,3,0,V555555555_3,1682832,PLANT03,PORT09,689,1020.1797804466108,PLANT03,1013,35
1447194894.7,2015-11-12,PORT04,V444_0,2,DTP,3,0,V555555555_3,1682832,PLANT03,PORT09,685,1007.57,PLANT03,1013,34
1447297185.7,2015-11-13,PORT04,V444_0,2,DTP,3,0,V555555555_3,1682832,PLANT03,PORT09,506,650.89,PLANT03,1013,22
1447325524.7,2015-11-14,PORT04,V444_0,2,DTP,3,0,V555555555_3,1682832,PLANT03,PORT09,463,585.8559364302553,PLANT03,1013,20
1447159325.7,2015-11-14,PORT04,V444_0,2,DTP,3,0,V555555555_3,1682832,PLANT03,PORT09,320,350.18,PLANT03,1013,12
1447240598.7,2015-11-15,PORT04,V444_0,2,DTP,3,0,V555555555_3,1682832,PLANT03,PORT09,327,459.53,PLANT03,1013,16
1447369705.7,2015-11-15,PORT04,V444_0,2,DTP,3,0,V555555555_3,1682832,PLANT03,PORT09,554,728.745737704696,PLANT03,1013,25
1447394112.7,2015-11-16,PORT04,V444_0,2,DTP,3,0,V555555555_3,1682832,PLANT03,PORT09,638,763.2354923651945,PLANT03,1013,26
1447266993.7,2015-11-17,PORT04,V444_0,2,DTP,3,0,V555555555_3,1682832,PLANT03,PORT09,231,262.74,PLANT03,1013,9
1447154277.7,2015-11-17,PORT04,V444_0,2,DTP,3,0,V555555555_3,1682805,PLANT03,PORT09,681,806.02,PLANT03,1013,27
1447174501.7,2015-11-18,PORT04,V444_0,2,DTP,3,0,V555555555_3,1682835,PLANT03,PORT09,232,318.5724022580129,PLANT03,1013,11
1447159324.7,2015-11-18,PORT04,V444_0,2,DTP,3,0,V555555555_3,1682796,PLANT03,PORT09,389,432.52,PLANT03,1013,15
1447194889.7,2015-11-19,PORT04,V444_0,2,DTP,3,0,V555555555_3,1682796,PLANT03,PORT09,535,703.64,PLANT03,1013,24
1447266992.7,2015-11-20,PORT04,V444_0,2,DTP,3,0,V555555555_3,1682796,PLANT03,PORT09,348,473.3,PLANT03,1013,16
1447282163.7,2015-11-21,PORT04,V444_0,2,DTP,3,0,V555555555_3,1682793,PLANT03,PORT09,472,587.4582564482887,PLANT03,1013,20
1447266991.7,2015-11-22,PORT04,V444_0,2,DTP,3,0,V555555555_3,1682793,PLANT03,PORT09,601,848.8,PLANT03,1013,29
1447360811.7,2015-11-22,PORT04,V444_0,2,DTP,3,0,V555555555_3,1682793,PLANT03,PORT09,403,441.69,PLANT03,1013,15
1447194892.7,2015-11-23,PORT04,V444_0,2,DTP,3,0,V555555555_3,1682793,PLANT03,PORT09,279,403.819297188243,PLANT03,1013,14
1447194893.7,2015-11-24,PORT04,V444_0,2,DTP,3,0,V555555555_3,1682799,PLANT03,PORT09,637,703.6960383930538,PLANT03,1013,24
1447355238.7,2015-11-25,PORT04,V444_0,2,DTP,3,0,V555555555_3,1672117,PLANT03,PORT09,524,603.7987459676049,PLANT03,1013,21
1447223363.7,2015-11-26,PORT04,V444_0,2,DTP,3,0,V555555555_3,1672117,PLANT03,PORT09,572,661.39,PLANT03,1013,23
1447282162.7,2015-11-26,PORT04,V444_0,2,DTP,3,0,V555555555_3,1672117,PLANT03,PORT09,580,774.3736530528643,PLANT03,1013,26
1447174499.7,2015-11-27,PORT04,V444_0,2,DTP,3,0,V555555555_3,1672000,PLANT03,PORT09,694,810.7482720806761,PLANT03,1013,28
1447297183.7,2015-11-27,PORT04,V444_0,2,DTP,3,0,V555555555_3,1672000,PLANT03,PORT09,434,498.19,PLANT03,1013,17
1447174498.7,2015-11-28,PORT04,V444_0,2,DTP,3,0,V555555555_3,1671997,PLANT03,PORT09,237,293.0361996819496,PLANT03,1013,10
1447410133.7,2015-11-28,PORT04,V444_0,2,DTP,0,0,V555555_34,1682829,PLANT03,PORT09,228,264.54,PLANT03,1013,9
1447421862.7,2015-11-29,PORT04,V444_0,2,DTP,0,0,V555555_34,1682829,PLANT03,PORT09,546,665.58,PLANT03,1013,23
1447321406.7,2015-11-29,PORT04,V444_0,2,DTP,0,0,V555555_34,1682829,PLANT03,PORT09,460,481.22,PLANT03,1013,17
1447265637.7,2015-11-30,PORT04,V444_0,2,DTP,0,0,V555555_34,1682829,PLANT03,PORT09,576,772.1424321783683,PLANT03,1013,26
1447152747.7,2015-12-01,PORT04,V444_0,2,DTP,0,0,V555555_34,1682829,PLANT03,PORT09,688,827.70183329288,PLANT03,1013,28
1447321405.7,2015-12-02,PORT04,V444_0,2,DTP,0,0,V555555_34,1682826,PLANT03,PORT09,299,305.12,PLANT03,1013,11
1447421861.7,2015-12-03,PORT04,V444_0,2,DTP,0,0,V555555_34,1682826,PLANT03,PORT09,266,377.44,PLANT03,1013,13
1447410132.7,2015-12-03,PORT04,V444_0,2,DTP,0,0,V555555_34,1682826,PLANT03,PORT09,686,798.03,PLANT03,1013,27
1447152746.7,2015-12-04,PORT04,V444_0,2,DTP,0,0,V555555_34,1682826,PLANT03,PORT09,610,617.2846783523385,PLANT03,1013,21
1447265638.7,2015-12-05,PORT04,V444_0,2,DTP,0,0,V555555_34,1682826,PLANT03,PORT09,240,292.5958329639799,PLANT03,1013,10
1447211839.7,2015-12-05,PORT04,V444_0,2,DTP,0,0,V5555_25,1693453,PLANT03,PORT09,516,711.04,PLANT03,1013,24
1447219300.7,2015-12-06,PORT04,V444_0,2,DTP,0,0,V5555_25,1693453,PLANT03,PORT09,299,371.29,PLANT03,1013,13
1447187274.7,2015-12-06,PORT04,V444_0,2,DTP,0,0,V5555_25,1693453,PLANT03,PORT09,679,703.5218637385061,PLANT03,1013,24
1447187332.7,2015-12-07,PORT04,V444_0,2,DTP,0,0,V5555_25,1693453,PLANT03,PORT09,370,520.28,PLANT03,1013,18
1447359740.7,2015-12-07,PORT04,V444_0,2,DTP,0,0,V5555_25,1693453,PLANT03,PORT09,664,727.0310832099617,PLANT03,1013,25
1447199506.7,2015-12-08,PORT04,V444_0,2,DTP,0,0,V5555_25,1693453,PLANT03,PORT09,324,349.34,PLANT03,1013,12
1447301364.7,2015-12-09,PORT04,V444_0,2,DTP,0,0,V5555_25,1693453,PLANT03,PORT09,415,589.678763105792,PLANT03,1013,20
1447187334.7,2015-12-10,PORT04,V444_0,2,DTP,0,0,V5555_25,1693453,PLANT03,PORT09,272,363.2861316630992,PLANT03,1013,13
1447284937.7,2015-12-10,PORT04,V444_0,2,DTP,0,0,V5555_25,1693453,PLANT03,PORT09,412,554.72,PLANT03,1013,19
1447322521.7,2015-12-11,PORT04,V444_0,2,DTP,0,0,V5555_25,1693453,PLANT03,PORT09,532,736.76,PLANT03,1013,25
1447191655.7,2015-12-12,PORT04,V444_0,2,DTP,0,0,V5555_25,1696074,PLANT03,PORT09,399,504.3,PLANT03,1013,17
1447187278.7,2015-12-12,PORT04,V444_0,2,DTP,0,0,V5555_25,1695346,PLANT03,PORT09,353,517.9,PLANT03,1013,18
1447228936.7,2015-12-13,PORT04,V444_0,2,DTP,0,0,V5555_25,1695346,PLANT03,PORT09,276,312.83,PLANT03,1013,11
1447373736.7,2015-12-14,PORT04,V444_0,2,DTP,0,0,V5555_25,1695346,PLANT03,PORT09,654,843.54,PLANT03,1013,29
1447199507.7,2015-12-15,PORT04,V444_0,2,DTP,0,0,V5555_25,1699948,PLANT03,PORT09,548,684.7925566617882,PLANT03,1013,23
1447199510.7,2015-12-16,PORT04,V444_0,2,DTP,0,0,V5555_25,1699948,PLANT03,PORT09,696,912.04,PLANT03,1013,31
1447191657.7,2015-12-17,PORT04,V444_0,2,DTP,0,0,V5555_25,1699948,PLANT03,PORT09,529,724.293912798556,PLANT03,1013,25
1447187333.7,2015-12-18,PORT04,V444_0,2,DTP,0,0,V5555_25,1699948,PLANT03,PORT09,491,633.9780973142874,PLANT03,1013,22
1447187277.7,2015-12-19,PORT04,V444_0,2,DTP,0,0,V5555_25,1699948,PLANT03,PORT09,314,446.63,PLANT03,1013,15
1447187275.7,2015-12-20,PORT04,V444_0,2,DTP,0,0,V5555_25,1699953,PLANT03,PORT09,283,383.6441141965291,PLANT03,1013,13
1447191656.7,2015-12-21,PORT04,V444_0,2,DTP,0,0,V5555_25,1699946,PLANT03,PORT09,290,371.26,PLANT03,1013,13
1447199509.7,2015-12-21,PORT04,V444_0,2,DTP,0,0,V5555_25,1699946,PLANT03,PORT09,686,696.65,PLANT03,1013,24
1447187276.7,2015-12-22,PORT04,V444_0,2,DTP,0,0,V5555_25,1699946,PLANT03,PORT09,677,858.9,PLANT03,1013,29
1447312829.7,2015-12-22,PORT04,V444_0,2,DTP,0,0,V5555_25,1697071,PLANT03,PORT09,252,293.1628168390003,PLANT03,1013,10
1447190630.7,2015-12-23,PORT04,V444_0,2,DTP,0,0,V5555_25,1697085,PLANT03,PORT09,509,657.0847103254481,PLANT03,1013,22
1447326035.7,2015-12-23,PORT04,V444_0,2,DTP,0,0,V55_13,1658532,PLANT03,PORT09,478,531.36,PLANT03,1013,18
1447258704.7,2015-12-24,PORT04,V444_0,2,DTP,0,0,V55_13,1658532,PLANT03,PORT09,388,579.19,PLANT03,1013,20
1447258708.7,2015-12-25,PORT04,V444_0,2,DTP,0,0,V55_13,1658532,PLANT03,PORT09,456,457.22,PLANT03,1013,16
1447141580.7,2015-12-26,PORT04,V444_0,2,DTP,0,0,V55_13,1658532,PLANT03,PORT09,649,694.3393239846706,PLANT03,1013,24
1447396709.7,2015-12-27,PORT04,V444_0,2,DTP,0,0,V55_13,1658532,PLANT03,PORT09,408,598.47,PLANT03,1013,20
1447258706.7,2015-12-28,PORT04,V444_0,2,DTP,0,0,V55_13,1658532,PLANT03,PORT09,285,305.1104718576533,PLANT03,1013,11
1447258707.7,2015-12-28,PORT04,V444_0,2,DTP,0,0,V55_13,1658532,PLANT03,PORT09,545,638.08,PLANT03,1013,22
1447396720.7,2015-12-29,PORT04,V444_0,2,DTP,0,0,V55_13,1658532,PLANT03,PORT09,668,840.49,PLANT03,1013,29
1447258703.7,2015-12-30,PORT04,V444_0,2,DTP,0,0,V55_13,1658532,PLANT03,PORT09,469,507.11,PLANT03,1013,17
1447207649.7,2015-12-30,PORT04,V444_0,2,DTP,0,0,V55_13,1658532,PLANT03,PORT09,255,348.8340789656852,PLANT03,1013,12
1447258709.7,2015-12-31,PORT04,V444_0,2,DTP,0,0,V55_13,1658532,PLANT03,PORT09,633,822.7197665517423,PLANT03,1013,28
1447141582.7,2015-12-31,PORT04,V444_0,2,DTP,0,0,V55_13,1658532,PLANT03,PORT09,691,695.74,PLANT03,1013,24
1447396721.7,2016-01-01,PORT04,V444_0,2,DTP,0,0,V55_13,1658532,PLANT03,PORT09,448,547.85,PLANT03,1013,19
1447396718.7,2016-01-01,PORT04,V444_0,2,DTP,0,0,V55_13,1658532,PLANT03,PORT09,454,550.5559246532863,PLANT03,1013,19
1447396719.7,2016-01-02,PORT04,V444_0,2,DTP,0,0,V55_13,1658532,PLANT03,PORT09,373,421.87,PLANT03,1013,15
1447396722.7,2016-01-03,PORT04,V444_0,2,DTP,0,0,V55_13,1658532,PLANT03,PORT09,537,589.74,PLANT03,1013,20
1447258705.7,2016-01-03,PORT04,V444_0,2,DTP,0,0,V55_13,1658532,PLANT03,PORT09,655,844.02,PLANT03,1013,29
1447141581.7,2016-01-04,PORT04,V444_0,2,DTP,0,0,V55_13,1658532,PLANT03,PORT09,256,381.77,PLANT03,1013,13
1447141510.7,2016-01-05,PORT04,V444_0,2,DTP,0,0,V55_13,1658532,PLANT03,PORT09,254,360.73,PLANT03,1013,13
1447207645.7,2016-01-05,PORT04,V444_0,2,DTP,0,0,V55_13,1658532,PLANT03,PORT09,286,358.06,PLANT03,1013,12
1447300030.7,2016-01-06,PORT04,V444_0,2,DTP,0,0,V55_13,1696757,PLANT03,PORT09,484,562.514051329686,PLANT03,1013,19
1447351877.7,2016-01-07,PORT04,V444_0,2,DTP,0,0,V55_13,1696757,PLANT03,PORT09,401,469.38,PLANT03,1013,16
1447402331.7,2016-01-08,PORT04,V444_0,2,DTP,0,0,V55_13,1696757,PLANT03,PORT09,372,468.38860670828245,PLANT03,1013,16
1447351878.7,2016-01-09,PORT04,V444_0,2,DTP,0,0,V55_13,1696757,PLANT03,PORT09,427,614.7101260744791,PLANT03,1013,21
1447402332.7,2016-01-09,PORT04,V444_0,2,DTP,0,0,V55_13,1696757,PLANT03,PORT09,239,274.0890708153049,PLANT03,1013,10
1447137219.7,2016-01-10,PORT04,V444_0,2,DTP,0,0,V55_13,1696757,PLANT03,PORT09,285,356.29,PLANT03,1013,12
1447208891.7,2016-01-10,PORT04,V444_0,2,DTP,0,0,V55_13,1696757,PLANT03,PORT09,578,736.6414995803085,PLANT03,1013,25
1447193366.7,2016-01-11,PORT04,V444_0,2,DTP,0,0,V55_13,1696758,PLANT03,PORT09,433,574.22,PLANT03,1013,20
1447397001.7,2016-01-11,PORT04,V444_0,2,DTP,0,0,V55_13,1696758,PLANT03,PORT09,426,457.29,PLANT03,1013,16
1447300033.7,2016-01-12,PORT04,V444_0,2,DTP,0,0,V55_13,1696758,PLANT03,PORT09,563,615.5218475399,PLANT03,1013,21
1447231453.7,2016-01-13,PORT04,V444_0,2,DTP,0,0,V55_13,1696758,PLANT03,PORT09,223,273.61,PLANT03,1013,10
1447351802.7,2016-01-14,PORT04,V444_0,2,DTP,0,0,V55_13,1696758,PLANT03,PORT09,531,632.22,PLANT03,1013,22
1447316609.7,2016-01-15,PORT04,V444_0,2,DTP,0,0,V55_13,1696758,PLANT03,PORT09,485,607.82,PLANT03,1013,21
1447402326.7,2016-01-15,PORT04,V444_0,2,DTP,0,0,V55_13,1696754,PLANT03,PORT09,609,676.9309106166108,PLANT03,1013,23
1447397003.7,2016-01-16,PORT04,V444_0,2,DTP,0,0,V55_13,1696754,PLANT03,PORT09,601,730.6681900142165,PLANT03,1013,25
1447397002.7,2016-01-16,PORT04,V444_0,2,DTP,0,0,V55_13,1696754,PLANT03,PORT09,556,719.09,PLANT03,1013,24
1447300032.7,2016-01-17,PORT04,V444_0,2,DTP,0,0,V55_13,1696754,PLANT03,PORT09,644,666.66,PLANT03,1013,23
1447300031.7,2016-01-18,PORT04,V444_0,2,DTP,0,0,V55_13,1696754,PLANT03,PORT09,600,762.3,PLANT03,1013,26
1447310852.7,2016-01-18,PORT04,V444_0,2,DTP,0,0,V55_13,1696754,PLANT03,PORT09,253,310.13,PLANT03,1013,11
1447186835.7,2016-01-19,PORT04,V444_0,2,DTP,0,0,V55_13,1696754,PLANT03,PORT09,466,544.28,PLANT03,1013,19
1447222737.7,2016-01-20,PORT04,V444_0,2,DTP,0,0,V55_13,1696754,PLANT03,PORT09,631,694.2479845702862,PLANT03,1013,24
1447310851.7,2016-01-21,PORT04,V444_0,2,DTP,0,0,V55_13,1696754,PLANT03,PORT09,365,461.4,PLANT03,1013,16
1447149653.7,2016-01-21,PORT04,V444_0,2,DTP,0,0,V55_13,1696754,PLANT03,PORT09,586,763.47,PLANT03,1013,26
1447302863.7,2016-01-22,PORT04,V444_0,2,DTP,0,0,V55_13,1696754,PLANT03,PORT09,581,833.47,PLANT03,1013,28
1447302865.7,2016-01-23,PORT04,V444_0,2,DTP,0,0,V55_13,1696754,PLANT03,PORT09,212,219.12750720951587,PLANT03,1013,8
1447302862.7,2016-01-23,PORT04,V444_0,2,DTP,0,0,V55_13,1696754,PLANT03,PORT09,310,440.5808328483541,PLANT03,1013,15
1447311664.7,2016-01-24,PORT04,V444_0,2,DTP,0,0,V55_13,1700875,PLANT03,PORT09,343,348.71,PLANT03,1013,12
1447400291.7,2016-01-24,PORT04,V444_0,2,DTP,0,0,V55_13,1684703,PLANT03,PORT09,368,423.79,PLANT03,1013,15
1447154269.7,2016-01-25,PORT04,V444_0,2,DTP,0,0,V55_13,1684703,PLANT03,PORT09,259,297.29999208333265,PLANT03,1013,10
1447304572.7,2016-01-26,PORT04,V444_0,2,DTP,0,0,V55_13,1684703,PLANT03,PORT09,433,521.8781828120841,PLANT03,1013,18
1447187003.7,2016-01-26,PORT04,V444_0,2,DTP,0,0,V55_13,1684703,PLANT03,PORT09,560,806.9329197337686,PLANT03,1013,27
1447396710.7,2016-01-27,PORT04,V444_0,2,DTP,0,0,V55_13,1684703,PLANT03,PORT09,279,281.02,PLANT03,1013,10
1447232622.7,2016-01-28,PORT04,V444_0,2,DTP,0,0,V55_13,1684703,PLANT03,PORT09,333,395.379094965969,PLANT03,1013,14
1447377249.7,2016-01-29,PORT04,V444_0,2,DTP,0,0,V55_13,1684703,PLANT03,PORT09,345,514.816236993131,PLANT03,1013,18
1447183454.7,2016-01-29,PORT04,V444_0,2,DTP,0,0,V55_13,1684703,PLANT03,PORT09,313,444.3360446506753,PLANT03,1013,15
1447183463.7,2016-01-30,PORT04,V444_0,2,DTP,0,0,V55_13,1684703,PLANT03,PORT09,495,715.79,PLANT03,1013,24
1447275591.7,2016-01-31,PORT04,V444_0,2,DTP,0,0,V55_13,1684703,PLANT03,PORT09,420,557.2933638207928,PLANT03,1013,19
1447400293.7,2016-01-31,PORT04,V444_0,2,DTP,0,0,V55_13,1684703,PLANT03,PORT09,203,242.44617747548216,PLANT03,1013,9
1447207730.7,2016-02-01,PORT04,V444_0,2,DTP,0,0,V55_13,1684703,PLANT03,PORT09,594,621.87,PLANT03,1013,21
1447183455.7,2016-02-01,PORT04,V444_0,2,DTP,0,0,V55_13,1684703,PLANT03,PORT09,682,717.69,PLANT03,1013,24
1447232621.7,2016-02-02,PORT04,V444_0,2,DTP,0,0,V55_13,1684703,PLANT03,PORT09,406,485.9989806475364,PLANT03,1013,17
1447304573.7,2016-02-02,PORT04,V444_0,2,DTP,0,0,V55_13,1684703,PLANT03,PORT09,567,728.94,PLANT03,1013,25
1447141579.7,2016-02-03,PORT04,V444_0,2,DTP,0,0,V55_13,1684703,PLANT03,PORT09,446,462.77,PLANT03,1013,16
1447275592.7,2016-02-04,PORT04,V444_0,2,DTP,0,0,V55_13,1684703,PLANT03,PORT09,483,699.51,PLANT03,1013,24
1447207734.7,2016-02-05,PORT04,V444_0,2,DTP,0,0,V55_13,1684703,PLANT03,PORT09,598,722.2162658616386,PLANT03,1013,25
1447304571.7,2016-02-05,PORT04,V444_0,2,DTP,0,0,V55_13,1684703,PLANT03,PORT09,296,328.7298462963826,PLANT03,1013,11
1447207733.7,2016-02-06,PORT04,V444_0,2,DTP,0,0,V55_13,1684703,PLANT03,PORT09,326,333.2,PLANT03,1013,12
1447167185.7,2016-02-07,PORT04,V444_0,2,DTP,0,0,V55_13,1684703,PLANT03,PORT09,535,747.9483305436808,PLANT03,1013,25
1447137221.7,2016-02-07,PORT04,V444_0,2,DTP,0,0,V55_13,1684703,PLANT03,PORT09,502,704.22,PLANT03,1013,24
1447296078.7,2016-02-08,PORT04,V444_0,2,DTP,0,0,V55_13,1694720,PLANT03,PORT09,394,479.15,PLANT03,1013,16
1447207726.7,2016-02-09,PORT04,V444_0,2,DTP,0,0,V55_13,1694720,PLANT03,PORT09,295,408.4245787962229,PLANT03,1013,14
1447396704.7,2016-02-10,PORT04,V444_0,2,DTP,0,0,V55_13,1694720,PLANT03,PORT09,434,573.656040334541,PLANT03,1013,20
1447207728.7,2016-02-11,PORT04,V444_0,2,DTP,0,0,V55_13,1694720,PLANT03,PORT09,595,884.1553764647922,PLANT03,1013,30
1447141577.7,2016-02-12,PORT04,V444_0,2,DTP,0,0,V55_13,1694720,PLANT03,PORT09,250,289.26,PLANT03,1013,10
1447396703.7,2016-02-13,PORT04,V444_0,2,DTP,0,0,V55_13,1694720,PLANT03,PORT09,354,465.2522934655584,PLANT03,1013,16
1447207727.7,2016-02-13,PORT04,V444_0,2,DTP,0,0,V55_13,1694720,PLANT03,PORT09,667,941.07,PLANT03,1013,32
1447296080.7,2016-02-14,PORT04,V444_0,2,DTP,0,0,V55_13,1694720,PLANT03,PORT09,575,585.7389692252221,PLANT03,1013,20
1447296079.7,2016-02-15,PORT04,V444_0,2,DTP,0,0,V55_13,1694720,PLANT03,PORT09,326,383.27,PLANT03,1013,13
1447227141.7,2016-02-16,PORT04,V444_0,2,DTP,0,0,V55_13,1672714,PLANT03,PORT09,663,679.02,PLANT03,1013,23
1447304763.7,2016-02-17,PORT04,V444_0,2,DTP,0,0,V55_13,1672714,PLANT03,PORT09,304,335.8492628404192,PLANT03,1013,12
1447231443.7,2016-02-17,PORT04,V444_0,2,DTP,0,0,V55_13,1672714,PLANT03,PORT09,639,684.01,PLANT03,1013,23
1447157928.7,2016-02-18,PORT04,V444_0,2,DTP,0,0,V55_13,1672714,PLANT03,PORT09,657,963.1333326582644,PLANT03,1013,33
1447227117.7,2016-02-18,PORT04,V444_0,2,DTP,0,0,V55_13,1672714,PLANT03,PORT09,363,394.1087936869426,PLANT03,1013,14
1447165524.7,2016-02-19,PORT04,V444_0,2,DTP,0,0,V55_13,1672714,PLANT03,PORT09,237,342.91,PLANT03,1013,12
1447293770.7,2016-02-20,PORT04,V444_0,2,DTP,0,0,V55_13,1672714,PLANT03,PORT09,294,416.2413671088365,PLANT03,1013,14
1447396999.7,2016-02-20,PORT04,V444_0,2,DTP,0,0,V55_13,1672714,PLANT03,PORT09,449,620.36,PLANT03,1013,21
1447191171.7,2016-02-21,PORT04,V444_0,2,DTP,0,0,V55_13,1672714,PLANT03,PORT09,443,660.49,PLANT03,1013,23
1447231440.7,2016-02-21,PORT04,V444_0,2,DTP,0,0,V55_13,1672714,PLANT03,PORT09,499,506.7271655539163,PLANT03,1013,17
1447167740.7,2016-02-22,PORT04,V444_0,2,DTP,0,0,V55_13,1672714,PLANT03,PORT09,228,275.92,PLANT03,1013,10
1447198597.7,2016-02-22,PORT04,V444_0,2,DTP,0,0,V55_13,1672714,PLANT03,PORT09,674,702.4387384406106,PLANT03,1013,24
1447311721.7,2016-02-23,PORT04,V444_0,2,DTP,0,0,V55_13,1672714,PLANT03,PORT09,450,458.08,PLANT03,1013,16
1447150408.7,2016-02-24,PORT04,V444_0,2,DTP,0,0,V55_13,1672714,PLANT03,PORT09,576,694.3129922907881,PLANT03,1013,24
1447276613.7,2016-02-25,PORT04,V444_0,2,DTP,0,0,V55_13,1672714,PLANT03,PORT09,662,928.36,PLANT03,1013,31
1447304580.7,2016-02-26,PORT04,V444_0,2,DTP,0,0,V55_13,1672714,PLANT03,PORT09,290,354.84599241509886,PLANT03,1013,12
1447240005.7,2016-02-27,PORT04,V444_0,2,DTP,0,0,V55_13,1682784,PLANT03,PORT09,593,688.79,PLANT03,1013,23
1447208890.7,2016-02-27,PORT04,V444_0,2,DTP,0,0,V55_13,1682784,PLANT03,PORT09,260,362.98,PLANT03,1013,13
1447150981.7,2016-02-28,PORT04,V444_0,2,DTP,0,0,V55_13,1682784,PLANT03,PORT09,613,683.0125237325307,PLANT03,1013,23
1447150980.7,2016-02-29,PORT04,V444_0,2,DTP,0,0,V55_13,1682784,PLANT03,PORT09,377,399.01757430785,PLANT03,1013,14
1447208889.7,2016-02-29,PORT04,V444_0,2,DTP,0,0,V55_13,1682784,PLANT03,PORT09,535,604.4297409005496,PLANT03,1013,21
1447222743.7,2016-03-01,PORT04,V444_0,2,DTP,0,0,V55_13,1682784,PLANT03,PORT09,411,562.1322200448442,PLANT03,1013,19
1447157909.7,2016-03-01,PORT04,V444_0,2,DTP,0,0,V55_13,1682784,PLANT03,PORT09,338,354.18,PLANT03,1013,12
1447137208.7,2016-03-02,PORT04,V444_0,2,DTP,0,0,V55_13,1682784,PLANT03,PORT09,478,564.93,PLANT03,1013,19
1447177639.7,2016-03-03,PORT04,V444_0,2,DTP,0,0,V55_13,1682784,PLANT03,PORT09,201,270.6977386231552,PLANT03,1013,10
1447167719.7,2016-03-04,PORT04,V444_0,2,DTP,0,0,V55_13,1682784,PLANT03,PORT09,277,339.07,PLANT03,1013,12
1447271423.7,2016-03-05,PORT04,V444_0,2,DTP,0,0,V55_13,1682784,PLANT03,PORT09,435,582.26,PLANT03,1013,20
1447165523.7,2016-03-06,PORT04,V444_0,2,DTP,0,0,V55_13,1682784,PLANT03,PORT09,589,770.9205791361984,PLANT03,1013,26
1447329819.7,2016-03-06,PORT04,V444_0,2,DTP,0,0,V55_13,1682784,PLANT03,PORT09,220,242.68167871807225,PLANT03,1013,9
1447150982.7,2016-03-07,PORT04,V444_0,2,DTP,0,0,V55_13,1682784,PLANT03,PORT09,347,449.2186314778223,PLANT03,1013,15
1447177638.7,2016-03-07,PORT04,V444_0,2,DTP,0,0,V55_13,1682784,PLANT03,PORT09,570,685.73,PLANT03,1013,23
1447231442.7,2016-03-08,PORT04,V444_0,2,DTP,0,0,V55_13,1682784,PLANT03,PORT09,324,408.96,PLANT03,1013,14
1447237319.7,2016-03-09,PORT04,V444_0,2,DTP,0,0,V55_13,1682784,PLANT03,PORT09,563,743.7820128162593,PLANT03,1013,25
1447150997.7,2016-03-09,PORT04,V444_0,2,DTP,0,0,V55_13,1682784,PLANT03,PORT09,420,603.63,PLANT03,1013,21
1447304578.7,2016-03-10,PORT04,V444_0,2,DTP,0,0,V55_13,1682784,PLANT03,PORT09,281,318.8,PLANT03,1013,11
1447222736.7,2016-03-11,PORT04,V444_0,2,DTP,0,0,V55_13,1682784,PLANT03,PORT09,211,216.5658228647856,PLANT03,1013,8
1447232401.7,2016-03-12,PORT04,V444_0,2,DTP,0,0,V55_13,1682784,PLANT03,PORT09,313,451.949988233614,PLANT03,1013,16
1447265729.7,2016-03-12,PORT04,V444_0,2,DTP,0,0,V55_13,1682784,PLANT03,PORT09,232,243.69,PLANT03,1013,9
1447137215.7,2016-03-13,PORT04,V444_0,2,DTP,0,0,V55_13,1682784,PLANT03,PORT09,392,562.5585513364795,PLANT03,1013,19
1447183465.7,2016-03-14,PORT04,V444_0,2,DTP,0,0,V55_13,1668545,PLANT03,PORT09,282,306.77,PLANT03,1013,11
1447250807.7,2016-03-15,PORT04,V444_0,2,DTP,0,0,V55_13,1668545,PLANT03,PORT09,518,725.5552276850818,PLANT03,1013,25
1447304542.7,2016-03-15,PORT04,V444_0,2,DTP,0,0,V55_13,1668545,PLANT03,PORT09,525,573.09,PLANT03,1013,20
1447146892.7,2016-03-16,PORT04,V444_0,2,DTP,0,0,V55_13,1668545,PLANT03,PORT09,675,965.2748126590552,PLANT03,1013,33
1447410894.7,2016-03-16,PORT04,V444_0,2,DTP,0,0,V55_13,1668545,PLANT03,PORT09,203,299.2883892116535,PLANT03,1013,10
1447196664.7,2016-03-17,PORT04,V444_0,2,DTP,0,0,V55_13,1668545,PLANT03,PORT09,639,643.7465311411474,PLANT03,1013,22
1447141512.7,2016-03-18,PORT04,V444_0,2,DTP,0,0,V55_13,1668545,PLANT03,PORT09,215,263.28,PLANT03,1013,9
1447410893.7,2016-03-19,PORT04,V444_0,2,DTP,0,0,V55_13,1668545,PLANT03,PORT09,274,330.83,PLANT03,1013,12
1447141509.7,2016-03-19,PORT04,V444_0,2,DTP,0,0,V55_13,1668545,PLANT03,PORT09,324,377.6557449772205,PLANT03,1013,13
1447266832.7,2016-03-20,PORT04,V444_0,2,DTP,0,0,V55_13,1668545,PLANT03,PORT09,553,754.96,PLANT03,1013,26
1447145367.7,2016-03-20,PORT04,V444_0,2,DTP,0,0,V55_13,1668545,PLANT03,PORT09,241,299.56993379927303,PLANT03,1013,10
1447207647.7,2016-03-21,PORT04,V444_0,2,DTP,0,0,V55_13,1668545,PLANT03,PORT09,643,711.7370892280686,PLANT03,1013,24
1447141511.7,2016-03-22,PORT04,V444_0,2,DTP,0,0,V55_13,1668545,PLANT03,PORT09,491,653.21,PLANT03,1013,22
1447183460.7,2016-03-22,PORT04,V444_0,2,DTP,0,0,V55_13,1668545,PLANT03,PORT09,294,419.0054071370567,PLANT03,1013,14
1447183461.7,2016-03-23,PORT04,V444_0,2,DTP,0,0,V55_13,1668545,PLANT03,PORT09,605,717.7130438320667,PLANT03,1013,24
1447167113.7,2016-03-23,PORT04,V444_0,2,DTP,0,0,V55_13,1668545,PLANT03,PORT09,420,624.98,PLANT03,1013,21
1447396712.7,2016-03-24,PORT04,V444_0,2,DTP,0,0,V55_13,1668545,PLANT03,PORT09,458,477.0158755385327,PLANT03,1013,16
1447232555.7,2016-03-25,PORT04,V444_0,2,DTP,0,0,V55_13,1668545,PLANT03,PORT09,646,834.88,PLANT03,1013,28
1447167112.7,2016-03-25,PORT04,V444_0,2,DTP,0,0,V55_13,1668545,PLANT03,PORT09,449,620.2919141970364,PLANT03,1013,21
1447266833.7,2016-03-26,PORT04,V444_0,2,DTP,0,0,V55_13,1668545,PLANT03,PORT09,523,761.13,PLANT03,1013,26
1447146891.7,2016-03-27,PORT04,V444_0,2,DTP,0,0,V55_13,1668545,PLANT03,PORT09,427,585.48,PLANT03,1013,20
1447304581.7,2016-03-28,PORT04,V444_0,2,DTP,0,0,V55_13,1663396,PLANT03,PORT09,215,299.5469261868099,PLANT03,1013,10
1447397000.7,2016-03-28,PORT04,V444_0,2,DTP,0,0,V55_13,1663396,PLANT03,PORT09,309,372.0726967390031,PLANT03,1013,13
1447304762.7,2016-03-29,PORT04,V444_0,2,DTP,0,0,V55_13,1663396,PLANT03,PORT09,272,304.93694860075243,PLANT03,1013,11
1447232400.7,2016-03-30,PORT04,V444_0,2,DTP,0,0,V55_13,1663396,PLANT03,PORT09,311,356.09,PLANT03,1013,12
1447377272.7,2016-03-31,PORT04,V444_0,2,DTP,0,0,V55_13,1663396,PLANT03,PORT09,238,315.93799144351124,PLANT03,1013,11
1447137209.7,2016-04-01,PORT04,V444_0,2,DTP,0,0,V55_13,1663396,PLANT03,PORT09,613,651.91,PLANT03,1013,22
1447167720.7,2016-04-01,PORT04,V444_0,2,DTP,0,0,V55_13,1663396,PLANT03,PORT09,260,264.2,PLANT03,1013,9
1447369623.7,2016-04-02,PORT04,V444_0,2,DTP,0,0,V55_13,1663396,PLANT03,PORT09,457,585.223037014542,PLANT03,1013,20
1447150406.7,2016-04-02,PORT04,V444_0,2,DTP,0,0,V55_13,1663396,PLANT03,PORT09,379,508.13678607200393,PLANT03,1013,17
1447232563.7,2016-04-03,PORT04,V444_0,2,DTP,0,0,V55_13,1663396,PLANT03,PORT09,452,669.82,PLANT03,1013,23
1447193205.7,2016-04-03,PORT04,V444_0,2,DTP,0,0,V55_13,1663396,PLANT03,PORT09,337,484.5000578706388,PLANT03,1013,17
1447271422.7,2016-04-04,PORT04,V444_0,2,DTP,0,0,V55_13,1663396,PLANT03,PORT09,506,515.16,PLANT03,1013,18
1447232399.7,2016-04-05,PORT04,V444_0,2,DTP,0,0,V55_13,1663396,PLANT03,PORT09,577,610.0154101746106,PLANT03,1013,21
1447265730.7,2016-04-06,PORT04,V444_0,2,DTP,0,0,V55_13,1663396,PLANT03,PORT09,518,612.773133772116,PLANT03,1013,21
1447137216.7,2016-04-07,PORT04,V444_0,2,DTP,0,0,V55_13,1663396,PLANT03,PORT09,331,348.07,PLANT03,1013,12
1447150407.7,2016-04-07,PORT04,V444_0,2,DTP,0,0,V55_13,1663396,PLANT03,PORT09,575,778.1330681563127,PLANT03,1013,26
1447157929.7,2016-04-08,PORT04,V444_0,2,DTP,0,0,V55_13,1663396,PLANT03,PORT09,619,658.06,PLANT03,1013,22
1447196811.7,2016-04-08,PORT04,V444_0,2,DTP,0,0,V55_13,1672670,PLANT03,PORT09,258,382.1992402295144,PLANT03,1013,13
1447196812.7,2016-04-09,PORT04,V444_0,2,DTP,0,0,V55_13,1672670,PLANT03,PORT09,568,704.5874166959421,PLANT03,1013,24
1447304761.7,2016-04-10,PORT04,V444_0,2,DTP,0,0,V55_13,1672670,PLANT03,PORT09,253,259.61,PLANT03,1013,9
1447399745.7,2016-04-11,PORT04,V444_0,2,DTP,0,0,V55_13,1672670,PLANT03,PORT09,548,601.37,PLANT03,1013,21
1447399744.7,2016-04-12,PORT04,V444_0,2,DTP,0,0,V55_13,1672670,PLANT03,PORT09,481,597.977186555379,PLANT03,1013,20
1447304584.7,2016-04-12,PORT04,V444_0,2,DTP,0,0,V55_13,1672670,PLANT03,PORT09,579,842.37,PLANT03,1013,29
1447137210.7,2016-04-13,PORT04,V444_0,2,DTP,0,0,V55_13,1672670,PLANT03,PORT09,250,266.76495283872373,PLANT03,1013,9
1447208888.7,2016-04-14,PORT04,V444_0,2,DTP,0,0,V55_13,1672670,PLANT03,PORT09,382,438.2905357495856,PLANT03,1013,15
1447399743.7,2016-04-15,PORT04,V444_0,2,DTP,0,0,V55_13,1672670,PLANT03,PORT09,572,669.37,PLANT03,1013,23
1447271535.7,2016-04-16,PORT04,V444_0,2,DTP,0,0,V55_13,1672670,PLANT03,PORT09,270,297.6363829253387,PLANT03,1013,10
1447137220.7,2016-04-16,PORT04,V444_0,2,DTP,0,0,V55_13,1672670,PLANT03,PORT09,579,684.61,PLANT03,1013,23
1447214684.7,2016-04-17,PORT04,V444_0,2,DTP,0,0,V55_13,1672670,PLANT03,PORT09,505,589.5896639143182,PLANT03,1013,20
1447137214.7,2016-04-18,PORT04,V444_0,2,DTP,0,0,V55_13,1672670,PLANT03,PORT09,573,663.73,PLANT03,1013,23
1447196813.7,2016-04-19,PORT04,V444_0,2,DTP,0,0,V55_13,1672670,PLANT03,PORT09,615,792.4889220249377,PLANT03,1013,27
1447399742.7,2016-04-20,PORT04,V444_0,2,DTP,0,0,V55_13,1672670,PLANT03,PORT09,578,695.74,PLANT03,1013,24
1447220704.7,2016-04-20,PORT04,V444_0,2,DTP,0,0,V55_13,1672670,PLANT03,PORT09,212,255.06,PLANT03,1013,9
1447329820.7,2016-04-21,PORT04,V444_0,2,DTP,0,0,V55_13,1672670,PLANT03,PORT09,647,953.3035654644414,PLANT03,1013,32
1447296083.7,2016-04-22,PORT04,V444_0,2,DTP,0,0,V55_13,1677877,PLANT03,PORT09,465,653.52,PLANT03,1013,22
1447141578.7,2016-04-23,PORT04,V444_0,2,DTP,0,0,V55_13,1677877,PLANT03,PORT09,364,527.46,PLANT03,1013,18
1447396706.7,2016-04-23,PORT04,V444_0,2,DTP,0,0,V55_13,1677877,PLANT03,PORT09,503,630.4,PLANT03,1013,22
1447317139.7,2016-04-24,PORT04,V444_0,2,DTP,0,0,V555555555_35,1688629,PLANT03,PORT09,438,502.63,PLANT03,1013,17
1447317061.7,2016-04-24,PORT04,V444_0,2,DTP,0,0,V555555555_35,1688629,PLANT03,PORT09,257,360.35315561478393,PLANT03,1013,13
1447167715.7,2016-04-25,PORT04,V444_0,2,DTP,0,0,V555555555_35,1688629,PLANT03,PORT09,234,273.99827540619503,PLANT03,1013,10
1447293092.7,2016-04-26,PORT04,V444_0,2,DTP,0,0,V555555555_35,1688629,PLANT03,PORT09,433,644.19,PLANT03,1013,22
1447293093.7,2016-04-27,PORT04,V444_0,2,DTP,0,0,V555555555_35,1689546,PLANT03,PORT09,589,590.326569648695,PLANT03,1013,20
1447167716.7,2016-04-28,PORT04,V444_0,2,DTP,0,0,V555555555_35,1689546,PLANT03,PORT09,320,371.8801398163153,PLANT03,1013,13
1447376807.7,2016-04-29,PORT04,V444_0,2,DTP,0,0,V555555555_35,1689551,PLANT03,PORT09,487,548.67,PLANT03,1013,19
1447167718.7,2016-04-29,PORT04,V444_0,2,DTP,0,0,V555555555_35,1689548,PLANT03,PORT09,645,847.890419109551,PLANT03,1013,29
1447293095.7,2016-04-30,PORT04,V444_0,2,DTP,0,0,V555555555_35,1689548,PLANT03,PORT09,697,933.0536333594084,PLANT03,1013,32
1447167717.7,2016-05-01,PORT04,V444_0,2,DTP,0,0,V555555555_35,1689547,PLANT03,PORT09,517,603.07,PLANT03,1013,21
1447293094.7,2016-05-02,PORT04,V444_0,2,DTP,0,0,V555555555_35,1689547,PLANT03,PORT09,492,637.35,PLANT03,1013,22
1447376806.7,2016-05-03,PORT04,V444_0,2,DTP,0,0,V555555555_35,1682835,PLANT03,PORT09,670,978.69,PLANT03,1013,33
1447376805.7,2016-05-03,PORT04,V444_0,2,DTP,0,0,V555555555_35,1682799,PLANT03,PORT09,473,521.302433764773,PLANT03,1013,18
1447150377.7,2016-05-04,PORT04,V444_0,2,DTP,0,0,V555555555_35,1699974,PLANT03,PORT09,353,371.246218271146,PLANT03,1013,13
1447181113.7,2016-05-04,PORT04,V444_0,2,DTP,0,0,V5555_36,1700570,PLANT03,PORT09,334,436.49,PLANT03,1013,15
1447243636.7,2016-05-05,PORT04,V444_0,2,DTP,0,0,V5555_36,1700558,PLANT03,PORT09,325,354.81,PLANT03,1013,12
1447400907.7,2016-05-05,PORT04,V444_0,2,DTP,0,0,V5555_36,1682681,PLANT03,PORT09,375,381.5137401458965,PLANT03,1013,13
1447243633.7,2016-05-06,PORT04,V444_0,2,DTP,0,0,V5555_36,1682681,PLANT03,PORT09,366,476.67872241744544,PLANT03,1013,16
1447377496.7,2016-05-06,PORT04,V444_0,2,DTP,0,0,V5555_36,1682681,PLANT03,PORT09,432,582.3427839096486,PLANT03,1013,20
1447181110.7,2016-05-07,PORT04,V444_0,2,DTP,0,0,V5555_36,1682681,PLANT03,PORT09,402,416.0,PLANT03,1013,14
1447377499.7,2016-05-07,PORT04,V444_0,2,DTP,0,0,V5555_36,1682681,PLANT03,PORT09,528,699.3963977988143,PLANT03,1013,24
1447181109.7,2016-05-08,PORT04,V444_0,2,DTP,0,0,V5555_36,1682679,PLANT03,PORT09,294,314.74,PLANT03,1013,11
1447377495.7,2016-05-08,PORT04,V444_0,2,DTP,0,0,V5555_36,1682679,PLANT03,PORT09,617,720.52,PLANT03,1013,25
1447243632.7,2016-05-09,PORT04,V444_0,2,DTP,0,0,V5555_36,1682679,PLANT03,PORT09,218,253.9,PLANT03,1013,9
1447400906.7,2016-05-09,PORT04,V444_0,2,DTP,0,0,V5555_36,1682679,PLANT03,PORT09,338,359.56,PLANT03,1013,12
1447243634.7,2016-05-10,PORT04,V444_0,2,DTP,0,0,V5555_36,1682682,PLANT03,PORT09,212,307.13803397194766,PLANT03,1013,11
1447377497.7,2016-05-10,PORT04,V444_0,2,DTP,0,0,V5555_36,1682682,PLANT03,PORT09,219,294.906444872966,PLANT03,1013,10
1447181111.7,2016-05-11,PORT04,V444_0,2,DTP,0,0,V5555_36,1682682,PLANT03,PORT09,236,327.02,PLANT03,1013,11
1447377500.7,2016-05-12,PORT04,V444_0,2,DTP,0,0,V5555_36,1682682,PLANT03,PORT09,580,766.8827191926468,PLANT03,1013,26
1447400908.7,2016-05-13,PORT04,V444_0,2,DTP,0,0,V5555_36,1682682,PLANT03,PORT09,500,697.0688020427074,PLANT03,1013,24
1447243629.7,2016-05-14,PORT04,V444_0,2,DTP,0,0,V5555_36,1679687,PLANT03,PORT09,541,599.1181710379619,PLANT03,1013,20
1447243635.7,2016-05-14,PORT04,V444_0,2,DTP,0,0,V5555_36,1700557,PLANT03,PORT09,499,689.68,PLANT03,1013,23
1447310198.7,2016-05-15,PORT04,V444_0,2,DTP,0,0,V5555_36,1700569,PLANT03,PORT09,614,857.65,PLANT03,1013,29
1447181334.7,2016-05-15,PORT04,V444_0,2,DTP,0,0,V5555_36,1682341,PLANT03,PORT09,578,656.2249611239686,PLANT03,1013,22
1447181112.7,2016-05-16,PORT04,V444_0,2,DTP,0,0,V5555_36,1693740,PLANT03,PORT09,522,625.2894005901595,PLANT03,1013,21
1447377498.7,2016-05-16,PORT04,V444_0,2,DTP,0,0,V5555_36,1693740,PLANT03,PORT09,510,530.0588248701359,PLANT03,1013,18
1447243630.7,2016-05-17,PORT04,V444_0,2,DTP,0,0,V5555_36,1671833,PLANT03,PORT09,546,574.7733632083552,PLANT03,1013,20
1447400905.7,2016-05-18,PORT04,V444_0,2,DTP,0,0,V5555_36,1671832,PLANT03,PORT09,271,344.65,PLANT03,1013,12
1447243631.7,2016-05-18,PORT04,V444_0,2,DTP,0,0,V5555_36,1671834,PLANT03,PORT09,572,808.038203092973,PLANT03,1013,27
1447307775.7,2016-05-19,PORT04,V444_0,2,DTP,0,0,V5555_36,1671461,PLANT03,PORT09,604,864.9976418829903,PLANT03,1013,29
1447307776.7,2016-05-19,PORT04,V444_0,2,DTP,0,0,V5555_36,1671461,PLANT03,PORT09,261,284.11435021711577,PLANT03,1013,10
1447336776.7,2016-05-20,PORT04,V444_0,2,DTP,0,0,V5555_36,1684862,PLANT03,PORT09,564,723.6955125301926,PLANT03,1013,25
1447336775.7,2016-05-21,PORT04,V444_0,2,DTP,0,0,V5555_36,1671461,PLANT03,PORT09,271,294.03361966388985,PLANT03,1013,10
1447146919.7,2016-05-21,PORT04,V444_0,2,DTP,0,0,V55_37,1700366,PLANT03,PORT09,540,751.97,PLANT03,1013,26
1447308930.7,2016-05-22,PORT04,V444_0,2,DTP,0,0,V55_37,1688587,PLANT03,PORT09,372,405.44239331008407,PLANT03,1013,14
1447308931.7,2016-05-22,PORT04,V444_0,2,DTP,0,0,V55_37,1689548,PLANT03,PORT09,572,823.62578461583,PLANT03,1013,28
1447226873.7,2016-05-23,PORT04,V444_0,2,DTP,0,0,V5555_38,1671426,PLANT03,PORT09,307,440.84971227360086,PLANT03,1013,15
1447376471.7,2016-05-23,PORT04,V444_0,2,DTP,0,0,V5555_38,1671426,PLANT03,PORT09,508,718.828301641531,PLANT03,1013,24
1447192976.7,2016-05-24,PORT04,V444_0,2,DTP,0,0,V5555_38,1671426,PLANT03,PORT09,273,347.8567278652709,PLANT03,1013,12
1447224482.7,2016-05-25,PORT04,V444_0,2,DTP,0,0,V5555_38,1671426,PLANT03,PORT09,602,686.86,PLANT03,1013,23
1447175851.7,2016-05-25,PORT04,V444_0,2,DTP,0,0,V5555_38,1671426,PLANT03,PORT09,653,825.33,PLANT03,1013,28
1447376470.7,2016-05-26,PORT04,V444_0,2,DTP,0,0,V5555_38,1671426,PLANT03,PORT09,672,793.5547219397214,PLANT03,1013,27
1447379972.7,2016-05-26,PORT04,V444_0,2,DTP,0,0,V55_39,1700558,PLANT03,PORT09,620,780.31,PLANT03,1013,27
1447191442.7,2016-05-27,PORT04,V444_0,2,DTP,3,0,V55555_4,1667817,PLANT03,PORT09,624,870.44,PLANT03,1013,30
1447336036.7,2016-05-27,PORT04,V444_0,2,DTP,3,0,V55555_4,1667817,PLANT03,PORT09,413,425.98007116304666,PLANT03,1013,15
1447281354.7,2016-05-28,PORT04,V444_0,2,DTP,3,0,V55555_4,1667817,PLANT03,PORT09,485,632.37,PLANT03,1013,22
1447310433.7,2016-05-29,PORT04,V444_0,2,DTP,3,0,V55555_4,1667817,PLANT03,PORT09,357,409.4364943353884,PLANT03,1013,14
1447191443.7,2016-05-29,PORT04,V444_0,2,DTP,3,0,V55555_4,1667817,PLANT03,PORT09,607,781.6645591053594,PLANT03,1013,27
1447225245.7,2016-05-30,PORT04,V444_0,2,DTP,3,0,V55555_4,1667817,PLANT03,PORT09,276,299.55,PLANT03,1013,10
1447146534.7,2016-05-30,PORT04,V444_0,2,DTP,3,0,V55555_4,1643057,PLANT03,PORT09,339,479.63,PLANT03,1013,16
1447329689.7,2016-05-31,PORT04,V444_0,2,DTP,3,0,V55555_4,1650905,PLANT03,PORT09,371,501.4239191473748,PLANT03,1013,17
1447150647.7,2016-05-31,PORT04,V444_0,2,DTP,3,0,V55555_4,1650904,PLANT03,PORT09,563,588.39,PLANT03,1013,20
1447229295.7,2016-06-01,PORT04,V444_0,2,DTP,3,0,V55555_4,1650904,PLANT03,PORT09,479,708.74,PLANT03,1013,24
1447187440.7,2016-06-01,PORT04,V444_0,2,DTP,3,0,V55555_4,1650904,PLANT03,PORT09,464,478.97,PLANT03,1013,16
1447281356.7,2016-06-02,PORT04,V444_0,2,DTP,3,0,V55555_4,1650904,PLANT03,PORT09,420,600.26,PLANT03,1013,21
1447251022.7,2016-06-02,PORT04,V444_0,2,DTP,3,0,V55555_4,1650905,PLANT03,PORT09,636,736.81,PLANT03,1013,25
1447373534.7,2016-06-03,PORT04,V444_0,2,DTP,3,0,V55555_4,1650904,PLANT03,PORT09,673,792.92,PLANT03,1013,27
1447373537.7,2016-06-04,PORT04,V444_0,2,DTP,3,0,V55555_4,1650904,PLANT03,PORT09,590,715.0595078337516,PLANT03,1013,24
1447305035.7,2016-06-04,PORT04,V444_0,2,DTP,3,0,V55555_4,1697444,PLANT03,PORT09,691,822.2761635057444,PLANT03,1013,28
1447292369.7,2016-06-05,PORT04,V444_0,2,DTP,3,0,V55555_4,1697444,PLANT03,PORT09,499,586.3929564819972,PLANT03,1013,20
1447193154.7,2016-06-06,PORT04,V444_0,2,DTP,3,0,V55555_4,1697444,PLANT03,PORT09,289,295.93,PLANT03,1013,10
1447146545.7,2016-06-06,PORT04,V444_0,2,DTP,3,0,V55555_4,1697444,PLANT03,PORT09,455,492.76,PLANT03,1013,17
1447335430.7,2016-06-07,PORT04,V444_0,2,DTP,3,0,V55555_4,1658532,PLANT03,PORT09,396,489.69,PLANT03,1013,17
1447334667.7,2016-06-07,PORT04,V444_0,2,DTP,3,0,V55555_4,1658532,PLANT03,PORT09,225,226.29667658096085,PLANT03,1013,8
1447329690.7,2016-06-08,PORT04,V444_0,2,DTP,3,0,V55555_4,1658532,PLANT03,PORT09,367,388.45,PLANT03,1013,13
1447334668.7,2016-06-08,PORT04,V444_0,2,DTP,3,0,V55555_4,1658528,PLANT03,PORT09,359,515.4355448215689,PLANT03,1013,18
1447146543.7,2016-06-09,PORT04,V444_0,2,DTP,3,0,V55555_4,1649002,PLANT03,PORT09,210,214.8571098724348,PLANT03,1013,8
1447326126.7,2016-06-09,PORT04,V444_0,2,DTP,3,0,V55555_4,1649002,PLANT03,PORT09,231,342.0532129518905,PLANT03,1013,12
1447265595.7,2016-06-10,PORT04,V444_0,2,DTP,3,0,V55555_4,1649002,PLANT03,PORT09,427,431.73,PLANT03,1013,15
1447215331.7,2016-06-11,PORT04,V444_0,2,DTP,3,0,V55555_4,1649002,PLANT03,PORT09,406,460.8218686186158,PLANT03,1013,16
1447227076.7,2016-06-12,PORT04,V444_0,2,DTP,3,0,V55555_4,1649002,PLANT03,PORT09,547,660.835357987338,PLANT03,1013,23
1447357557.7,2016-06-13,PORT04,V444_0,2,DTP,3,0,V55555_4,1649002,PLANT03,PORT09,424,543.8,PLANT03,1013,19
1447340206.7,2016-06-13,PORT04,V444_0,2,DTP,3,0,V55555_4,1692109,PLANT03,PORT09,341,382.2542883825016,PLANT03,1013,13
1447404097.7,2016-06-14,PORT04,V444_0,2,DTP,3,0,V55555_4,1696758,PLANT03,PORT09,543,715.73,PLANT03,1013,24
1447365273.7,2016-06-15,PORT04,V444_0,2,DTP,3,0,V55555_4,1668639,PLANT03,PORT09,656,955.09,PLANT03,1013,32
1447367890.7,2016-06-16,PORT04,V444_0,2,DTP,3,0,V55555_4,1650586,PLANT03,PORT09,618,878.6023560885767,PLANT03,1013,30
1447367891.7,2016-06-16,PORT04,V444_0,2,DTP,3,0,V55555_4,1650586,PLANT03,PORT09,676,1001.22,PLANT03,1013,34
1447208164.7,2016-06-17,PORT04,V444_0,2,DTP,3,0,V55555_4,1676566,PLANT03,PORT09,381,534.07,PLANT03,1013,18
1447237186.7,2016-06-18,PORT04,V444_0,2,DTP,3,0,V55555_4,1675670,PLANT03,PORT09,508,618.94,PLANT03,1013,21
1447229296.7,2016-06-18,PORT04,V444_0,2,DTP,3,0,V55555_4,1675670,PLANT03,PORT09,535,792.8844798101735,PLANT03,1013,27
1447168916.7,2016-06-19,PORT04,V444_0,2,DTP,3,0,V55555_4,1675670,PLANT03,PORT09,217,223.0488314340306,PLANT03,1013,8
1447265597.7,2016-06-19,PORT04,V444_0,2,DTP,3,0,V55555_4,1675670,PLANT03,PORT09,391,561.72,PLANT03,1013,19
1447146530.7,2016-06-20,PORT04,V444_0,2,DTP,3,0,V55555_4,1675670,PLANT03,PORT09,477,632.05,PLANT03,1013,22
1447339211.7,2016-06-20,PORT04,V444_0,2,DTP,3,0,V55555_4,1675670,PLANT03,PORT09,502,600.3772386368978,PLANT03,1013,21
1447204143.7,2016-06-21,PORT04,V444_0,2,DTP,3,0,V55555_4,1675670,PLANT03,PORT09,208,251.62942577110172,PLANT03,1013,9
1447185790.7,2016-06-21,PORT04,V444_0,2,DTP,3,0,V55555_4,1675670,PLANT03,PORT09,546,755.0533866459784,PLANT03,1013,26
1447374423.7,2016-06-22,PORT04,V444_0,2,DTP,3,0,V55555_4,1675670,PLANT03,PORT09,688,767.6645490034158,PLANT03,1013,26
1447188105.7,2016-06-23,PORT04,V444_0,2,DTP,3,0,V55555_4,1675670,PLANT03,PORT09,260,277.5549577684712,PLANT03,1013,10
1447146537.7,2016-06-23,PORT04,V444_0,2,DTP,3,0,V55555_4,1675670,PLANT03,PORT09,676,969.2072339416386,PLANT03,1013,33
1447367894.7,2016-06-24,PORT04,V444_0,2,DTP,3,0,V55555_4,1675670,PLANT03,PORT09,267,323.9438507644452,PLANT03,1013,11
1447304727.7,2016-06-24,PORT04,V444_0,2,DTP,3,0,V55555_4,1675670,PLANT03,PORT09,648,750.4179836928502,PLANT03,1013,26
1447275630.7,2016-06-25,PORT04,V444_0,2,DTP,3,0,V55555_4,1675662,PLANT03,PORT09,294,335.25,PLANT03,1013,12
1447146529.7,2016-06-26,PORT04,V444_0,2,DTP,3,0,V55555_4,1675662,PLANT03,PORT09,322,440.0657933034148,PLANT03,1013,15
1447209406.7,2016-06-27,PORT04,V444_0,2,DTP,3,0,V55555_4,1675662,PLANT03,PORT09,259,377.6146190120498,PLANT03,1013,13
1447175749.7,2016-06-28,PORT04,V444_0,2,DTP,3,0,V55555_4,1675662,PLANT03,PORT09,250,331.46,PLANT03,1013,12
1447238314.7,2016-06-29,PORT04,V444_0,2,DTP,3,0,V55555_4,1675662,PLANT03,PORT09,238,275.99870872254354,PLANT03,1013,10
1447327999.7,2016-06-29,PORT04,V444_0,2,DTP,3,0,V55555_4,1675662,PLANT03,PORT09,256,317.87418453531217,PLANT03,1013,11
1447266920.7,2016-06-30,PORT04,V444_0,2,DTP,3,0,V55555_4,1675670,PLANT03,PORT09,524,566.6473384686466,PLANT03,1013,19
1447374424.7,2016-07-01,PORT04,V444_0,2,DTP,3,0,V55555_4,1675670,PLANT03,PORT09,668,888.8943714828761,PLANT03,1013,30
1447209405.7,2016-07-02,PORT04,V444_0,2,DTP,3,0,V55555_4,1675662,PLANT03,PORT09,695,937.43,PLANT03,1013,32
1447343600.7,2016-07-02,PORT04,V444_0,2,DTP,3,0,V55555_4,1675662,PLANT03,PORT09,220,294.81,PLANT03,1013,10
1447227071.7,2016-07-03,PORT04,V444_0,2,DTP,3,0,V55555_4,1675662,PLANT03,PORT09,342,345.08,PLANT03,1013,12
1447339212.7,2016-07-04,PORT04,V444_0,2,DTP,3,0,V55555_4,1675670,PLANT03,PORT09,492,625.1685041445118,PLANT03,1013,21
1447156559.7,2016-07-05,PORT04,V444_0,2,DTP,3,0,V55555_4,1675615,PLANT03,PORT09,597,861.9375769371331,PLANT03,1013,29
1447275631.7,2016-07-06,PORT04,V444_0,2,DTP,3,0,V55555_4,1675662,PLANT03,PORT09,552,713.7,PLANT03,1013,24
1447146536.7,2016-07-06,PORT04,V444_0,2,DTP,3,0,V55555_4,1675615,PLANT03,PORT09,485,693.39,PLANT03,1013,24
1447238315.7,2016-07-07,PORT04,V444_0,2,DTP,3,0,V55555_4,1675662,PLANT03,PORT09,237,333.68,PLANT03,1013,12
1447150691.7,2016-07-07,PORT04,V444_0,2,DTP,3,0,V55555_4,1675615,PLANT03,PORT09,606,723.6008014008546,PLANT03,1013,25
1447310434.7,2016-07-08,PORT04,V444_0,2,DTP,3,0,V55555_4,1675655,PLANT03,PORT09,548,572.94,PLANT03,1013,20
1447339210.7,2016-07-09,PORT04,V444_0,2,DTP,3,0,V55555_4,1675655,PLANT03,PORT09,470,565.32,PLANT03,1013,19
1447361238.7,2016-07-10,PORT04,V444_0,2,DTP,3,0,V55555_4,1675655,PLANT03,PORT09,433,561.54,PLANT03,1013,19
1447227069.7,2016-07-11,PORT04,V444_0,2,DTP,3,0,V55555_4,1675654,PLANT03,PORT09,304,329.92,PLANT03,1013,11
1447360777.7,2016-07-12,PORT04,V444_0,2,DTP,3,0,V55555_4,1675654,PLANT03,PORT09,256,368.8774145050474,PLANT03,1013,13
1447283677.7,2016-07-13,PORT04,V444_0,2,DTP,3,0,V55555_4,1675654,PLANT03,PORT09,572,834.84,PLANT03,1013,28
1447209404.7,2016-07-14,PORT04,V444_0,2,DTP,3,0,V55555_4,1675654,PLANT03,PORT09,454,516.2916673812998,PLANT03,1013,18
1447302723.7,2016-07-15,PORT04,V444_0,2,DTP,3,0,V55555_4,1675654,PLANT03,PORT09,677,774.1044371816757,PLANT03,1013,26
1447191644.7,2016-07-15,PORT04,V444_0,2,DTP,3,0,V55555_4,1675654,PLANT03,PORT09,394,590.8653048333733,PLANT03,1013,20
1447411050.7,2016-07-16,PORT04,V444_0,2,DTP,3,0,V55555_4,1675654,PLANT03,PORT09,537,714.0296023637044,PLANT03,1013,24
1447360776.7,2016-07-17,PORT04,V444_0,2,DTP,3,0,V55555_4,1675654,PLANT03,PORT09,225,242.84668349807984,PLANT03,1013,9
1447229528.7,2016-07-17,PORT04,V444_0,2,DTP,3,0,V55555_4,1675654,PLANT03,PORT09,299,332.1183092094039,PLANT03,1013,12
1447215328.7,2016-07-18,PORT04,V444_0,2,DTP,3,0,V55555_4,1696074,PLANT03,PORT09,510,732.76,PLANT03,1013,25
1447160944.7,2016-07-19,PORT04,V444_0,2,DTP,3,0,V55555_4,1696074,PLANT03,PORT09,214,285.77,PLANT03,1013,10
1447220930.7,2016-07-20,PORT04,V444_0,2,DTP,3,0,V55555_4,1696074,PLANT03,PORT09,301,361.63,PLANT03,1013,13
1447367895.7,2016-07-21,PORT04,V444_0,2,DTP,3,0,V55555_4,1696074,PLANT03,PORT09,500,635.71,PLANT03,1013,22
1447215327.7,2016-07-22,PORT04,V444_0,2,DTP,3,0,V55555_4,1696075,PLANT03,PORT09,600,756.16,PLANT03,1013,26
1447158078.7,2016-07-23,PORT04,V444_0,2,DTP,3,0,V55555_4,1696075,PLANT03,PORT09,380,515.69,PLANT03,1013,18
1447155210.7,2016-07-23,PORT04,V444_0,2,DTP,3,0,V55555_4,1696075,PLANT03,PORT09,465,669.4598009436181,PLANT03,1013,23
1447289406.7,2016-07-24,PORT04,V444_0,2,DTP,0,0,V55555_4,1695345,PLANT03,PORT09,598,621.776394275653,PLANT03,1013,21
1447211450.7,2016-07-24,PORT04,V444_0,2,DTP,0,0,V55555_4,1695348,PLANT03,PORT09,529,761.0959044379786,PLANT03,1013,26
1447212524.7,2016-07-25,PORT04,V444_0,2,DTP,0,0,V55555_4,1695348,PLANT03,PORT09,636,951.826068980846,PLANT03,1013,32
1447309551.7,2016-07-26,PORT04,V444_0,2,DTP,3,0,V55555_4,1660673,PLANT03,PORT09,661,975.1,PLANT03,1013,33
1447305031.7,2016-07-26,PORT04,V444_0,2,DTP,3,0,V55555_4,1679638,PLANT03,PORT09,226,283.8,PLANT03,1013,10
1447367889.7,2016-07-27,PORT04,V444_0,2,DTP,3,0,V55555_4,1679638,PLANT03,PORT09,584,830.6,PLANT03,1013,28
1447158071.7,2016-07-28,PORT04,V444_0,2,DTP,3,0,V55555_4,1679638,PLANT03,PORT09,570,751.38,PLANT03,1013,26
1447215329.7,2016-07-29,PORT04,V444_0,2,DTP,3,0,V55555_4,1676853,PLANT03,PORT09,676,792.7658691962748,PLANT03,1013,27
1447312078.7,2016-07-29,PORT04,V444_0,2,DTP,3,0,V55555_4,1676853,PLANT03,PORT09,655,879.91,PLANT03,1013,30
1447349623.7,2016-07-30,PORT04,V444_0,2,DTP,3,0,V55555_4,1676853,PLANT03,PORT09,676,687.7621295555023,PLANT03,1013,23
1447208162.7,2016-07-30,PORT04,V444_0,2,DTP,3,0,V55555_4,1676853,PLANT03,PORT09,693,973.67,PLANT03,1013,33
1447376344.7,2016-07-31,PORT04,V444_0,2,DTP,3,0,V55555_4,1676853,PLANT03,PORT09,593,742.7,PLANT03,1013,25
1447178255.7,2016-08-01,PORT04,V444_0,2,DTP,3,0,V55555_4,1676853,PLANT03,PORT09,450,535.1945362659211,PLANT03,1013,18
1447265596.7,2016-08-01,PORT04,V444_0,2,DTP,3,0,V55555_4,1676853,PLANT03,PORT09,331,374.86,PLANT03,1013,13
1447158077.7,2016-08-02,PORT04,V444_0,2,DTP,3,0,V55555_4,1676853,PLANT03,PORT09,319,389.1992629720973,PLANT03,1013,13
1447350384.7,2016-08-02,PORT04,V444_0,2,DTP,3,0,V55555_4,1676853,PLANT03,PORT09,259,311.8,PLANT03,1013,11
1447208163.7,2016-08-03,PORT04,V444_0,2,DTP,3,0,V55555_4,1676942,PLANT03,PORT09,570,843.8075051450493,PLANT03,1013,29
1447369956.7,2016-08-03,PORT04,V444_0,2,DTP,3,0,V55555_4,1655818,PLANT03,PORT09,425,503.9359596085752,PLANT03,1013,17
1447339208.7,2016-08-04,PORT04,V444_0,2,DTP,3,0,V55555_4,1655818,PLANT03,PORT09,571,629.1093916685553,PLANT03,1013,21
1447414930.7,2016-08-04,PORT04,V444_0,2,DTP,3,0,V55555_4,1655818,PLANT03,PORT09,308,382.71,PLANT03,1013,13
1447336035.7,2016-08-05,PORT04,V444_0,2,DTP,3,0,V55555_4,1668492,PLANT03,PORT09,386,559.47,PLANT03,1013,19
1447191439.7,2016-08-06,PORT04,V444_0,2,DTP,3,0,V55555_4,1668492,PLANT03,PORT09,209,210.36649782124724,PLANT03,1013,8
1447332240.7,2016-08-06,PORT04,V444_0,2,DTP,3,0,V55555_4,1668492,PLANT03,PORT09,286,322.07,PLANT03,1013,11
1447389078.7,2016-08-07,PORT04,V444_0,2,DTP,3,0,V55555_4,1650685,PLANT03,PORT09,225,240.29243407882356,PLANT03,1013,9
1447273217.7,2016-08-07,PORT04,V444_0,2,DTP,3,0,V55555_4,1650685,PLANT03,PORT09,521,529.9250224877078,PLANT03,1013,18
1447204142.7,2016-08-08,PORT04,V444_0,2,DTP,3,0,V55555_4,1650685,PLANT03,PORT09,273,354.0728947587748,PLANT03,1013,12
1447146533.7,2016-08-09,PORT04,V444_0,2,DTP,3,0,V55555_4,1668606,PLANT03,PORT09,684,993.31,PLANT03,1013,34
1447292368.7,2016-08-10,PORT04,V444_0,2,DTP,3,0,V55555_4,1668606,PLANT03,PORT09,594,855.8573295552012,PLANT03,1013,29
1447220700.7,2016-08-11,PORT04,V444_0,2,DTP,3,0,V55555_4,1668606,PLANT03,PORT09,227,274.28,PLANT03,1013,10
1447146539.7,2016-08-11,PORT04,V444_0,2,DTP,3,0,V55555_4,1668606,PLANT03,PORT09,574,637.9866524560753,PLANT03,1013,22
1447146540.7,2016-08-12,PORT04,V444_0,2,DTP,3,0,V55555_4,1668608,PLANT03,PORT09,369,490.453358042126,PLANT03,1013,17
1447146531.7,2016-08-12,PORT04,V444_0,2,DTP,3,0,V55555_4,1668608,PLANT03,PORT09,355,447.11,PLANT03,1013,15
1447288267.7,2016-08-13,PORT04,V444_0,2,DTP,3,0,V55555_4,1668607,PLANT03,PORT09,654,846.7569526114918,PLANT03,1013,29
1447231115.7,2016-08-14,PORT04,V444_0,2,DTP,3,0,V55555_4,1683704,PLANT03,PORT09,664,972.06,PLANT03,1013,33
1447348191.7,2016-08-15,PORT04,V444_0,2,DTP,3,0,V55555_4,1683704,PLANT03,PORT09,301,336.7067817303992,PLANT03,1013,12
1447215330.7,2016-08-15,PORT04,V444_0,2,DTP,3,0,V55555_4,1683704,PLANT03,PORT09,364,528.89,PLANT03,1013,18
1447371474.7,2016-08-16,PORT04,V444_0,2,DTP,3,0,V55555_4,1683704,PLANT03,PORT09,421,466.18,PLANT03,1013,16
1447306672.7,2016-08-16,PORT04,V444_0,2,DTP,3,0,V55555_4,1683704,PLANT03,PORT09,563,644.49,PLANT03,1013,22
1447189277.7,2016-08-17,PORT04,V444_0,2,DTP,3,0,V55555_4,1683704,PLANT03,PORT09,426,615.38,PLANT03,1013,21
1447308058.7,2016-08-18,PORT04,V444_0,2,DTP,3,0,V55555_4,1683704,PLANT03,PORT09,243,327.02,PLANT03,1013,11
1447167520.7,2016-08-19,PORT04,V444_0,2,DTP,3,0,V55555_4,1655982,PLANT03,PORT09,491,567.9,PLANT03,1013,19
1447229527.7,2016-08-20,PORT04,V444_0,2,DTP,3,0,V55555_4,1655982,PLANT03,PORT09,563,672.37,PLANT03,1013,23
1447206339.7,2016-08-21,PORT04,V444_0,2,DTP,3,0,V55555_4,1655982,PLANT03,PORT09,506,608.1641843276174,PLANT03,1013,21
1447313946.7,2016-08-21,PORT04,V444_0,2,DTP,3,0,V55555_4,1655982,PLANT03,PORT09,351,466.35945381492576,PLANT03,1013,16
1447152530.7,2016-08-22,PORT04,V444_0,2,DTP,3,0,V55555_4,1655982,PLANT03,PORT09,399,559.88,PLANT03,1013,19
1447357556.7,2016-08-23,PORT04,V444_0,2,DTP,3,0,V55555_4,1651302,PLANT03,PORT09,527,601.2225099040373,PLANT03,1013,21
1447146544.7,2016-08-23,PORT04,V444_0,2,DTP,3,0,V55555_4,1651302,PLANT03,PORT09,329,342.1571184200662,PLANT03,1013,12
1447336037.7,2016-08-24,PORT04,V444_0,2,DTP,3,0,V55555_4,1651302,PLANT03,PORT09,310,402.9013505194312,PLANT03,1013,14
1447350387.7,2016-08-25,PORT04,V444_0,2,DTP,3,0,V55555_4,1651302,PLANT03,PORT09,214,219.77,PLANT03,1013,8
1447391470.7,2016-08-25,PORT04,V444_0,2,DTP,3,0,V55555_4,1651299,PLANT03,PORT09,519,679.23,PLANT03,1013,23
1447178254.7,2016-08-26,PORT04,V444_0,2,DTP,3,0,V55555_4,1651299,PLANT03,PORT09,266,389.9,PLANT03,1013,13
1447317899.7,2016-08-27,PORT04,V444_0,2,DTP,3,0,V55555_4,1651299,PLANT03,PORT09,684,751.35,PLANT03,1013,26
1447373535.7,2016-08-27,PORT04,V444_0,2,DTP,3,0,V55555_4,1651299,PLANT03,PORT09,483,714.32,PLANT03,1013,24
1447350386.7,2016-08-28,PORT04,V444_0,2,DTP,3,0,V55555_4,1651299,PLANT03,PORT09,301,350.29872723528,PLANT03,1013,12
1447258862.7,2016-08-28,PORT04,V444_0,2,DTP,3,0,V55555_4,1651299,PLANT03,PORT09,503,688.2679466190342,PLANT03,1013,23
1447158076.7,2016-08-29,PORT04,V444_0,2,DTP,3,0,V55555_4,1651299,PLANT03,PORT09,547,616.2522462291847,PLANT03,1013,21
1447149328.7,2016-08-29,PORT04,V444_0,2,DTP,3,0,V55555_4,1651299,PLANT03,PORT09,434,608.49,PLANT03,1013,21
1447327213.7,2016-08-30,PORT04,V444_0,2,DTP,3,0,V55555_4,1651298,PLANT03,PORT09,284,340.59540982846613,PLANT03,1013,12
1447373936.7,2016-08-31,PORT04,V444_0,2,DTP,0,0,V55555_4,1689541,PLANT03,PORT09,678,767.24,PLANT03,1013,26
1447165543.7,2016-09-01,PORT04,V444_0,2,DTP,3,0,V55555_4,1689541,PLANT03,PORT09,391,576.2817631832327,PLANT03,1013,20
1447297463.7,2016-09-01,PORT04,V444_0,2,DTP,3,0,V55555_4,1689541,PLANT03,PORT09,545,575.2647501442509,PLANT03,1013,20
1447149330.7,2016-09-02,PORT04,V444_0,2,DTP,3,0,V55555_4,1689541,PLANT03,PORT09,627,737.11,PLANT03,1013,25
1447403072.7,2016-09-02,PORT04,V444_0,2,DTP,0,0,V55555_4,1689541,PLANT03,PORT09,315,363.65,PLANT03,1013,13
1447397710.7,2016-09-03,PORT04,V444_0,2,DTP,0,0,V55555_4,1689541,PLANT03,PORT09,502,620.4108336571095,PLANT03,1013,21
1447388471.7,2016-09-04,PORT04,V444_0,2,DTP,0,0,V55555_4,1689541,PLANT03,PORT09,678,707.76,PLANT03,1013,24
1447205157.7,2016-09-05,PORT04,V444_0,2,DTP,3,0,V55555_4,1689541,PLANT03,PORT09,215,221.21223117963535,PLANT03,1013,8
1447395392.7,2016-09-06,PORT04,V444_0,2,DTP,0,0,V55555_4,1689541,PLANT03,PORT09,455,554.4815749756505,PLANT03,1013,19
1447167152.7,2016-09-06,PORT04,V444_0,2,DTP,3,0,V55555_4,1689541,PLANT03,PORT09,393,491.3155633403384,PLANT03,1013,17
1447179539.7,2016-09-07,PORT04,V444_0,2,DTP,3,0,V55555_4,1689541,PLANT03,PORT09,292,403.5913040301788,PLANT03,1013,14
1447179597.7,2016-09-07,PORT04,V444_0,2,DTP,3,0,V55555_4,1689541,PLANT03,PORT09,461,571.82,PLANT03,1013,20
1447327575.7,2016-09-08,PORT04,V444_0,2,DTP,3,0,V55555_4,1688633,PLANT03,PORT09,655,930.5443426024524,PLANT03,1013,32
1447325844.7,2016-09-08,PORT04,V444_0,2,DTP,3,0,V55555_4,1688633,PLANT03,PORT09,332,418.64120403471975,PLANT03,1013,14
1447251708.7,2016-09-09,PORT04,V444_0,2,DTP,3,0,V55555_4,1688633,PLANT03,PORT09,500,651.3359069860576,PLANT03,1013,22
1447410743.7,2016-09-09,PORT04,V444_0,2,DTP,0,0,V55555_4,1688633,PLANT03,PORT09,277,324.96,PLANT03,1013,11
1447179540.7,2016-09-10,PORT04,V444_0,2,DTP,3,0,V55555_4,1688633,PLANT03,PORT09,475,614.2183090959811,PLANT03,1013,21
1447242502.7,2016-09-10,PORT04,V444_0,2,DTP,3,0,V55555_4,1688633,PLANT03,PORT09,359,441.4981191600612,PLANT03,1013,15
1447312274.7,2016-09-11,PORT04,V444_0,2,DTP,0,0,V55555_4,1690327,PLANT03,PORT09,413,475.26,PLANT03,1013,16
1447348274.7,2016-09-11,PORT04,V444_0,2,DTP,0,0,V55555_4,1683354,PLANT03,PORT09,414,595.8558650858813,PLANT03,1013,20
1447367892.7,2016-09-12,PORT04,V444_0,2,DTP,3,0,V55555_4,1629341,PLANT03,PORT09,487,567.1128951727537,PLANT03,1013,19
1447150574.7,2016-09-13,PORT04,V444_0,2,DTP,3,0,V55555_4,1656246,PLANT03,PORT09,508,595.1331774714247,PLANT03,1013,20
1447227070.7,2016-09-14,PORT04,V444_0,2,DTP,3,0,V55555_4,1656246,PLANT03,PORT09,365,458.36,PLANT03,1013,16
1447209403.7,2016-09-15,PORT04,V444_0,2,DTP,3,0,V55555_4,1656246,PLANT03,PORT09,647,809.74,PLANT03,1013,27
1447227068.7,2016-09-16,PORT04,V444_0,2,DTP,3,0,V55555_4,1656246,PLANT03,PORT09,444,454.91,PLANT03,1013,16
1447232112.7,2016-09-16,PORT04,V444_0,2,DTP,0,0,V55555_4,1656246,PLANT03,PORT09,617,789.7059473703407,PLANT03,1013,27
1447411604.7,2016-09-17,PORT04,V444_0,2,DTP,3,0,V55555_4,1656246,PLANT03,PORT09,583,619.7784355283568,PLANT03,1013,21
1447227067.7,2016-09-17,PORT04,V444_0,2,DTP,3,0,V55555_4,1656246,PLANT03,PORT09,369,490.2529685725915,PLANT03,1013,17
1447151045.7,2016-09-18,PORT04,V444_0,2,DTP,3,0,V55555_4,1656246,PLANT03,PORT09,465,678.9264615975111,PLANT03,1013,23
1447283678.7,2016-09-19,PORT04,V444_0,2,DTP,3,0,V55555_4,1656246,PLANT03,PORT09,344,462.649224268547,PLANT03,1013,16
1447323799.7,2016-09-20,PORT04,V444_0,2,DTP,3,0,V55555_4,1656246,PLANT03,PORT09,591,654.3173196511817,PLANT03,1013,22
1447229744.7,2016-09-20,PORT04,V444_0,2,DTP,3,0,V55555_4,1656246,PLANT03,PORT09,419,440.9477513865767,PLANT03,1013,15
1447308220.7,2016-09-21,PORT04,V444_0,2,DTP,3,0,V55555_4,1677692,PLANT03,PORT09,449,636.58,PLANT03,1013,22
1447389079.7,2016-09-22,PORT04,V444_0,2,DTP,3,0,V55555_4,1674853,PLANT03,PORT09,245,333.64,PLANT03,1013,12
1447302725.7,2016-09-22,PORT04,V444_0,2,DTP,3,0,V55555_4,1674853,PLANT03,PORT09,527,676.02,PLANT03,1013,23
1447283679.7,2016-09-23,PORT04,V444_0,2,DTP,3,0,V55555_4,1674853,PLANT03,PORT09,601,876.5881008041242,PLANT03,1013,30
1447352377.7,2016-09-24,PORT04,V444_0,2,DTP,3,0,V55555_4,1677692,PLANT03,PORT09,313,313.68,PLANT03,1013,11
1447283095.7,2016-09-25,PORT04,V444_0,2,DTP,3,0,V55555_4,1677692,PLANT03,PORT09,402,421.0717302596625,PLANT03,1013,15
1447183479.7,2016-09-26,PORT04,V444_0,2,DTP,3,0,V55555_4,1673710,PLANT03,PORT09,678,750.65,PLANT03,1013,26
1447174703.7,2016-09-27,PORT04,V444_0,2,DTP,3,0,V55555_4,1673710,PLANT03,PORT09,544,553.2957602191757,PLANT03,1013,19
1447179114.7,2016-09-27,PORT04,V444_0,2,DTP,3,0,V55555_4,1673710,PLANT03,PORT09,215,253.29271660479097,PLANT03,1013,9
1447338568.7,2016-09-28,PORT04,V444_0,2,DTP,3,0,V55555_4,1675746,PLANT03,PORT09,307,372.8267888481495,PLANT03,1013,13
1447158074.7,2016-09-28,PORT04,V444_0,2,DTP,3,0,V55555_4,1689147,PLANT03,PORT09,519,589.71,PLANT03,1013,20
1447391469.7,2016-09-29,PORT04,V444_0,2,DTP,3,0,V55555_4,1689145,PLANT03,PORT09,255,317.9654943795491,PLANT03,1013,11
1447357560.7,2016-09-30,PORT04,V444_0,2,DTP,3,0,V55555_4,1689145,PLANT03,PORT09,390,452.81,PLANT03,1013,16
1447158075.7,2016-10-01,PORT04,V444_0,2,DTP,3,0,V55555_4,1689145,PLANT03,PORT09,220,323.769302858087,PLANT03,1013,11
1447284975.7,2016-10-02,PORT04,V444_0,2,DTP,3,0,V55555_4,1689145,PLANT03,PORT09,325,451.83,PLANT03,1013,16
1447296421.7,2016-10-03,PORT04,V444_0,2,DTP,3,0,V55555_4,1689012,PLANT03,PORT09,247,324.41,PLANT03,1013,11
1447400469.7,2016-10-04,PORT04,V444_0,2,DTP,3,0,V55555_4,1669702,PLANT03,PORT09,339,432.86,PLANT03,1013,15
1447386500.7,2016-10-04,PORT04,V444_0,2,DTP,3,0,V55555_4,1662552,PLANT03,PORT09,457,501.719221249463,PLANT03,1013,17
1447158072.7,2016-10-05,PORT04,V444_0,2,DTP,3,0,V55555_4,1662552,PLANT03,PORT09,433,437.23,PLANT03,1013,15
1447332239.7,2016-10-05,PORT04,V444_0,2,DTP,3,0,V55555_4,1662552,PLANT03,PORT09,536,673.77,PLANT03,1013,23
1447265594.7,2016-10-06,PORT04,V444_0,2,DTP,3,0,V55555_4,1662552,PLANT03,PORT09,212,272.51,PLANT03,1013,10
1447178253.7,2016-10-07,PORT04,V444_0,2,DTP,3,0,V55555_4,1662552,PLANT03,PORT09,514,672.11,PLANT03,1013,23
1447379224.7,2016-10-08,PORT04,V444_0,2,DTP,3,0,V55555_4,1662552,PLANT03,PORT09,626,812.03,PLANT03,1013,28
1447208160.7,2016-10-08,PORT04,V444_0,2,DTP,3,0,V55555_4,1662552,PLANT03,PORT09,333,474.0931214657179,PLANT03,1013,16
1447310431.7,2016-10-09,PORT04,V444_0,2,DTP,3,0,V55555_4,1662552,PLANT03,PORT09,595,720.21,PLANT03,1013,25
1447369958.7,2016-10-10,PORT04,V444_0,2,DTP,3,0,V55555_4,1662552,PLANT03,PORT09,262,288.9923613878886,PLANT03,1013,10
1447361988.7,2016-10-10,PORT04,V444_0,2,DTP,3,0,V55555_4,1652644,PLANT03,PORT09,379,395.68,PLANT03,1013,14
1447213263.7,2016-10-11,PORT04,V444_0,2,DTP,3,0,V55555_4,1652644,PLANT03,PORT09,424,490.4343141632359,PLANT03,1013,17
1447220701.7,2016-10-11,PORT04,V444_0,2,DTP,3,0,V55555_4,1652644,PLANT03,PORT09,387,409.16451546998434,PLANT03,1013,14
1447175219.7,2016-10-12,PORT04,V444_0,2,DTP,3,0,V55555_4,1652644,PLANT03,PORT09,239,270.80592713311563,PLANT03,1013,10
1447350385.7,2016-10-13,PORT04,V444_0,2,DTP,3,0,V55555_4,1644200,PLANT03,PORT09,550,821.45,PLANT03,1013,28
1447317043.7,2016-10-14,PORT04,V444_0,2,DTP,3,0,V55555_4,1644200,PLANT03,PORT09,663,795.1246162704178,PLANT03,1013,27
1447225591.7,2016-10-15,PORT04,V444_0,2,DTP,3,0,V55555_4,1653588,PLANT03,PORT09,462,640.67,PLANT03,1013,22
1447265598.7,2016-10-15,PORT04,V444_0,2,DTP,3,0,V55555_4,1653588,PLANT03,PORT09,425,562.04,PLANT03,1013,19
1447293766.7,2016-10-16,PORT04,V444_0,2,DTP,3,0,V55555_4,1653588,PLANT03,PORT09,689,982.918091143796,PLANT03,1013,33
1447369957.7,2016-10-16,PORT04,V444_0,2,DTP,3,0,V55555_4,1653588,PLANT03,PORT09,422,556.69,PLANT03,1013,19
1447194440.7,2016-10-17,PORT04,V444_0,2,DTP,3,0,V55555_4,1653588,PLANT03,PORT09,608,843.65,PLANT03,1013,29
1447150492.7,2016-10-18,PORT04,V444_0,2,DTP,3,0,V55555_4,1653588,PLANT03,PORT09,446,487.6521199972086,PLANT03,1013,17
1447334670.7,2016-10-19,PORT04,V444_0,2,DTP,3,0,V55555_4,1653588,PLANT03,PORT09,632,846.38,PLANT03,1013,29
1447242501.7,2016-10-20,PORT04,V444_0,2,DTP,3,0,V55555_4,1653588,PLANT03,PORT09,613,694.3184672942253,PLANT03,1013,24
1447407927.7,2016-10-20,PORT04,V444_0,2,DTP,3,0,V55555_4,1653588,PLANT03,PORT09,691,804.58,PLANT03,1013,27
1447357559.7,2016-10-21,PORT04,V444_0,2,DTP,3,0,V55555_4,1677891,PLANT03,PORT09,591,689.35,PLANT03,1013,23
1447373536.7,2016-10-22,PORT04,V444_0,2,DTP,3,0,V55555_4,1677891,PLANT03,PORT09,575,758.27,PLANT03,1013,26
1447305032.7,2016-10-23,PORT04,V444_0,2,DTP,3,0,V55555_4,1677891,PLANT03,PORT09,211,284.4815078568118,PLANT03,1013,10
1447178955.7,2016-10-23,PORT04,V444_0,2,DTP,3,0,V55555_4,1677891,PLANT03,PORT09,371,498.67,PLANT03,1013,17
1447168915.7,2016-10-24,PORT04,V444_0,2,DTP,3,0,V55555_4,1677891,PLANT03,PORT09,584,771.56,PLANT03,1013,26
1447208161.7,2016-10-25,PORT04,V444_0,2,DTP,3,0,V55555_4,1677891,PLANT03,PORT09,542,711.359356554104,PLANT03,1013,24
1447339209.7,2016-10-25,PORT04,V444_0,2,DTP,3,0,V55555_4,1677891,PLANT03,PORT09,636,688.59,PLANT03,1013,23
1447158073.7,2016-10-26,PORT04,V444_0,2,DTP,3,0,V55555_4,1677891,PLANT03,PORT09,379,555.6,PLANT03,1013,19
1447195171.7,2016-10-27,PORT04,V444_0,2,DTP,3,0,V55555_4,1651126,PLANT03,PORT09,659,897.8579345699898,PLANT03,1013,30
1447150985.7,2016-10-28,PORT04,V444_0,2,DTP,3,0,V55555_4,1651126,PLANT03,PORT09,269,314.8074635831405,PLANT03,1013,11
1447325843.7,2016-10-28,PORT04,V444_0,2,DTP,3,0,V55555_4,1651126,PLANT03,PORT09,219,236.6949761774033,PLANT03,1013,8
1447191437.7,2016-10-29,PORT04,V444_0,2,DTP,3,0,V55555_4,1655373,PLANT03,PORT09,301,440.58928447013466,PLANT03,1013,15
1447357561.7,2016-10-30,PORT04,V444_0,2,DTP,3,0,V55555_4,1655373,PLANT03,PORT09,680,990.91560129952,PLANT03,1013,34
1447293765.7,2016-10-31,PORT04,V444_0,2,DTP,3,0,V55555_4,1655373,PLANT03,PORT09,386,505.05,PLANT03,1013,17
1447236714.7,2016-10-31,PORT04,V444_0,2,DTP,3,0,V55555_4,1655373,PLANT03,PORT09,682,906.6994927317472,PLANT03,1013,31
1447325842.7,2016-11-01,PORT04,V444_0,2,DTP,3,0,V55555_4,1655373,PLANT03,PORT09,675,838.684896044906,PLANT03,1013,28
1447325841.7,2016-11-02,PORT04,V444_0,2,DTP,3,0,V55555_4,1655373,PLANT03,PORT09,418,497.83,PLANT03,1013,17
1447237187.7,2016-11-02,PORT04,V444_0,2,DTP,3,0,V55555_4,1652080,PLANT03,PORT09,365,432.1756288740841,PLANT03,1013,15
1447386501.7,2016-11-03,PORT04,V444_0,2,DTP,3,0,V55555_4,1652080,PLANT03,PORT09,377,430.0645635155928,PLANT03,1013,15
1447361987.7,2016-11-04,PORT04,V444_0,2,DTP,3,0,V55555_4,1652080,PLANT03,PORT09,464,469.04,PLANT03,1013,16
1447315897.7,2016-11-05,PORT04,V444_0,2,DTP,3,0,V55555_4,1652080,PLANT03,PORT09,663,854.32,PLANT03,1013,29
1447402642.7,2016-11-05,PORT04,V444_0,2,DTP,3,0,V55555_4,1652080,PLANT03,PORT09,595,657.9857415924348,PLANT03,1013,22
1447292367.7,2016-11-06,PORT04,V444_0,2,DTP,3,0,V55555_4,1652080,PLANT03,PORT09,348,517.8362819695514,PLANT03,1013,18
1447146538.7,2016-11-06,PORT04,V444_0,2,DTP,3,0,V55555_4,1652080,PLANT03,PORT09,371,494.134601723915,PLANT03,1013,17
1447146532.7,2016-11-07,PORT04,V444_0,2,DTP,3,0,V55555_4,1652080,PLANT03,PORT09,549,667.68,PLANT03,1013,23
1447214687.7,2016-11-08,PORT04,V444_0,2,DTP,3,0,V55555_4,1652080,PLANT03,PORT09,337,388.8515259078965,PLANT03,1013,13
1447191440.7,2016-11-08,PORT04,V444_0,2,DTP,3,0,V55555_4,1657063,PLANT03,PORT09,253,292.85,PLANT03,1013,10
1447312660.7,2016-11-09,PORT04,V444_0,2,DTP,3,0,V55555_4,1660563,PLANT03,PORT09,444,634.7269398647737,PLANT03,1013,22
1447310432.7,2016-11-10,PORT04,V444_0,2,DTP,3,0,V55555_4,1660885,PLANT03,PORT09,245,269.64,PLANT03,1013,9
1447234960.7,2016-11-10,PORT04,V444_0,2,DTP,3,0,V55555_4,1660885,PLANT03,PORT09,252,354.29,PLANT03,1013,12
1447191441.7,2016-11-11,PORT04,V444_0,2,DTP,3,0,V55555_4,1660885,PLANT03,PORT09,215,234.14,PLANT03,1013,8
1447158668.7,2016-11-11,PORT04,V444_0,2,DTP,3,0,V55555_4,1660885,PLANT03,PORT09,340,498.16233184326,PLANT03,1013,17
1447281353.7,2016-11-12,PORT04,V444_0,2,DTP,3,0,V55555_4,1660885,PLANT03,PORT09,489,554.09,PLANT03,1013,19
1447146535.7,2016-11-13,PORT04,V444_0,2,DTP,3,0,V55555_4,1660885,PLANT03,PORT09,541,719.56,PLANT03,1013,24
1447174702.7,2016-11-14,PORT04,V444_0,2,DTP,3,0,V55555_4,1668545,PLANT03,PORT09,631,796.0880608321463,PLANT03,1013,27
1447174701.7,2016-11-14,PORT04,V444_0,2,DTP,3,0,V55555_4,1668547,PLANT03,PORT09,552,608.4431974792116,PLANT03,1013,21
1447206338.7,2016-11-15,PORT04,V444_0,2,DTP,3,0,V55555_4,1668547,PLANT03,PORT09,628,731.87,PLANT03,1013,25
1447149329.7,2016-11-15,PORT04,V444_0,2,DTP,3,0,V55555_4,1683200,PLANT03,PORT09,513,701.17,PLANT03,1013,24
1447367893.7,2016-11-16,PORT04,V444_0,2,DTP,3,0,V55555_4,1683200,PLANT03,PORT09,204,285.85090116441177,PLANT03,1013,10
1447220702.7,2016-11-16,PORT04,V444_0,2,DTP,3,0,V55555_4,1683200,PLANT03,PORT09,351,426.9867702468685,PLANT03,1013,15
1447323801.7,2016-11-17,PORT04,V444_0,2,DTP,3,0,V55555_4,1683200,PLANT03,PORT09,593,801.19,PLANT03,1013,27
1447289407.7,2016-11-17,PORT04,V444_0,2,DTP,3,0,V55555_4,1683200,PLANT03,PORT09,672,823.57,PLANT03,1013,28
1447146542.7,2016-11-18,PORT04,V444_0,2,DTP,3,0,V55555_4,1683200,PLANT03,PORT09,606,763.46,PLANT03,1013,26
1447206341.7,2016-11-18,PORT04,V444_0,2,DTP,3,0,V55555_4,1683200,PLANT03,PORT09,269,375.52442046451137,PLANT03,1013,13
1447158070.7,2016-11-19,PORT04,V444_0,2,DTP,3,0,V55555_4,1683200,PLANT03,PORT09,350,373.69829871811993,PLANT03,1013,13
1447206340.7,2016-11-19,PORT04,V444_0,2,DTP,3,0,V55555_4,1683200,PLANT03,PORT09,600,839.9035240960803,PLANT03,1013,28
1447208573.7,2016-11-20,PORT04,V444_0,2,DTP,3,0,V55555_4,1683200,PLANT03,PORT09,308,348.9,PLANT03,1013,12
1447260523.7,2016-11-21,PORT04,V444_0,2,DTP,3,0,V55555_4,1683200,PLANT03,PORT09,302,338.0746090458041,PLANT03,1013,12
1447185793.7,2016-11-21,PORT04,V444_0,2,DTP,3,0,V55555_4,1683203,PLANT03,PORT09,610,755.07,PLANT03,1013,26
1447227077.7,2016-11-22,PORT04,V444_0,2,DTP,3,0,V55555_4,1683203,PLANT03,PORT09,642,943.02,PLANT03,1013,32
1447236715.7,2016-11-23,PORT04,V444_0,2,DTP,3,0,V55555_4,1683203,PLANT03,PORT09,452,557.73,PLANT03,1013,19
1447220703.7,2016-11-23,PORT04,V444_0,2,DTP,3,0,V55555_4,1683199,PLANT03,PORT09,628,929.72,PLANT03,1013,31
1447334669.7,2016-11-24,PORT04,V444_0,2,DTP,3,0,V55555_4,1662317,PLANT03,PORT09,337,435.57,PLANT03,1013,15
1447185211.7,2016-11-25,PORT04,V444_0,2,DTP,3,0,V55555_4,1662317,PLANT03,PORT09,603,678.37,PLANT03,1013,23
1447171066.7,2016-11-26,PORT04,V444_0,2,DTP,3,0,V55555_4,1662317,PLANT03,PORT09,606,811.8118414012553,PLANT03,1013,28
1447281357.7,2016-11-26,PORT04,V444_0,2,DTP,3,0,V55555_4,1662395,PLANT03,PORT09,611,779.7,PLANT03,1013,26
1447229526.7,2016-11-27,PORT04,V444_0,2,DTP,3,0,V55555_4,1662395,PLANT03,PORT09,503,624.04,PLANT03,1013,21
1447366517.7,2016-11-27,PORT04,V444_0,2,DTP,3,0,V55555_4,1662395,PLANT03,PORT09,259,328.14,PLANT03,1013,11
1447293767.7,2016-11-28,PORT04,V444_0,2,DTP,3,0,V55555_4,1662395,PLANT03,PORT09,569,617.44,PLANT03,1013,21
1447251881.7,2016-11-28,PORT04,V444_0,2,DTP,3,0,V55555_4,1662395,PLANT03,PORT09,687,808.9877609428337,PLANT03,1013,27
1447357555.7,2016-11-29,PORT04,V444_0,2,DTP,3,0,V55555_4,1662395,PLANT03,PORT09,457,581.35,PLANT03,1013,20
1447219339.7,2016-11-30,PORT04,V444_0,2,DTP,3,0,V55555_4,1662395,PLANT03,PORT09,361,385.3288341775976,PLANT03,1013,13
1447313947.7,2016-11-30,PORT04,V444_0,2,DTP,3,0,V55555_4,1662395,PLANT03,PORT09,372,429.73,PLANT03,1013,15
1447164848.7,2016-12-01,PORT04,V444_0,2,DTP,3,0,V55555_4,1662395,PLANT03,PORT09,460,533.1986493742668,PLANT03,1013,18
1447185212.7,2016-12-02,PORT04,V444_0,2,DTP,3,0,V55555_4,1662395,PLANT03,PORT09,400,421.65,PLANT03,1013,15
1447164849.7,2016-12-02,PORT04,V444_0,2,DTP,3,0,V55555_4,1662317,PLANT03,PORT09,405,479.63,PLANT03,1013,16
1447207596.7,2016-12-03,PORT04,V444_0,2,DTP,3,0,V55555_4,1662274,PLANT03,PORT09,241,343.9007897932525,PLANT03,1013,12
1447323800.7,2016-12-04,PORT04,V444_0,2,DTP,3,0,V55555_4,1662274,PLANT03,PORT09,564,644.5467011107687,PLANT03,1013,22
1447391773.7,2016-12-05,PORT04,V444_0,2,DTP,3,0,V55555_4,1662274,PLANT03,PORT09,223,226.555154665758,PLANT03,1013,8
1447155338.7,2016-12-06,PORT04,V444_0,2,DTP,3,0,V55555_4,1662274,PLANT03,PORT09,219,240.8860907241141,PLANT03,1013,9
1447163247.7,2016-12-07,PORT04,V444_0,2,DTP,3,0,V55555_4,1663347,PLANT03,PORT09,631,808.6664403729409,PLANT03,1013,27
1447173517.7,2016-12-08,PORT04,V444_0,2,DTP,3,0,V55555_4,1663347,PLANT03,PORT09,272,327.4723500516488,PLANT03,1013,11
1447199223.7,2016-12-09,PORT04,V444_0,2,DTP,0,0,V55555_4,1672091,PLANT03,PORT09,639,863.32,PLANT03,1013,29
1447219392.7,2016-12-10,PORT04,V444_0,2,DTP,0,0,V55555_4,1672091,PLANT03,PORT09,212,212.01,PLANT03,1013,8
1447302726.7,2016-12-11,PORT04,V444_0,2,DTP,3,0,V55555_4,1672110,PLANT03,PORT09,246,303.79,PLANT03,1013,11
1447297175.7,2016-12-12,PORT04,V444_0,2,DTP,3,0,V55555_4,1672110,PLANT03,PORT09,483,599.1567294201882,PLANT03,1013,20
1447346550.7,2016-12-12,PORT04,V444_0,2,DTP,3,0,V55555_4,1672110,PLANT03,PORT09,447,612.12,PLANT03,1013,21
1447413505.7,2016-12-13,PORT04,V444_0,2,DTP,0,0,V55555_4,1672110,PLANT03,PORT09,373,479.41,PLANT03,1013,16
1447297462.7,2016-12-14,PORT04,V444_0,2,DTP,3,0,V55555_4,1672110,PLANT03,PORT09,491,638.1265705292226,PLANT03,1013,22
1447297176.7,2016-12-15,PORT04,V444_0,2,DTP,3,0,V55555_4,1672110,PLANT03,PORT09,568,589.61,PLANT03,1013,20
1447242503.7,2016-12-16,PORT04,V444_0,2,DTP,3,0,V55555_4,1672110,PLANT03,PORT09,285,397.85,PLANT03,1013,14
1447297461.7,2016-12-16,PORT04,V444_0,2,DTP,3,0,V55555_4,1672110,PLANT03,PORT09,524,669.38,PLANT03,1013,23
1447227073.7,2016-12-17,PORT04,V444_0,2,DTP,0,0,V55555_4,1699951,PLANT03,PORT09,554,728.89,PLANT03,1013,25
1447227072.7,2016-12-17,PORT04,V444_0,2,DTP,0,0,V55555_4,1699951,PLANT03,PORT09,685,868.88,PLANT03,1013,29
1447185792.7,2016-12-18,PORT04,V444_0,2,DTP,0,0,V55555_4,1699951,PLANT03,PORT09,637,677.6086629450275,PLANT03,1013,23
1447185791.7,2016-12-18,PORT04,V444_0,2,DTP,0,0,V55555_4,1699951,PLANT03,PORT09,554,662.7297569617382,PLANT03,1013,23
1447179113.7,2016-12-19,PORT04,V444_0,2,DTP,3,0,V55555_4,1699952,PLANT03,PORT09,381,466.99,PLANT03,1013,16
1447183478.7,2016-12-19,PORT04,V444_0,2,DTP,0,0,V55555_4,1699952,PLANT03,PORT09,210,303.48176849691964,PLANT03,1013,11
1447227075.7,2016-12-20,PORT04,V444_0,2,DTP,0,0,V55555_4,1699952,PLANT03,PORT09,608,752.6864341345081,PLANT03,1013,26
1447179112.7,2016-12-21,PORT04,V444_0,2,DTP,3,0,V55555_4,1699952,PLANT03,PORT09,350,429.47,PLANT03,1013,15
1447200252.7,2016-12-21,PORT04,V444_0,2,DTP,3,0,V55555_4,1699952,PLANT03,PORT09,306,329.57,PLANT03,1013,11
1447183477.7,2016-12-22,PORT04,V444_0,2,DTP,0,0,V55555_4,1699952,PLANT03,PORT09,579,615.616034312134,PLANT03,1013,21
1447227074.7,2016-12-22,PORT04,V444_0,2,DTP,0,0,V55555_4,1699952,PLANT03,PORT09,569,766.87,PLANT03,1013,26
1447205183.7,2016-12-23,PORT04,V444_0,2,DTP,3,0,V55555_4,1699953,PLANT03,PORT09,611,761.47,PLANT03,1013,26
1447208669.7,2016-12-23,PORT04,V444_0,2,DTP,3,0,V55555_4,1699953,PLANT03,PORT09,643,703.7215065751989,PLANT03,1013,24
1447174485.7,2016-12-24,PORT04,V444_0,2,DTP,0,0,V55555_4,1699946,PLANT03,PORT09,672,951.7566283808976,PLANT03,1013,32
1447224402.7,2016-12-24,PORT04,V444_0,2,DTP,0,0,V55555_4,1699946,PLANT03,PORT09,478,537.4000427985752,PLANT03,1013,18
1447205182.7,2016-12-25,PORT04,V444_0,2,DTP,3,0,V55555_4,1699946,PLANT03,PORT09,229,266.46682547198645,PLANT03,1013,9
1447161166.7,2016-12-26,PORT04,V444_0,2,DTP,0,0,V55555_4,1699946,PLANT03,PORT09,226,313.558999446561,PLANT03,1013,11
1447174486.7,2016-12-27,PORT04,V444_0,2,DTP,0,0,V55555_4,1699946,PLANT03,PORT09,420,526.46,PLANT03,1013,18
1447183476.7,2016-12-28,PORT04,V444_0,2,DTP,0,0,V55555_4,1699946,PLANT03,PORT09,319,448.3099473347554,PLANT03,1013,15
1447224403.7,2016-12-29,PORT04,V444_0,2,DTP,0,0,V55555_4,1699946,PLANT03,PORT09,375,427.5251472703837,PLANT03,1013,15
1447205222.7,2016-12-30,PORT04,V444_0,2,DTP,3,0,V55555_4,1650571,PLANT03,PORT09,249,287.57,PLANT03,1013,10
1447241607.7,2016-12-30,PORT04,V444_0,2,DTP,3,0,V55555_4,1650571,PLANT03,PORT09,582,647.4476374305804,PLANT03,1013,22
1447225244.7,2016-12-31,PORT04,V444_0,2,DTP,3,0,V55555_4,1654621,PLANT03,PORT09,304,452.43,PLANT03,1013,16
1447306671.7,2016-12-31,PORT04,V444_0,2,DTP,3,0,V55555_4,1650568,PLANT03,PORT09,472,477.5970610321666,PLANT03,1013,16
1447231116.7,2017-01-01,PORT04,V444_0,2,DTP,3,0,V55555_4,1650568,PLANT03,PORT09,683,1005.0,PLANT03,1013,34
1447251021.7,2017-01-02,PORT04,V444_0,2,DTP,3,0,V55555_4,1650568,PLANT03,PORT09,247,351.52,PLANT03,1013,12
1447224401.7,2017-01-03,PORT04,V444_0,2,DTP,3,0,V55555_4,1650568,PLANT03,PORT09,203,286.25973550183147,PLANT03,1013,10
1447231114.7,2017-01-03,PORT04,V444_0,2,DTP,3,0,V55555_4,1650568,PLANT03,PORT09,427,596.78,PLANT03,1013,20
1447183475.7,2017-01-04,PORT04,V444_0,2,DTP,3,0,V55555_4,1650568,PLANT03,PORT09,665,855.7396899937618,PLANT03,1013,29
1447251020.7,2017-01-05,PORT04,V444_0,2,DTP,3,0,V55555_4,1650568,PLANT03,PORT09,640,841.5745612996031,PLANT03,1013,29
1447357558.7,2017-01-05,PORT04,V444_0,2,DTP,3,0,V55555_4,1650568,PLANT03,PORT09,266,391.475938266283,PLANT03,1013,14
1447251019.7,2017-01-06,PORT04,V444_0,2,DTP,3,0,V55555_4,1650568,PLANT03,PORT09,616,768.48,PLANT03,1013,26
1447332238.7,2017-01-06,PORT04,V444_0,2,DTP,3,0,V55555_4,1650568,PLANT03,PORT09,271,279.6834616203509,PLANT03,1013,10
1447273218.7,2017-01-07,PORT04,V444_0,2,DTP,3,0,V55555_4,1650568,PLANT03,PORT09,481,599.69,PLANT03,1013,20
1447281355.7,2017-01-07,PORT04,V444_0,2,DTP,3,0,V55555_4,1677884,PLANT03,PORT09,462,543.1632209052881,PLANT03,1013,19
1447301636.7,2017-01-08,PORT04,V444_0,2,DTP,3,0,V55555_4,1677878,PLANT03,PORT09,295,399.4777972390006,PLANT03,1013,14
1447400468.7,2017-01-08,PORT04,V444_0,2,DTP,3,0,V55555_4,1677878,PLANT03,PORT09,379,493.1109817991933,PLANT03,1013,17
1447284974.7,2017-01-09,PORT04,V444_0,2,DTP,3,0,V55555_4,1677878,PLANT03,PORT09,536,789.9390719965634,PLANT03,1013,27
1447389077.7,2017-01-10,PORT04,V444_0,2,DTP,3,0,V55555_4,1677878,PLANT03,PORT09,345,451.297500860739,PLANT03,1013,16
1447302724.7,2017-01-10,PORT04,V444_0,2,DTP,3,0,V55555_4,1677878,PLANT03,PORT09,204,247.72996445865112,PLANT03,1013,9
1447290118.7,2017-01-11,PORT04,V444_0,2,DTP,3,0,V55555_4,1677878,PLANT03,PORT09,663,913.3051096696336,PLANT03,1013,31
1447327212.7,2017-01-12,PORT04,V444_0,2,DTP,3,0,V55555_4,1677878,PLANT03,PORT09,621,872.4,PLANT03,1013,30
1447168914.7,2017-01-12,PORT04,V444_0,2,DTP,3,0,V55555_4,1677878,PLANT03,PORT09,311,451.94,PLANT03,1013,16
1447286516.7,2017-01-13,PORT04,V444_0,2,DTP,3,0,V55555_4,1677878,PLANT03,PORT09,384,454.86,PLANT03,1013,16
1447296229.7,2017-01-13,PORT04,V444_0,2,DTP,3,0,V55555_4,1622685,PLANT03,PORT09,643,956.7884770800124,PLANT03,1013,32
1447173639.7,2017-01-14,PORT04,V444_0,2,DTP,3,0,V55555_4,1666396,PLANT03,PORT09,626,836.96,PLANT03,1013,28
1447171067.7,2017-01-14,PORT04,V444_0,2,DTP,3,0,V55555_4,1666954,PLANT03,PORT09,288,355.9848111695867,PLANT03,1013,12
1447242500.7,2017-01-15,PORT04,V444_0,2,DTP,3,0,V55555_4,1660153,PLANT03,PORT09,370,481.78,PLANT03,1013,17
1447207598.7,2017-01-15,PORT04,V444_0,2,DTP,3,0,V55555_4,1660153,PLANT03,PORT09,256,339.35,PLANT03,1013,12
1447225590.7,2017-01-16,PORT04,V444_0,2,DTP,3,0,V55555_4,1660153,PLANT03,PORT09,658,772.41,PLANT03,1013,26
1447292175.7,2017-01-16,PORT04,V444_0,2,DTP,3,0,V55555_4,1660153,PLANT03,PORT09,456,523.4,PLANT03,1013,18
1447146541.7,2017-01-17,PORT04,V444_0,2,DTP,3,0,V55555_4,1636782,PLANT03,PORT09,643,831.3660794779113,PLANT03,1013,28
1447402643.7,2017-01-18,PORT04,V444_0,2,DTP,3,0,V55555_4,1636782,PLANT03,PORT09,632,691.6040840174715,PLANT03,1013,24
1447207597.7,2017-01-18,PORT04,V444_0,2,DTP,3,0,V55555_4,1636782,PLANT03,PORT09,224,270.9559159237241,PLANT03,1013,10
1447315898.7,2017-01-19,PORT04,V444_0,2,DTP,3,0,V55555_4,1636782,PLANT03,PORT09,259,324.42,PLANT03,1013,11
1447252645.7,2017-01-19,PORT04,V444_0,2,DTP,0,0,V555555555_14,1643056,PLANT03,PORT09,597,670.22,PLANT03,1013,23
1447159956.7,2017-01-20,PORT04,V444_0,2,DTP,0,0,V555555555_14,1650904,PLANT03,PORT09,375,493.63,PLANT03,1013,17
1447216640.7,2017-01-20,PORT04,V444_0,2,DTP,0,0,V555555555_14,1650904,PLANT03,PORT09,303,435.35552412915706,PLANT03,1013,15
1447394122.7,2017-01-21,PORT04,V444_0,2,DTP,0,0,V555555555_14,1650905,PLANT03,PORT09,595,801.8573875132545,PLANT03,1013,27
1447216598.7,2017-01-21,PORT04,V444_0,2,DTP,0,0,V555555555_14,1650905,PLANT03,PORT09,409,420.5992305013304,PLANT03,1013,15
1447193640.7,2017-01-22,PORT04,V444_0,2,DTP,0,0,V555555555_14,1697444,PLANT03,PORT09,354,528.6,PLANT03,1013,18
1447332586.7,2017-01-23,PORT04,V444_0,2,DTP,0,0,V555555555_14,1697444,PLANT03,PORT09,673,688.83,PLANT03,1013,23
1447357730.7,2017-01-24,PORT04,V444_0,2,DTP,0,0,V555555555_14,1683191,PLANT03,PORT09,266,354.41840583432224,PLANT03,1013,12
1447357728.7,2017-01-24,PORT04,V444_0,2,DTP,0,0,V555555555_14,1683191,PLANT03,PORT09,412,607.52,PLANT03,1013,21
1447371870.7,2017-01-25,PORT04,V444_0,2,DTP,0,0,V555555555_14,1683191,PLANT03,PORT09,384,523.5801352983966,PLANT03,1013,18
1447198332.7,2017-01-26,PORT04,V444_0,2,DTP,0,0,V555555555_14,1683191,PLANT03,PORT09,325,326.5035348958341,PLANT03,1013,11
1447315831.7,2017-01-27,PORT04,V444_0,2,DTP,0,0,V555555555_14,1683191,PLANT03,PORT09,350,353.95,PLANT03,1013,12
1447389450.7,2017-01-27,PORT04,V444_0,2,DTP,0,0,V555555555_14,1668496,PLANT03,PORT09,290,412.0197799890079,PLANT03,1013,14
1447152802.7,2017-01-28,PORT04,V444_0,2,DTP,0,0,V555555555_14,1668496,PLANT03,PORT09,337,339.12226393154845,PLANT03,1013,12
1447214048.7,2017-01-29,PORT04,V444_0,2,DTP,0,0,V555555555_14,1668496,PLANT03,PORT09,604,620.39,PLANT03,1013,21
1447252644.7,2017-01-30,PORT04,V444_0,2,DTP,0,0,V555555555_14,1668496,PLANT03,PORT09,544,734.866108465978,PLANT03,1013,25
1447211352.7,2017-01-30,PORT04,V444_0,2,DTP,0,0,V555555555_14,1670203,PLANT03,PORT09,248,261.68888504699174,PLANT03,1013,9
1447288724.7,2017-01-31,PORT04,V444_0,2,DTP,0,0,V555555555_14,1670203,PLANT03,PORT09,468,607.9746922568286,PLANT03,1013,21
1447152772.7,2017-02-01,PORT04,V444_0,2,DTP,0,0,V555555555_14,1670203,PLANT03,PORT09,333,419.16,PLANT03,1013,14
1447364607.7,2017-02-01,PORT04,V444_0,2,DTP,0,0,V555555555_14,1700118,PLANT03,PORT09,654,855.4621890160478,PLANT03,1013,29
1447364608.7,2017-02-02,PORT04,V444_0,2,DTP,0,0,V555555555_14,1700118,PLANT03,PORT09,613,622.3,PLANT03,1013,21
1447406298.7,2017-02-03,PORT04,V444_0,2,DTP,0,0,V555555555_14,1700118,PLANT03,PORT09,355,454.1704915408071,PLANT03,1013,16
1447364606.7,2017-02-04,PORT04,V444_0,2,DTP,0,0,V555555555_14,1700118,PLANT03,PORT09,409,598.0935197556313,PLANT03,1013,20
1447275699.7,2017-02-05,PORT04,V444_0,2,DTP,0,0,V555555555_14,1697230,PLANT03,PORT09,658,986.8342992877594,PLANT03,1013,33
1447177713.7,2017-02-06,PORT04,V444_0,2,DTP,0,0,V555555555_14,1696756,PLANT03,PORT09,492,663.3236970047444,PLANT03,1013,23
1447390675.7,2017-02-06,PORT04,V444_0,2,DTP,0,0,V555555555_14,1696756,PLANT03,PORT09,637,864.8029378342186,PLANT03,1013,29
1447290158.7,2017-02-07,PORT04,V444_0,2,DTP,0,0,V555555555_14,1696756,PLANT03,PORT09,390,436.31564351584177,PLANT03,1013,15
1447228663.7,2017-02-07,PORT04,V444_0,2,DTP,0,0,V555555555_14,1696756,PLANT03,PORT09,539,542.85,PLANT03,1013,19
1447238421.7,2017-02-08,PORT04,V444_0,2,DTP,0,0,V555555555_14,1696756,PLANT03,PORT09,353,376.77732649850657,PLANT03,1013,13
1447323832.7,2017-02-08,PORT04,V444_0,2,DTP,0,0,V555555555_14,1697230,PLANT03,PORT09,576,705.18,PLANT03,1013,24
1447401807.7,2017-02-09,PORT04,V444_0,2,DTP,0,0,V555555555_14,1696756,PLANT03,PORT09,215,235.31,PLANT03,1013,8
1447406585.7,2017-02-09,PORT04,V444_0,2,DTP,0,0,V555555555_14,1696758,PLANT03,PORT09,259,346.18,PLANT03,1013,12
1447406584.7,2017-02-10,PORT04,V444_0,2,DTP,0,0,V555555555_14,1696758,PLANT03,PORT09,280,418.6246111083005,PLANT03,1013,14
1447368542.7,2017-02-11,PORT04,V444_0,2,DTP,0,0,V555555555_14,1696758,PLANT03,PORT09,604,739.364860386879,PLANT03,1013,25
1447364483.7,2017-02-11,PORT04,V444_0,2,DTP,0,0,V555555555_14,1700121,PLANT03,PORT09,545,766.59,PLANT03,1013,26
1447400659.7,2017-02-12,PORT04,V444_0,2,DTP,0,0,V555555555_14,1700121,PLANT03,PORT09,500,727.32,PLANT03,1013,25
1447364605.7,2017-02-13,PORT04,V444_0,2,DTP,0,0,V555555555_14,1700121,PLANT03,PORT09,215,264.99,PLANT03,1013,9
1447267342.7,2017-02-14,PORT04,V444_0,2,DTP,0,0,V555555555_14,1696754,PLANT03,PORT09,680,750.38,PLANT03,1013,26
1447210179.7,2017-02-14,PORT04,V444_0,2,DTP,0,0,V555555555_14,1696754,PLANT03,PORT09,407,538.3615872949154,PLANT03,1013,18
1447210180.7,2017-02-15,PORT04,V444_0,2,DTP,0,0,V555555555_14,1696754,PLANT03,PORT09,464,550.68,PLANT03,1013,19
1447266987.7,2017-02-16,PORT04,V444_0,2,DTP,0,0,V555555555_14,1696754,PLANT03,PORT09,351,379.1144705175552,PLANT03,1013,13
1447218572.7,2017-02-17,PORT04,V444_0,2,DTP,0,0,V555555555_14,1696754,PLANT03,PORT09,362,381.2526381157291,PLANT03,1013,13
1447228574.7,2017-02-17,PORT04,V444_0,2,DTP,0,0,V555555555_14,1696754,PLANT03,PORT09,437,477.7102156692996,PLANT03,1013,16
1447218545.7,2017-02-18,PORT04,V444_0,2,DTP,0,0,V555555555_14,1696747,PLANT03,PORT09,555,694.1249007333645,PLANT03,1013,24
1447321363.7,2017-02-18,PORT04,V444_0,2,DTP,0,0,V555555555_14,1696747,PLANT03,PORT09,268,290.69,PLANT03,1013,10
1447393091.7,2017-02-19,PORT04,V444_0,2,DTP,0,0,V555555555_14,1696747,PLANT03,PORT09,652,842.3480824192878,PLANT03,1013,29
1447390579.7,2017-02-19,PORT04,V444_0,2,DTP,0,0,V555555555_14,1696747,PLANT03,PORT09,306,452.2710157044447,PLANT03,1013,16
1447210178.7,2017-02-20,PORT04,V444_0,2,DTP,0,0,V555555555_14,1696747,PLANT03,PORT09,450,615.6,PLANT03,1013,21
1447169797.7,2017-02-21,PORT04,V444_0,2,DTP,0,0,V555555555_14,1696747,PLANT03,PORT09,408,485.105544550822,PLANT03,1013,17
1447206385.7,2017-02-21,PORT04,V444_0,2,DTP,0,0,V555555555_14,1696747,PLANT03,PORT09,206,208.61833057349108,PLANT03,1013,7
1447218546.7,2017-02-22,PORT04,V444_0,2,DTP,0,0,V555555555_14,1696747,PLANT03,PORT09,556,573.14,PLANT03,1013,20
1447259850.7,2017-02-23,PORT04,V444_0,2,DTP,0,0,V555555555_14,1696747,PLANT03,PORT09,454,523.17,PLANT03,1013,18
1447265702.7,2017-02-23,PORT04,V444_0,2,DTP,0,0,V555555555_14,1696747,PLANT03,PORT09,644,704.8635650443721,PLANT03,1013,24
1447326051.7,2017-02-24,PORT04,V444_0,2,DTP,0,0,V555555555_14,1696747,PLANT03,PORT09,681,861.2728696543047,PLANT03,1013,29
1447259849.7,2017-02-24,PORT04,V444_0,2,DTP,0,0,V555555555_14,1696747,PLANT03,PORT09,689,858.03,PLANT03,1013,29
1447323778.7,2017-02-25,PORT04,V444_0,2,DTP,0,0,V555555555_14,1696746,PLANT03,PORT09,290,331.2684883612257,PLANT03,1013,12
1447424606.7,2017-02-25,PORT04,V444_0,2,DTP,0,0,V555555555_14,1696746,PLANT03,PORT09,276,398.9337301484666,PLANT03,1013,14
1447302789.7,2017-02-26,PORT04,V444_0,2,DTP,0,0,V555555555_14,1696746,PLANT03,PORT09,512,754.9617647732279,PLANT03,1013,26
1447218542.7,2017-02-27,PORT04,V444_0,2,DTP,0,0,V555555555_14,1696746,PLANT03,PORT09,379,447.81,PLANT03,1013,15
1447300380.7,2017-02-27,PORT04,V444_0,2,DTP,0,0,V555555555_14,1696746,PLANT03,PORT09,631,637.6,PLANT03,1013,22
1447300382.7,2017-02-28,PORT04,V444_0,2,DTP,0,0,V555555555_14,1696746,PLANT03,PORT09,454,590.7733770584325,PLANT03,1013,20
1447424605.7,2017-02-28,PORT04,V444_0,2,DTP,0,0,V555555555_14,1696746,PLANT03,PORT09,420,459.2139287604479,PLANT03,1013,16
1447218540.7,2017-03-01,PORT04,V444_0,2,DTP,0,0,V555555555_14,1696746,PLANT03,PORT09,419,517.2681412763317,PLANT03,1013,18
1447300172.7,2017-03-02,PORT04,V444_0,2,DTP,0,0,V555555555_14,1696746,PLANT03,PORT09,588,630.8148491264827,PLANT03,1013,22
1447300177.7,2017-03-03,PORT04,V444_0,2,DTP,0,0,V555555555_14,1696746,PLANT03,PORT09,531,784.4058629834684,PLANT03,1013,27
1447287556.7,2017-03-03,PORT04,V444_0,2,DTP,0,0,V555555555_14,1696746,PLANT03,PORT09,650,759.8323105897194,PLANT03,1013,26
1447278856.7,2017-03-04,PORT04,V444_0,2,DTP,0,0,V555555555_14,1696746,PLANT03,PORT09,265,297.92,PLANT03,1013,10
1447300175.7,2017-03-04,PORT04,V444_0,2,DTP,0,0,V555555555_14,1696746,PLANT03,PORT09,667,835.34,PLANT03,1013,28
1447218541.7,2017-03-05,PORT04,V444_0,2,DTP,0,0,V555555555_14,1696746,PLANT03,PORT09,513,726.607831717475,PLANT03,1013,25
1447177712.7,2017-03-06,PORT04,V444_0,2,DTP,0,0,V555555555_14,1696746,PLANT03,PORT09,467,591.6954750448316,PLANT03,1013,20
1447243689.7,2017-03-07,PORT04,V444_0,2,DTP,0,0,V555555555_14,1696746,PLANT03,PORT09,673,881.91,PLANT03,1013,30
1447218547.7,2017-03-07,PORT04,V444_0,2,DTP,0,0,V555555555_14,1696746,PLANT03,PORT09,367,456.8393239105992,PLANT03,1013,16
1447283870.7,2017-03-08,PORT04,V444_0,2,DTP,0,0,V555555555_14,1696746,PLANT03,PORT09,210,226.3674732406296,PLANT03,1013,8
1447337715.7,2017-03-09,PORT04,V444_0,2,DTP,0,0,V555555555_14,1696746,PLANT03,PORT09,471,554.0,PLANT03,1013,19
1447300171.7,2017-03-09,PORT04,V444_0,2,DTP,0,0,V555555555_14,1696746,PLANT03,PORT09,630,863.9887729992328,PLANT03,1013,29
1447210181.7,2017-03-10,PORT04,V444_0,2,DTP,0,0,V555555555_14,1696746,PLANT03,PORT09,261,296.79,PLANT03,1013,10
1447337708.7,2017-03-10,PORT04,V444_0,2,DTP,0,0,V555555555_14,1696746,PLANT03,PORT09,496,499.5221347303497,PLANT03,1013,17
1447177717.7,2017-03-11,PORT04,V444_0,2,DTP,0,0,V555555555_14,1696746,PLANT03,PORT09,259,282.39480982080653,PLANT03,1013,10
1447321412.7,2017-03-11,PORT04,V444_0,2,DTP,0,0,V555555555_14,1695139,PLANT03,PORT09,477,659.97,PLANT03,1013,22
1447369017.7,2017-03-12,PORT04,V444_0,2,DTP,0,0,V555555555_14,1695139,PLANT03,PORT09,367,408.23,PLANT03,1013,14
1447328781.7,2017-03-12,PORT04,V444_0,2,DTP,0,0,V555555555_14,1695139,PLANT03,PORT09,557,630.2244029655529,PLANT03,1013,22
1447271616.7,2017-03-13,PORT04,V444_0,2,DTP,0,0,V555555555_14,1695139,PLANT03,PORT09,348,407.7020998565597,PLANT03,1013,14
1447336314.7,2017-03-13,PORT04,V444_0,2,DTP,0,0,V555555555_14,1676565,PLANT03,PORT09,340,494.61,PLANT03,1013,17
1447358448.7,2017-03-14,PORT04,V444_0,2,DTP,0,0,V555555555_14,1676565,PLANT03,PORT09,580,646.0745245421851,PLANT03,1013,22
1447288338.7,2017-03-14,PORT04,V444_0,2,DTP,6,6,V555555555_14,1676565,PLANT03,PORT09,624,865.47,PLANT03,1013,29
1447402063.7,2017-03-15,PORT04,V444_0,2,DTP,0,0,V555555555_14,1676853,PLANT03,PORT09,251,276.77,PLANT03,1013,10
1447175821.7,2017-03-16,PORT04,V444_0,2,DTP,0,0,V555555555_14,1676853,PLANT03,PORT09,244,274.05,PLANT03,1013,10
1447206586.7,2017-03-17,PORT04,V444_0,2,DTP,0,0,V555555555_14,1676853,PLANT03,PORT09,226,337.04,PLANT03,1013,12
1447250246.7,2017-03-18,PORT04,V444_0,2,DTP,0,0,V555555555_14,1676853,PLANT03,PORT09,261,383.51,PLANT03,1013,13
1447303420.7,2017-03-18,PORT04,V444_0,2,DTP,0,0,V555555555_14,1676853,PLANT03,PORT09,238,288.34598721278144,PLANT03,1013,10
1447216728.7,2017-03-19,PORT04,V444_0,2,DTP,0,0,V555555555_14,1676853,PLANT03,PORT09,375,547.096391778816,PLANT03,1013,19
1447358503.7,2017-03-20,PORT04,V444_0,2,DTP,0,0,V555555555_14,1676853,PLANT03,PORT09,362,507.3369005006506,PLANT03,1013,17
1447159864.7,2017-03-20,PORT04,V444_0,2,DTP,0,0,V555555555_14,1676853,PLANT03,PORT09,536,548.7522956023581,PLANT03,1013,19
1447405365.7,2017-03-21,PORT04,V444_0,2,DTP,0,0,V555555555_14,1680210,PLANT03,PORT09,263,354.43908397124085,PLANT03,1013,12
1447405364.7,2017-03-22,PORT04,V444_0,2,DTP,0,0,V555555555_14,1680210,PLANT03,PORT09,244,278.9140662373447,PLANT03,1013,10
1447159960.7,2017-03-23,PORT04,V444_0,2,DTP,0,0,V555555555_14,1680210,PLANT03,PORT09,621,626.7518810796194,PLANT03,1013,21
1447369539.7,2017-03-24,PORT04,V444_0,2,DTP,0,0,V555555555_14,1680210,PLANT03,PORT09,618,767.43,PLANT03,1013,26
1447244450.7,2017-03-24,PORT04,V444_0,2,DTP,0,0,V555555555_14,1680210,PLANT03,PORT09,401,419.74,PLANT03,1013,14
1447203016.7,2017-03-25,PORT04,V444_0,2,DTP,0,0,V555555555_14,1694720,PLANT03,PORT09,348,420.44,PLANT03,1013,15
1447281470.7,2017-03-25,PORT04,V444_0,2,DTP,0,0,V555555555_14,1694720,PLANT03,PORT09,228,295.24112096613214,PLANT03,1013,10
1447219196.7,2017-03-26,PORT04,V444_0,2,DTP,0,0,V555555555_14,1694720,PLANT03,PORT09,552,596.6831883744509,PLANT03,1013,20
1447227171.7,2017-03-27,PORT04,V444_0,2,DTP,0,0,V555555555_14,1694720,PLANT03,PORT09,662,833.94,PLANT03,1013,28
1447258854.7,2017-03-27,PORT04,V444_0,2,DTP,0,0,V555555555_14,1694720,PLANT03,PORT09,433,628.31,PLANT03,1013,21
1447194887.7,2017-03-28,PORT04,V444_0,2,DTP,0,0,V555555555_14,1694720,PLANT03,PORT09,521,591.4512313153066,PLANT03,1013,20
1447385440.7,2017-03-29,PORT04,V444_0,2,DTP,0,0,V555555555_14,1694720,PLANT03,PORT09,586,597.501144549803,PLANT03,1013,20
1447326070.7,2017-03-29,PORT04,V444_0,2,DTP,0,0,V555555555_14,1694720,PLANT03,PORT09,405,416.3956850925263,PLANT03,1013,14
1447149381.7,2017-03-30,PORT04,V444_0,2,DTP,0,0,V555555555_14,1694720,PLANT03,PORT09,515,616.12,PLANT03,1013,21
1447203017.7,2017-03-31,PORT04,V444_0,2,DTP,0,0,V555555555_14,1694720,PLANT03,PORT09,692,929.25,PLANT03,1013,31
1447216711.7,2017-03-31,PORT04,V444_0,2,DTP,0,0,V555555555_14,1700097,PLANT03,PORT09,669,802.18,PLANT03,1013,27
1447303090.7,2017-04-01,PORT04,V444_0,2,DTP,0,0,V555555555_14,1700094,PLANT03,PORT09,307,317.55,PLANT03,1013,11
1447402083.7,2017-04-02,PORT04,V444_0,2,DTP,0,0,V555555555_14,1700097,PLANT03,PORT09,294,368.72181905867416,PLANT03,1013,13
1447323838.7,2017-04-02,PORT04,V444_0,2,DTP,0,0,V555555555_14,1700097,PLANT03,PORT09,597,841.73,PLANT03,1013,29
1447165146.7,2017-04-03,PORT04,V444_0,2,DTP,0,0,V555555555_14,1700097,PLANT03,PORT09,673,769.0791866322118,PLANT03,1013,26
1447165148.7,2017-04-03,PORT04,V444_0,2,DTP,0,0,V555555555_14,1700097,PLANT03,PORT09,586,588.950842505859,PLANT03,1013,20
1447206538.7,2017-04-04,PORT04,V444_0,2,DTP,0,0,V555555555_14,1700097,PLANT03,PORT09,213,283.2709197468466,PLANT03,1013,10
1447402084.7,2017-04-05,PORT04,V444_0,2,DTP,0,0,V555555555_14,1700097,PLANT03,PORT09,412,454.62,PLANT03,1013,16
1447206541.7,2017-04-05,PORT04,V444_0,2,DTP,0,0,V555555555_14,1700097,PLANT03,PORT09,651,893.01,PLANT03,1013,30
1447265688.7,2017-04-06,PORT04,V444_0,2,DTP,0,0,V555555555_14,1651299,PLANT03,PORT09,694,964.9142573199484,PLANT03,1013,33
1447166586.7,2017-04-06,PORT04,V444_0,2,DTP,0,0,V555555555_14,1651299,PLANT03,PORT09,251,335.32,PLANT03,1013,12
1447336324.7,2017-04-07,PORT04,V444_0,2,DTP,0,0,V555555555_14,1651299,PLANT03,PORT09,285,422.63,PLANT03,1013,15
1447160018.7,2017-04-07,PORT04,V444_0,2,DTP,0,0,V555555555_14,1651299,PLANT03,PORT09,437,514.01,PLANT03,1013,18
1447238311.7,2017-04-08,PORT04,V444_0,2,DTP,0,0,V555555555_14,1651299,PLANT03,PORT09,285,407.5023405424727,PLANT03,1013,14
1447216659.7,2017-04-08,PORT04,V444_0,2,DTP,0,0,V555555555_14,1651299,PLANT03,PORT09,303,325.2404472107305,PLANT03,1013,11
1447404918.7,2017-04-09,PORT04,V444_0,2,DTP,0,0,V555555555_14,1651299,PLANT03,PORT09,540,738.1517501428901,PLANT03,1013,25
1447298099.7,2017-04-09,PORT04,V444_0,2,DTP,6,6,V555555555_14,1683634,PLANT03,PORT09,480,652.43,PLANT03,1013,22
1447371635.7,2017-04-10,PORT04,V444_0,2,DTP,0,0,V555555555_14,1683634,PLANT03,PORT09,529,717.88,PLANT03,1013,24
1447340775.7,2017-04-11,PORT04,V444_0,2,DTP,0,0,V555555555_14,1683634,PLANT03,PORT09,396,587.3,PLANT03,1013,20
1447169613.7,2017-04-11,PORT04,V444_0,2,DTP,0,0,V555555555_14,1689147,PLANT03,PORT09,512,659.271576282816,PLANT03,1013,22
1447288045.7,2017-04-12,PORT04,V444_0,2,DTP,0,0,V555555555_14,1689147,PLANT03,PORT09,467,529.64,PLANT03,1013,18
1447169614.7,2017-04-12,PORT04,V444_0,2,DTP,0,0,V555555555_14,1689147,PLANT03,PORT09,647,900.28,PLANT03,1013,31
1447288044.7,2017-04-13,PORT04,V444_0,2,DTP,0,0,V555555555_14,1689147,PLANT03,PORT09,279,374.74814161772576,PLANT03,1013,13
1447336326.7,2017-04-13,PORT04,V444_0,2,DTP,0,0,V555555555_14,1689147,PLANT03,PORT09,454,543.75,PLANT03,1013,19
1447405437.7,2017-04-14,PORT04,V444_0,2,DTP,0,0,V555555555_14,1689147,PLANT03,PORT09,523,642.63,PLANT03,1013,22
1447405425.7,2017-04-14,PORT04,V444_0,2,DTP,0,0,V555555555_14,1689145,PLANT03,PORT09,444,502.91,PLANT03,1013,17
1447265687.7,2017-04-15,PORT04,V444_0,2,DTP,0,0,V555555555_14,1689145,PLANT03,PORT09,533,614.760676448842,PLANT03,1013,21
1447270172.7,2017-04-15,PORT04,V444_0,2,DTP,0,0,V555555555_14,1689147,PLANT03,PORT09,398,565.44,PLANT03,1013,19
1447153542.7,2017-04-16,PORT04,V444_0,2,DTP,0,0,V555555555_14,1689147,PLANT03,PORT09,426,592.05,PLANT03,1013,20
1447379244.7,2017-04-16,PORT04,V444_0,2,DTP,0,0,V555555555_14,1669702,PLANT03,PORT09,557,632.0529789621418,PLANT03,1013,22
1447175679.7,2017-04-17,PORT04,V444_0,2,DTP,0,0,V555555555_14,1669702,PLANT03,PORT09,216,237.32,PLANT03,1013,8
1447281453.7,2017-04-18,PORT04,V444_0,2,DTP,0,0,V555555555_14,1669702,PLANT03,PORT09,258,276.95,PLANT03,1013,10
1447159958.7,2017-04-19,PORT04,V444_0,2,DTP,0,0,V555555555_14,1662552,PLANT03,PORT09,598,862.4870241304204,PLANT03,1013,29
1447357760.7,2017-04-20,PORT04,V444_0,2,DTP,0,0,V555555555_14,1662552,PLANT03,PORT09,679,937.32,PLANT03,1013,32
1447293741.7,2017-04-21,PORT04,V444_0,2,DTP,0,0,V555555555_14,1662552,PLANT03,PORT09,271,374.79650938486463,PLANT03,1013,13
1447250681.7,2017-04-22,PORT04,V444_0,2,DTP,0,0,V555555555_14,1662552,PLANT03,PORT09,316,382.58,PLANT03,1013,13
1447357762.7,2017-04-23,PORT04,V444_0,2,DTP,0,0,V555555555_14,1687346,PLANT03,PORT09,409,518.92,PLANT03,1013,18
1447315619.7,2017-04-24,PORT04,V444_0,2,DTP,0,0,V555555555_14,1687346,PLANT03,PORT09,578,608.8,PLANT03,1013,21
1447175817.7,2017-04-25,PORT04,V444_0,2,DTP,0,0,V555555555_14,1689469,PLANT03,PORT09,513,623.7184440982938,PLANT03,1013,21
1447172946.7,2017-04-26,PORT04,V444_0,2,DTP,0,0,V555555555_14,1689469,PLANT03,PORT09,603,801.65,PLANT03,1013,27
1447172852.7,2017-04-26,PORT04,V444_0,2,DTP,0,0,V555555555_14,1689469,PLANT03,PORT09,655,819.4481124011469,PLANT03,1013,28
1447312173.7,2017-04-27,PORT04,V444_0,2,DTP,0,0,V555555555_14,1689469,PLANT03,PORT09,539,678.4396476078284,PLANT03,1013,23
1447154436.7,2017-04-28,PORT04,V444_0,2,DTP,0,0,V555555555_14,1689469,PLANT03,PORT09,464,583.26,PLANT03,1013,20
1447172851.7,2017-04-29,PORT04,V444_0,2,DTP,0,0,V555555555_14,1689469,PLANT03,PORT09,448,521.3466861017109,PLANT03,1013,18
1447304686.7,2017-04-30,PORT04,V444_0,2,DTP,0,0,V555555555_14,1689469,PLANT03,PORT09,533,739.85,PLANT03,1013,25
1447149309.7,2017-05-01,PORT04,V444_0,2,DTP,0,0,V555555555_14,1689469,PLANT03,PORT09,661,761.9192370775446,PLANT03,1013,26
1447357775.7,2017-05-01,PORT04,V444_0,2,DTP,0,0,V555555555_14,1689469,PLANT03,PORT09,682,933.93,PLANT03,1013,32
1447304685.7,2017-05-02,PORT04,V444_0,2,DTP,0,0,V555555555_14,1689469,PLANT03,PORT09,697,882.9560209434774,PLANT03,1013,30
1447214050.7,2017-05-02,PORT04,V444_0,2,DTP,0,0,V555555555_14,1689469,PLANT03,PORT09,341,346.4666897203102,PLANT03,1013,12
1447214067.7,2017-05-03,PORT04,V444_0,2,DTP,0,0,V555555555_14,1689469,PLANT03,PORT09,305,438.87,PLANT03,1013,15
1447172850.7,2017-05-03,PORT04,V444_0,2,DTP,0,0,V555555555_14,1689469,PLANT03,PORT09,352,433.0279669188071,PLANT03,1013,15
1447388775.7,2017-05-04,PORT04,V444_0,2,DTP,0,0,V555555555_14,1687346,PLANT03,PORT09,278,366.46,PLANT03,1013,13
1447369508.7,2017-05-04,PORT04,V444_0,2,DTP,0,0,V555555555_14,1689469,PLANT03,PORT09,581,719.11,PLANT03,1013,24
1447369507.7,2017-05-05,PORT04,V444_0,2,DTP,0,0,V555555555_14,1689469,PLANT03,PORT09,315,453.94,PLANT03,1013,16
1447315618.7,2017-05-06,PORT04,V444_0,2,DTP,0,0,V555555555_14,1687346,PLANT03,PORT09,215,254.1715283400269,PLANT03,1013,9
1447332526.7,2017-05-07,PORT04,V444_0,2,DTP,0,0,V555555555_14,1689469,PLANT03,PORT09,302,410.54,PLANT03,1013,14
1447159869.7,2017-05-08,PORT04,V444_0,2,DTP,0,0,V555555555_14,1687346,PLANT03,PORT09,572,586.3063683381356,PLANT03,1013,20
1447315628.7,2017-05-08,PORT04,V444_0,2,DTP,0,0,V555555555_14,1689469,PLANT03,PORT09,599,672.36,PLANT03,1013,23
1447315627.7,2017-05-09,PORT04,V444_0,2,DTP,0,0,V555555555_14,1689469,PLANT03,PORT09,535,764.78,PLANT03,1013,26
1447214051.7,2017-05-09,PORT04,V444_0,2,DTP,0,0,V555555555_14,1689469,PLANT03,PORT09,635,896.41,PLANT03,1013,30
1447321351.7,2017-05-10,PORT04,V444_0,2,DTP,0,0,V555555555_14,1669409,PLANT03,PORT09,520,731.953658167069,PLANT03,1013,25
1447320026.7,2017-05-10,PORT04,V444_0,2,DTP,0,0,V555555555_14,1669409,PLANT03,PORT09,382,494.9,PLANT03,1013,17
1447172945.7,2017-05-11,PORT04,V444_0,2,DTP,0,0,V555555555_14,1669409,PLANT03,PORT09,656,975.109359719164,PLANT03,1013,33
1447321350.7,2017-05-12,PORT04,V444_0,2,DTP,0,0,V555555555_14,1669409,PLANT03,PORT09,245,350.7210254581599,PLANT03,1013,12
1447350617.7,2017-05-13,PORT04,V444_0,2,DTP,0,0,V555555555_14,1669409,PLANT03,PORT09,329,421.2087234725588,PLANT03,1013,15
1447153543.7,2017-05-13,PORT04,V444_0,2,DTP,0,0,V555555555_14,1669409,PLANT03,PORT09,653,783.7049640320969,PLANT03,1013,27
1447185859.7,2017-05-14,PORT04,V444_0,2,DTP,0,0,V555555555_14,1668421,PLANT03,PORT09,688,916.94,PLANT03,1013,31
1447172947.7,2017-05-14,PORT04,V444_0,2,DTP,0,0,V555555555_14,1656839,PLANT03,PORT09,302,302.7588510081621,PLANT03,1013,11
1447214068.7,2017-05-15,PORT04,V444_0,2,DTP,0,0,V555555555_14,1656839,PLANT03,PORT09,430,625.8215508755067,PLANT03,1013,21
1447288745.7,2017-05-15,PORT04,V444_0,2,DTP,0,0,V555555555_14,1656839,PLANT03,PORT09,547,603.14,PLANT03,1013,21
1447193509.7,2017-05-16,PORT04,V444_0,2,DTP,0,0,V555555555_14,1660885,PLANT03,PORT09,487,528.8471477842382,PLANT03,1013,18
1447287921.7,2017-05-16,PORT04,V444_0,2,DTP,0,0,V555555555_14,1660885,PLANT03,PORT09,414,426.04072605523146,PLANT03,1013,15
1447249174.7,2017-05-17,PORT04,V444_0,2,DTP,0,0,V555555555_14,1660885,PLANT03,PORT09,543,693.6300348713768,PLANT03,1013,24
1447159963.7,2017-05-18,PORT04,V444_0,2,DTP,0,0,V555555555_14,1660885,PLANT03,PORT09,301,356.0,PLANT03,1013,12
1447329439.7,2017-05-18,PORT04,V444_0,2,DTP,0,0,V555555555_14,1660885,PLANT03,PORT09,495,671.7476684165327,PLANT03,1013,23
1447288743.7,2017-05-19,PORT04,V444_0,2,DTP,0,0,V555555555_14,1660885,PLANT03,PORT09,571,622.5,PLANT03,1013,21
1447193639.7,2017-05-20,PORT04,V444_0,2,DTP,0,0,V555555555_14,1657064,PLANT03,PORT09,260,286.05,PLANT03,1013,10
1447152803.7,2017-05-20,PORT04,V444_0,2,DTP,0,0,V555555555_14,1657064,PLANT03,PORT09,610,829.27,PLANT03,1013,28
1447303433.7,2017-05-21,PORT04,V444_0,2,DTP,0,0,V555555555_14,1668550,PLANT03,PORT09,276,375.05,PLANT03,1013,13
1447357777.7,2017-05-21,PORT04,V444_0,2,DTP,0,0,V555555555_14,1668550,PLANT03,PORT09,227,324.86,PLANT03,1013,11
1447196675.7,2017-05-22,PORT04,V444_0,2,DTP,0,0,V555555555_14,1668550,PLANT03,PORT09,374,462.5574962334589,PLANT03,1013,16
1447265728.7,2017-05-23,PORT04,V444_0,2,DTP,0,0,V555555555_14,1668550,PLANT03,PORT09,384,449.96,PLANT03,1013,15
1447303432.7,2017-05-23,PORT04,V444_0,2,DTP,0,0,V555555555_14,1668550,PLANT03,PORT09,256,256.0308319382869,PLANT03,1013,9
1447290145.7,2017-05-24,PORT04,V444_0,2,DTP,0,0,V555555555_14,1668550,PLANT03,PORT09,679,790.41,PLANT03,1013,27
1447375287.7,2017-05-24,PORT04,V444_0,2,DTP,0,0,V555555555_14,1668550,PLANT03,PORT09,365,502.64721651129264,PLANT03,1013,17
1447369505.7,2017-05-25,PORT04,V444_0,2,DTP,0,0,V555555555_14,1668550,PLANT03,PORT09,681,770.88,PLANT03,1013,26
1447206585.7,2017-05-25,PORT04,V444_0,2,DTP,0,0,V555555555_14,1668550,PLANT03,PORT09,451,457.66171392189176,PLANT03,1013,16
1447402055.7,2017-05-26,PORT04,V444_0,2,DTP,0,0,V555555555_14,1668550,PLANT03,PORT09,404,579.72,PLANT03,1013,20
1447244429.7,2017-05-26,PORT04,V444_0,2,DTP,0,0,V555555555_14,1668550,PLANT03,PORT09,452,595.9488943980024,PLANT03,1013,20
1447266961.7,2017-05-27,PORT04,V444_0,2,DTP,0,0,V555555555_14,1668550,PLANT03,PORT09,355,469.87,PLANT03,1013,16
1447357776.7,2017-05-27,PORT04,V444_0,2,DTP,0,0,V555555555_14,1668550,PLANT03,PORT09,247,357.34,PLANT03,1013,12
1447320238.7,2017-05-28,PORT04,V444_0,2,DTP,0,0,V555555555_14,1668550,PLANT03,PORT09,558,621.4580628840791,PLANT03,1013,21
1447401985.7,2017-05-29,PORT04,V444_0,2,DTP,0,0,V555555555_14,1668545,PLANT03,PORT09,670,706.3834797860751,PLANT03,1013,24
1447159850.7,2017-05-30,PORT04,V444_0,2,DTP,0,0,V555555555_14,1668545,PLANT03,PORT09,279,400.99,PLANT03,1013,14
1447334362.7,2017-05-31,PORT04,V444_0,2,DTP,0,0,V555555555_14,1668545,PLANT03,PORT09,595,611.0347413921521,PLANT03,1013,21
1447401987.7,2017-06-01,PORT04,V444_0,2,DTP,0,0,V555555555_14,1668547,PLANT03,PORT09,468,535.7084639920057,PLANT03,1013,18
1447159893.7,2017-06-01,PORT04,V444_0,2,DTP,0,0,V555555555_14,1668547,PLANT03,PORT09,252,268.98,PLANT03,1013,9
1447175816.7,2017-06-02,PORT04,V444_0,2,DTP,0,0,V555555555_14,1668547,PLANT03,PORT09,585,751.48,PLANT03,1013,26
1447265646.7,2017-06-02,PORT04,V444_0,2,DTP,0,0,V555555555_14,1668547,PLANT03,PORT09,378,451.16766619554704,PLANT03,1013,16
1447216668.7,2017-06-03,PORT04,V444_0,2,DTP,0,0,V555555555_14,1668547,PLANT03,PORT09,575,675.47,PLANT03,1013,23
1447266941.7,2017-06-03,PORT04,V444_0,2,DTP,0,0,V555555555_14,1668547,PLANT03,PORT09,644,902.12,PLANT03,1013,31
1447258855.7,2017-06-04,PORT04,V444_0,2,DTP,0,0,V555555555_14,1668547,PLANT03,PORT09,692,964.19,PLANT03,1013,33
1447196779.7,2017-06-05,PORT04,V444_0,2,DTP,0,0,V555555555_14,1668547,PLANT03,PORT09,265,265.0245383766462,PLANT03,1013,9
1447238358.7,2017-06-05,PORT04,V444_0,2,DTP,0,0,V555555555_14,1668547,PLANT03,PORT09,316,429.0499408301383,PLANT03,1013,15
1447334396.7,2017-06-06,PORT04,V444_0,2,DTP,0,0,V555555555_14,1668547,PLANT03,PORT09,629,671.7361942151283,PLANT03,1013,23
1447238360.7,2017-06-07,PORT04,V444_0,2,DTP,0,0,V555555555_14,1668547,PLANT03,PORT09,258,381.451938184287,PLANT03,1013,13
1447369503.7,2017-06-08,PORT04,V444_0,2,DTP,0,0,V555555555_14,1668547,PLANT03,PORT09,398,435.0627427216551,PLANT03,1013,15
1447288744.7,2017-06-09,PORT04,V444_0,2,DTP,0,0,V555555555_14,1683197,PLANT03,PORT09,669,986.98,PLANT03,1013,33
1447394185.7,2017-06-10,PORT04,V444_0,2,DTP,0,0,V555555555_14,1683200,PLANT03,PORT09,479,623.4964729718814,PLANT03,1013,21
1447396988.7,2017-06-10,PORT04,V444_0,2,DTP,0,0,V555555555_14,1683200,PLANT03,PORT09,622,918.43,PLANT03,1013,31
1447401808.7,2017-06-11,PORT04,V444_0,2,DTP,0,0,V555555555_14,1683200,PLANT03,PORT09,615,762.36,PLANT03,1013,26
1447329163.7,2017-06-12,PORT04,V444_0,2,DTP,0,0,V555555555_14,1683203,PLANT03,PORT09,373,387.85,PLANT03,1013,13
1447291530.7,2017-06-12,PORT04,V444_0,2,DTP,0,0,V555555555_14,1696488,PLANT03,PORT09,344,425.03,PLANT03,1013,15
1447163013.7,2017-06-13,PORT04,V444_0,2,DTP,0,0,V555555555_14,1696488,PLANT03,PORT09,472,674.41,PLANT03,1013,23
1447291532.7,2017-06-13,PORT04,V444_0,2,DTP,0,0,V555555555_14,1696482,PLANT03,PORT09,505,614.9550450806746,PLANT03,1013,21
1447325207.7,2017-06-14,PORT04,V444_0,2,DTP,0,0,V555555555_14,1696482,PLANT03,PORT09,382,523.8481972633765,PLANT03,1013,18
1447163014.7,2017-06-15,PORT04,V444_0,2,DTP,0,0,V555555555_14,1696482,PLANT03,PORT09,213,293.0,PLANT03,1013,10
1447149341.7,2017-06-15,PORT04,V444_0,2,DTP,0,0,V555555555_14,1696482,PLANT03,PORT09,693,704.13,PLANT03,1013,24
1447159919.7,2017-06-16,PORT04,V444_0,2,DTP,0,0,V555555555_14,1696482,PLANT03,PORT09,267,368.39,PLANT03,1013,13
1447149340.7,2017-06-16,PORT04,V444_0,2,DTP,0,0,V555555555_14,1696482,PLANT03,PORT09,331,429.95426921958153,PLANT03,1013,15
1447159920.7,2017-06-17,PORT04,V444_0,2,DTP,0,0,V555555555_14,1696482,PLANT03,PORT09,466,611.531159604196,PLANT03,1013,21
1447146800.7,2017-06-17,PORT04,V444_0,2,DTP,0,0,V555555555_14,1696482,PLANT03,PORT09,255,285.6161441075688,PLANT03,1013,10
1447405426.7,2017-06-18,PORT04,V444_0,2,DTP,0,0,V555555555_14,1696482,PLANT03,PORT09,593,645.4933368276699,PLANT03,1013,22
1447291531.7,2017-06-18,PORT04,V444_0,2,DTP,0,0,V555555555_14,1696482,PLANT03,PORT09,207,268.2305299218825,PLANT03,1013,9
1447369194.7,2017-06-19,PORT04,V444_0,2,DTP,0,0,V555555555_14,1696488,PLANT03,PORT09,599,872.21,PLANT03,1013,30
1447405427.7,2017-06-20,PORT04,V444_0,2,DTP,0,0,V555555555_14,1696482,PLANT03,PORT09,605,686.75,PLANT03,1013,23
1447357779.7,2017-06-21,PORT04,V444_0,2,DTP,0,0,V555555555_14,1696482,PLANT03,PORT09,519,678.92,PLANT03,1013,23
1447405664.7,2017-06-22,PORT04,V444_0,2,DTP,0,0,V555555555_14,1672676,PLANT03,PORT09,419,462.59904425009626,PLANT03,1013,16
1447288339.7,2017-06-22,PORT04,V444_0,2,DTP,6,6,V555555555_14,1672661,PLANT03,PORT09,411,526.6372221568228,PLANT03,1013,18
1447359864.7,2017-06-23,PORT04,V444_0,2,DTP,0,0,V555555555_14,1672661,PLANT03,PORT09,280,299.7078640879698,PLANT03,1013,10
1447162977.7,2017-06-24,PORT04,V444_0,2,DTP,0,0,V555555555_14,1677889,PLANT03,PORT09,550,760.13,PLANT03,1013,26
1447402056.7,2017-06-24,PORT04,V444_0,2,DTP,0,0,V555555555_14,1677878,PLANT03,PORT09,399,472.3735235533725,PLANT03,1013,16
1447250244.7,2017-06-25,PORT04,V444_0,2,DTP,0,0,V555555555_14,1677878,PLANT03,PORT09,203,293.61,PLANT03,1013,10
1447334363.7,2017-06-26,PORT04,V444_0,2,DTP,0,0,V555555555_14,1677878,PLANT03,PORT09,332,409.32,PLANT03,1013,14
1447159888.7,2017-06-27,PORT04,V444_0,2,DTP,0,0,V555555555_14,1677878,PLANT03,PORT09,489,572.3786792676451,PLANT03,1013,20
1447177495.7,2017-06-27,PORT04,V444_0,2,DTP,0,0,V555555555_14,1677878,PLANT03,PORT09,509,643.0626869000857,PLANT03,1013,22
1447231575.7,2017-06-28,PORT04,V444_0,2,DTP,0,0,V555555555_14,1677878,PLANT03,PORT09,345,351.51,PLANT03,1013,12
1447402062.7,2017-06-29,PORT04,V444_0,2,DTP,0,0,V555555555_14,1677878,PLANT03,PORT09,418,448.96,PLANT03,1013,15
1447357726.7,2017-06-29,PORT04,V444_0,2,DTP,0,0,V555555555_14,1677878,PLANT03,PORT09,413,594.18,PLANT03,1013,20
1447231574.7,2017-06-30,PORT04,V444_0,2,DTP,0,0,V555555555_14,1677878,PLANT03,PORT09,502,707.42,PLANT03,1013,24
1447231576.7,2017-07-01,PORT04,V444_0,2,DTP,0,0,V555555555_14,1677878,PLANT03,PORT09,509,531.0773069061114,PLANT03,1013,18
1447159891.7,2017-07-01,PORT04,V444_0,2,DTP,0,0,V555555555_14,1677878,PLANT03,PORT09,442,502.5840929494184,PLANT03,1013,17
1447159890.7,2017-07-02,PORT04,V444_0,2,DTP,0,0,V555555555_14,1677878,PLANT03,PORT09,462,475.13,PLANT03,1013,16
1447231573.7,2017-07-03,PORT04,V444_0,2,DTP,0,0,V555555555_14,1677878,PLANT03,PORT09,535,683.98,PLANT03,1013,23
1447177502.7,2017-07-03,PORT04,V444_0,2,DTP,0,0,V555555555_14,1677878,PLANT03,PORT09,470,650.2282976920524,PLANT03,1013,22
1447342051.7,2017-07-04,PORT04,V444_0,2,DTP,0,0,V555555555_14,1622685,PLANT03,PORT09,661,865.2634359503952,PLANT03,1013,29
1447379234.7,2017-07-04,PORT04,V444_0,2,DTP,0,0,V555555555_14,1622685,PLANT03,PORT09,645,718.2079190366406,PLANT03,1013,24
1447258776.7,2017-07-05,PORT04,V444_0,2,DTP,0,0,V555555555_14,1622685,PLANT03,PORT09,487,577.58,PLANT03,1013,20
1447159949.7,2017-07-05,PORT04,V444_0,2,DTP,0,0,V555555555_14,1693618,PLANT03,PORT09,565,837.7374273586856,PLANT03,1013,28
1447163035.7,2017-07-06,PORT04,V444_0,2,DTP,0,0,V555555555_14,1693618,PLANT03,PORT09,472,543.4117480287313,PLANT03,1013,19
1447187011.7,2017-07-07,PORT04,V444_0,2,DTP,0,0,V555555555_14,1693618,PLANT03,PORT09,315,410.58041972864623,PLANT03,1013,14
1447166640.7,2017-07-07,PORT04,V444_0,2,DTP,0,0,V555555555_14,1693618,PLANT03,PORT09,606,708.34,PLANT03,1013,24
1447268261.7,2017-07-08,PORT04,V444_0,2,DTP,0,0,V555555555_14,1670215,PLANT03,PORT09,694,784.64,PLANT03,1013,27
1447268263.7,2017-07-08,PORT04,V444_0,2,DTP,0,0,V555555555_14,1670215,PLANT03,PORT09,266,350.2305192000692,PLANT03,1013,12
1447249984.7,2017-07-09,PORT04,V444_0,2,DTP,0,0,V555555555_14,1670215,PLANT03,PORT09,346,395.2801106562114,PLANT03,1013,14
1447249983.7,2017-07-10,PORT04,V444_0,2,DTP,0,0,V555555555_14,1670215,PLANT03,PORT09,277,311.98,PLANT03,1013,11
1447394515.7,2017-07-11,PORT04,V444_0,2,DTP,0,0,V555555555_14,1670215,PLANT03,PORT09,653,952.05,PLANT03,1013,32
1447265727.7,2017-07-11,PORT04,V444_0,2,DTP,0,0,V555555555_14,1670215,PLANT03,PORT09,675,681.922435270632,PLANT03,1013,23
1447394514.7,2017-07-12,PORT04,V444_0,2,DTP,0,0,V555555555_14,1670215,PLANT03,PORT09,669,909.3487259118912,PLANT03,1013,31
1447216597.7,2017-07-13,PORT04,V444_0,2,DTP,0,0,V555555555_14,1657475,PLANT03,PORT09,581,724.23,PLANT03,1013,25
1447394123.7,2017-07-14,PORT04,V444_0,2,DTP,0,0,V555555555_14,1657475,PLANT03,PORT09,688,922.55,PLANT03,1013,31
1447400485.7,2017-07-14,PORT04,V444_0,2,DTP,0,0,V555555555_14,1657437,PLANT03,PORT09,647,681.7961102377355,PLANT03,1013,23
1447218312.7,2017-07-15,PORT04,V444_0,2,DTP,0,0,V555555555_14,1623991,PLANT03,PORT09,683,849.12,PLANT03,1013,29
1447291252.7,2017-07-16,PORT04,V444_0,2,DTP,0,0,V555555555_14,1687689,PLANT03,PORT09,283,379.0288953613757,PLANT03,1013,13
1447357613.7,2017-07-16,PORT04,V444_0,2,DTP,0,0,V555555555_14,1669584,PLANT03,PORT09,206,209.2812465404108,PLANT03,1013,7
1447311495.7,2017-07-17,PORT04,V444_0,2,DTP,0,0,V555555555_14,1669584,PLANT03,PORT09,396,474.72,PLANT03,1013,16
1447266885.7,2017-07-18,PORT04,V444_0,2,DTP,0,0,V55555_26,1667817,PLANT03,PORT09,615,856.06,PLANT03,1013,29
1447346490.7,2017-07-18,PORT04,V444_0,2,DTP,0,0,V55555_26,1667817,PLANT03,PORT09,480,682.8195930565204,PLANT03,1013,23
1447175181.7,2017-07-19,PORT04,V444_0,2,DTP,0,0,V55555_26,1667817,PLANT03,PORT09,470,582.2096918586706,PLANT03,1013,20
1447266947.7,2017-07-20,PORT04,V444_0,2,DTP,0,0,V55555_26,1667817,PLANT03,PORT09,271,344.00368541859825,PLANT03,1013,12
1447165436.7,2017-07-20,PORT04,V444_0,2,DTP,0,0,V55555_26,1667817,PLANT03,PORT09,573,639.41,PLANT03,1013,22
1447266860.7,2017-07-21,PORT04,V444_0,2,DTP,0,0,V55555_26,1667817,PLANT03,PORT09,298,380.48,PLANT03,1013,13
1447399703.7,2017-07-22,PORT04,V444_0,2,DTP,0,0,V55555_26,1667817,PLANT03,PORT09,282,337.22,PLANT03,1013,12
1447227078.7,2017-07-22,PORT04,V444_0,2,DTP,0,0,V55555_26,1667817,PLANT03,PORT09,582,778.2598739323616,PLANT03,1013,26
1447346561.7,2017-07-23,PORT04,V444_0,2,DTP,0,0,V55555_26,1667817,PLANT03,PORT09,263,377.8879636241391,PLANT03,1013,13
1447227101.7,2017-07-23,PORT04,V444_0,2,DTP,0,0,V55555_26,1650904,PLANT03,PORT09,455,486.83,PLANT03,1013,17
1447389176.7,2017-07-24,PORT04,V444_0,2,DTP,0,0,V55555_26,1658532,PLANT03,PORT09,293,320.00454262677005,PLANT03,1013,11
1447185828.7,2017-07-24,PORT04,V444_0,2,DTP,0,0,V55555_26,1658532,PLANT03,PORT09,377,506.9963373510003,PLANT03,1013,17
1447391188.7,2017-07-25,PORT04,V444_0,2,DTP,0,0,V55555_26,1658532,PLANT03,PORT09,367,448.8936036650434,PLANT03,1013,15
1447208887.7,2017-07-25,PORT04,V444_0,2,DTP,0,0,V55555_26,1658532,PLANT03,PORT09,657,784.4246667606433,PLANT03,1013,27
1447171577.7,2017-07-26,PORT04,V444_0,2,DTP,0,0,V55555_26,1658532,PLANT03,PORT09,238,296.88,PLANT03,1013,10
1447323885.7,2017-07-26,PORT04,V444_0,2,DTP,0,0,V55555_26,1649008,PLANT03,PORT09,235,236.577192526615,PLANT03,1013,8
1447185794.7,2017-07-27,PORT04,V444_0,2,DTP,0,0,V55555_26,1649008,PLANT03,PORT09,345,348.73,PLANT03,1013,12
1447283655.7,2017-07-28,PORT04,V444_0,2,DTP,0,0,V55555_26,1649008,PLANT03,PORT09,207,215.8752337692993,PLANT03,1013,8
1447367958.7,2017-07-28,PORT04,V444_0,2,DTP,0,0,V55555_26,1649008,PLANT03,PORT09,443,601.91,PLANT03,1013,21
1447348785.7,2017-07-29,PORT04,V444_0,2,DTP,0,0,V55555_26,1675615,PLANT03,PORT09,222,248.0,PLANT03,1013,9
1447361990.7,2017-07-30,PORT04,V444_0,2,DTP,0,0,V55555_26,1675615,PLANT03,PORT09,303,349.2729014414794,PLANT03,1013,12
1447361992.7,2017-07-31,PORT04,V444_0,2,DTP,0,0,V55555_26,1675615,PLANT03,PORT09,443,488.45,PLANT03,1013,17
1447323810.7,2017-08-01,PORT04,V444_0,2,DTP,0,0,V55555_26,1675655,PLANT03,PORT09,438,444.23,PLANT03,1013,15
1447323930.7,2017-08-02,PORT04,V444_0,2,DTP,0,0,V55555_26,1675655,PLANT03,PORT09,248,289.07051301326703,PLANT03,1013,10
1447266958.7,2017-08-03,PORT04,V444_0,2,DTP,0,0,V55555_26,1675654,PLANT03,PORT09,421,611.79,PLANT03,1013,21
1447361991.7,2017-08-03,PORT04,V444_0,2,DTP,0,0,V55555_26,1675655,PLANT03,PORT09,493,616.8173734036194,PLANT03,1013,21
1447361989.7,2017-08-04,PORT04,V444_0,2,DTP,0,0,V55555_26,1675654,PLANT03,PORT09,313,358.6319126729292,PLANT03,1013,12
1447407431.7,2017-08-05,PORT04,V444_0,2,DTP,0,0,V55555_26,1675654,PLANT03,PORT09,676,764.0143072558342,PLANT03,1013,26
1447242499.7,2017-08-06,PORT04,V444_0,2,DTP,0,0,V55555_26,1675654,PLANT03,PORT09,201,272.03,PLANT03,1013,10
1447305841.7,2017-08-07,PORT04,V444_0,2,DTP,0,0,V55555_26,1675654,PLANT03,PORT09,520,588.06,PLANT03,1013,20
1447266951.7,2017-08-08,PORT04,V444_0,2,DTP,0,0,V55555_26,1679638,PLANT03,PORT09,271,387.5993064325988,PLANT03,1013,13
1447283671.7,2017-08-09,PORT04,V444_0,2,DTP,0,0,V55555_26,1679638,PLANT03,PORT09,643,829.67,PLANT03,1013,28
1447367961.7,2017-08-09,PORT04,V444_0,2,DTP,0,0,V55555_26,1679638,PLANT03,PORT09,345,417.29038283913854,PLANT03,1013,14
1447151885.7,2017-08-10,PORT04,V444_0,2,DTP,0,0,V55555_26,1679638,PLANT03,PORT09,627,712.81,PLANT03,1013,24
1447133256.7,2017-08-11,PORT04,V444_0,2,DTP,0,0,V55555_26,1679638,PLANT03,PORT09,235,320.33,PLANT03,1013,11
1447165398.7,2017-08-12,PORT04,V444_0,2,DTP,0,0,V55555_26,1676853,PLANT03,PORT09,667,917.14545160214,PLANT03,1013,31
1447165456.7,2017-08-13,PORT04,V444_0,2,DTP,0,0,V55555_26,1676853,PLANT03,PORT09,583,854.509569576133,PLANT03,1013,29
1447185772.7,2017-08-14,PORT04,V444_0,2,DTP,0,0,V55555_26,1676853,PLANT03,PORT09,444,620.05,PLANT03,1013,21
1447283653.7,2017-08-14,PORT04,V444_0,2,DTP,0,0,V55555_26,1676853,PLANT03,PORT09,208,209.22,PLANT03,1013,7
1447283689.7,2017-08-15,PORT04,V444_0,2,DTP,0,0,V55555_26,1676853,PLANT03,PORT09,437,627.8344399150739,PLANT03,1013,21
1447308576.7,2017-08-15,PORT04,V444_0,2,DTP,0,0,V55555_26,1676853,PLANT03,PORT09,555,639.43,PLANT03,1013,22
1447185830.7,2017-08-16,PORT04,V444_0,2,DTP,0,0,V55555_26,1680210,PLANT03,PORT09,520,760.8141253441777,PLANT03,1013,26
1447283707.7,2017-08-17,PORT04,V444_0,2,DTP,0,0,V55555_26,1680210,PLANT03,PORT09,390,569.6579785838786,PLANT03,1013,19
1447283683.7,2017-08-17,PORT04,V444_0,2,DTP,0,0,V55555_26,1680210,PLANT03,PORT09,595,729.2726757333439,PLANT03,1013,25
1447323886.7,2017-08-18,PORT04,V444_0,2,DTP,0,0,V55555_26,1680210,PLANT03,PORT09,538,801.4214418487248,PLANT03,1013,27
1447323804.7,2017-08-18,PORT04,V444_0,2,DTP,0,0,V55555_26,1680210,PLANT03,PORT09,354,361.3,PLANT03,1013,13
1447367882.7,2017-08-19,PORT04,V444_0,2,DTP,0,0,V55555_26,1655818,PLANT03,PORT09,433,563.71,PLANT03,1013,19
1447165475.7,2017-08-20,PORT04,V444_0,2,DTP,0,0,V55555_26,1655818,PLANT03,PORT09,257,305.15,PLANT03,1013,11
1447367960.7,2017-08-20,PORT04,V444_0,2,DTP,0,0,V55555_26,1655818,PLANT03,PORT09,667,889.52,PLANT03,1013,30
1447367959.7,2017-08-21,PORT04,V444_0,2,DTP,0,0,V55555_26,1655818,PLANT03,PORT09,524,566.98,PLANT03,1013,19
1447201794.7,2017-08-21,PORT04,V444_0,2,DTP,0,0,V55555_26,1655818,PLANT03,PORT09,405,434.1,PLANT03,1013,15
1447367881.7,2017-08-22,PORT04,V444_0,2,DTP,0,0,V55555_26,1655818,PLANT03,PORT09,466,539.77,PLANT03,1013,18
1447225458.7,2017-08-22,PORT04,V444_0,2,DTP,0,0,V55555_26,1667126,PLANT03,PORT09,649,915.39,PLANT03,1013,31
1447165300.7,2017-08-23,PORT04,V444_0,2,DTP,0,0,V55555_26,1668492,PLANT03,PORT09,227,244.52006088318475,PLANT03,1013,9
1447266861.7,2017-08-24,PORT04,V444_0,2,DTP,0,0,V55555_26,1668492,PLANT03,PORT09,423,593.4863779810272,PLANT03,1013,20
1447133164.7,2017-08-25,PORT04,V444_0,2,DTP,0,0,V55555_26,1668492,PLANT03,PORT09,653,678.35,PLANT03,1013,23
1447346567.7,2017-08-25,PORT04,V444_0,2,DTP,0,0,V55555_26,1668492,PLANT03,PORT09,496,721.192649331259,PLANT03,1013,25
1447149351.7,2017-08-26,PORT04,V444_0,2,DTP,0,0,V55555_26,1668608,PLANT03,PORT09,212,244.81,PLANT03,1013,9
1447302782.7,2017-08-27,PORT04,V444_0,2,DTP,0,0,V55555_26,1668608,PLANT03,PORT09,696,1027.7956670157266,PLANT03,1013,35
1447227100.7,2017-08-28,PORT04,V444_0,2,DTP,0,0,V55555_26,1651377,PLANT03,PORT09,239,302.5872804935219,PLANT03,1013,11
1447188629.7,2017-08-28,PORT04,V444_0,2,DTP,0,0,V55555_26,1655982,PLANT03,PORT09,307,319.33,PLANT03,1013,11
1447283681.7,2017-08-29,PORT04,V444_0,2,DTP,0,0,V55555_26,1655982,PLANT03,PORT09,253,354.2651632617081,PLANT03,1013,12
1447165474.7,2017-08-30,PORT04,V444_0,2,DTP,0,0,V55555_26,1655982,PLANT03,PORT09,632,880.55,PLANT03,1013,30
1447185829.7,2017-08-30,PORT04,V444_0,2,DTP,0,0,V55555_26,1655982,PLANT03,PORT09,289,348.8328008234495,PLANT03,1013,12
1447185759.7,2017-08-31,PORT04,V444_0,2,DTP,0,0,V55555_26,1655982,PLANT03,PORT09,443,636.25,PLANT03,1013,22
1447323942.7,2017-09-01,PORT04,V444_0,2,DTP,0,0,V55555_26,1655982,PLANT03,PORT09,340,355.13,PLANT03,1013,12
1447165427.7,2017-09-01,PORT04,V444_0,2,DTP,0,0,V55555_26,1651302,PLANT03,PORT09,310,332.78,PLANT03,1013,12
1447146746.7,2017-09-02,PORT04,V444_0,2,DTP,0,0,V55555_26,1651302,PLANT03,PORT09,333,462.9566758822895,PLANT03,1013,16
1447165505.7,2017-09-02,PORT04,V444_0,2,DTP,0,0,V55555_26,1651302,PLANT03,PORT09,485,515.69,PLANT03,1013,18
1447283737.7,2017-09-03,PORT04,V444_0,2,DTP,0,0,V55555_26,1651302,PLANT03,PORT09,256,346.21,PLANT03,1013,12
1447283687.7,2017-09-03,PORT04,V444_0,2,DTP,0,0,V55555_26,1651302,PLANT03,PORT09,297,426.7107659018166,PLANT03,1013,15
1447283669.7,2017-09-04,PORT04,V444_0,2,DTP,0,0,V55555_26,1651302,PLANT03,PORT09,469,584.39,PLANT03,1013,20
1447367908.7,2017-09-04,PORT04,V444_0,2,DTP,0,0,V55555_26,1651302,PLANT03,PORT09,392,527.0890283271386,PLANT03,1013,18
1447283650.7,2017-09-05,PORT04,V444_0,2,DTP,0,0,V55555_26,1651299,PLANT03,PORT09,608,740.3935283457909,PLANT03,1013,25
1447283701.7,2017-09-05,PORT04,V444_0,2,DTP,0,0,V55555_26,1651299,PLANT03,PORT09,301,399.24,PLANT03,1013,14
1447283652.7,2017-09-06,PORT04,V444_0,2,DTP,0,0,V55555_26,1651299,PLANT03,PORT09,651,892.36,PLANT03,1013,30
1447136117.7,2017-09-06,PORT04,V444_0,2,DTP,0,0,V55555_26,1651299,PLANT03,PORT09,602,890.26,PLANT03,1013,30
1447185758.7,2017-09-07,PORT04,V444_0,2,DTP,0,0,V55555_26,1651299,PLANT03,PORT09,277,329.66,PLANT03,1013,11
1447185757.7,2017-09-08,PORT04,V444_0,2,DTP,0,0,V55555_26,1651299,PLANT03,PORT09,299,388.93,PLANT03,1013,13
1447367915.7,2017-09-08,PORT04,V444_0,2,DTP,0,0,V55555_26,1651299,PLANT03,PORT09,291,432.22,PLANT03,1013,15
1447292438.7,2017-09-09,PORT04,V444_0,2,DTP,0,0,V55555_26,1672706,PLANT03,PORT09,470,500.84,PLANT03,1013,17
1447234067.7,2017-09-10,PORT04,V444_0,2,DTP,0,0,V55555_26,1674853,PLANT03,PORT09,213,218.64724461467483,PLANT03,1013,8
1447403841.7,2017-09-11,PORT04,V444_0,2,DTP,0,0,V55555_26,1672713,PLANT03,PORT09,595,609.76,PLANT03,1013,21
1447403840.7,2017-09-12,PORT04,V444_0,2,DTP,0,0,V55555_26,1672706,PLANT03,PORT09,567,690.1589940294685,PLANT03,1013,24
1447346618.7,2017-09-12,PORT04,V444_0,2,DTP,0,0,V55555_26,1672706,PLANT03,PORT09,214,234.77433853818476,PLANT03,1013,8
1447317056.7,2017-09-13,PORT04,V444_0,2,DTP,0,0,V55555_26,1672706,PLANT03,PORT09,412,590.87,PLANT03,1013,20
1447133267.7,2017-09-14,PORT04,V444_0,2,DTP,0,0,V55555_26,1672706,PLANT03,PORT09,430,546.46,PLANT03,1013,19
1447339080.7,2017-09-15,PORT04,V444_0,2,DTP,0,0,V55555_26,1672706,PLANT03,PORT09,691,708.69,PLANT03,1013,24
1447267052.7,2017-09-15,PORT04,V444_0,2,DTP,0,0,V55555_26,1672706,PLANT03,PORT09,368,441.5930309234445,PLANT03,1013,15
1447171731.7,2017-09-16,PORT04,V444_0,2,DTP,0,0,V55555_26,1672706,PLANT03,PORT09,423,483.66,PLANT03,1013,17
1447366445.7,2017-09-16,PORT04,V444_0,2,DTP,0,0,V55555_26,1672722,PLANT03,PORT09,384,414.49971685323953,PLANT03,1013,14
1447149415.7,2017-09-17,PORT04,V444_0,2,DTP,0,0,V55555_26,1672722,PLANT03,PORT09,530,570.5750631296327,PLANT03,1013,20
1447265657.7,2017-09-17,PORT04,V444_0,2,DTP,0,0,V55555_26,1677692,PLANT03,PORT09,285,290.9807967353645,PLANT03,1013,10
1447179121.7,2017-09-18,PORT04,V444_0,2,DTP,0,0,V55555_26,1682865,PLANT03,PORT09,374,479.26,PLANT03,1013,16
1447171730.7,2017-09-19,PORT04,V444_0,2,DTP,0,0,V55555_26,1682865,PLANT03,PORT09,443,508.4002295640432,PLANT03,1013,17
1447149408.7,2017-09-20,PORT04,V444_0,2,DTP,0,0,V55555_26,1682748,PLANT03,PORT09,585,696.9669030908734,PLANT03,1013,24
1447302847.7,2017-09-21,PORT04,V444_0,2,DTP,0,0,V55555_26,1682748,PLANT03,PORT09,290,367.7632630405921,PLANT03,1013,13
1447149409.7,2017-09-21,PORT04,V444_0,2,DTP,0,0,V55555_26,1682751,PLANT03,PORT09,618,803.7169961440052,PLANT03,1013,27
1447302848.7,2017-09-22,PORT04,V444_0,2,DTP,0,0,V55555_26,1682751,PLANT03,PORT09,453,643.3618302411894,PLANT03,1013,22
1447283690.7,2017-09-23,PORT04,V444_0,2,DTP,0,0,V55555_26,1689145,PLANT03,PORT09,558,586.9,PLANT03,1013,20
1447367946.7,2017-09-24,PORT04,V444_0,2,DTP,0,0,V55555_26,1689145,PLANT03,PORT09,322,335.35,PLANT03,1013,12
1447179646.7,2017-09-24,PORT04,V444_0,2,DTP,0,0,V55555_26,1689145,PLANT03,PORT09,466,696.67,PLANT03,1013,24
1447185760.7,2017-09-25,PORT04,V444_0,2,DTP,0,0,V55555_26,1689145,PLANT03,PORT09,607,724.9570964684565,PLANT03,1013,25
1447283738.7,2017-09-25,PORT04,V444_0,2,DTP,0,0,V55555_26,1689145,PLANT03,PORT09,491,575.56,PLANT03,1013,20
1447323943.7,2017-09-26,PORT04,V444_0,2,DTP,0,0,V55555_26,1662552,PLANT03,PORT09,258,368.03,PLANT03,1013,13
1447283682.7,2017-09-26,PORT04,V444_0,2,DTP,0,0,V55555_26,1662552,PLANT03,PORT09,335,379.4136684756402,PLANT03,1013,13
1447240908.7,2017-09-27,PORT04,V444_0,2,DTP,0,0,V55555_26,1662552,PLANT03,PORT09,319,469.7334757254949,PLANT03,1013,16
1447165484.7,2017-09-28,PORT04,V444_0,2,DTP,0,0,V55555_26,1662552,PLANT03,PORT09,345,448.5313853942212,PLANT03,1013,15
1447283656.7,2017-09-28,PORT04,V444_0,2,DTP,0,0,V55555_26,1662552,PLANT03,PORT09,622,902.8,PLANT03,1013,31
1447367909.7,2017-09-29,PORT04,V444_0,2,DTP,0,0,V55555_26,1662552,PLANT03,PORT09,693,780.2446990846954,PLANT03,1013,27
1447165368.7,2017-09-29,PORT04,V444_0,2,DTP,0,0,V55555_26,1662551,PLANT03,PORT09,624,676.4826439282734,PLANT03,1013,23
1447227041.7,2017-09-30,PORT04,V444_0,2,DTP,0,0,V55555_26,1662551,PLANT03,PORT09,341,344.4938939926946,PLANT03,1013,12
1447346527.7,2017-10-01,PORT04,V444_0,2,DTP,0,0,V55555_26,1662551,PLANT03,PORT09,253,341.05,PLANT03,1013,12
1447302729.7,2017-10-01,PORT04,V444_0,2,DTP,0,0,V55555_26,1662551,PLANT03,PORT09,431,508.69,PLANT03,1013,17
1447241470.7,2017-10-02,PORT04,V444_0,2,DTP,0,0,V55555_26,1645070,PLANT03,PORT09,661,850.08,PLANT03,1013,29
1447185805.7,2017-10-02,PORT04,V444_0,2,DTP,0,0,V55555_26,1645070,PLANT03,PORT09,383,513.7264949591346,PLANT03,1013,18
1447175182.7,2017-10-03,PORT04,V444_0,2,DTP,0,0,V55555_26,1645070,PLANT03,PORT09,545,625.2918260845313,PLANT03,1013,21
1447389186.7,2017-10-03,PORT04,V444_0,2,DTP,0,0,V55555_26,1644050,PLANT03,PORT09,482,713.01,PLANT03,1013,24
1447149352.7,2017-10-04,PORT04,V444_0,2,DTP,0,0,V55555_26,1644050,PLANT03,PORT09,634,713.9898793989931,PLANT03,1013,24
1447185860.7,2017-10-05,PORT04,V444_0,2,DTP,0,0,V55555_26,1644050,PLANT03,PORT09,293,381.8560395229032,PLANT03,1013,13
1447283724.7,2017-10-06,PORT04,V444_0,2,DTP,0,0,V55555_26,1644050,PLANT03,PORT09,369,519.29,PLANT03,1013,18
1447212018.7,2017-10-06,PORT04,V444_0,2,DTP,0,0,V55555_26,1644050,PLANT03,PORT09,473,531.2920256148981,PLANT03,1013,18
1447149388.7,2017-10-07,PORT04,V444_0,2,DTP,0,0,V55555_26,1644050,PLANT03,PORT09,343,366.62,PLANT03,1013,13
1447283782.7,2017-10-07,PORT04,V444_0,2,DTP,0,0,V55555_26,1644050,PLANT03,PORT09,534,670.03,PLANT03,1013,23
1447283708.7,2017-10-08,PORT04,V444_0,2,DTP,0,0,V55555_26,1644050,PLANT03,PORT09,687,893.58,PLANT03,1013,30
1447367940.7,2017-10-08,PORT04,V444_0,2,DTP,0,0,V55555_26,1644050,PLANT03,PORT09,523,529.89,PLANT03,1013,18
1447150935.7,2017-10-09,PORT04,V444_0,2,DTP,0,0,V55555_26,1700657,PLANT03,PORT09,566,791.3529526288488,PLANT03,1013,27
1447374504.7,2017-10-10,PORT04,V444_0,2,DTP,0,0,V55555_26,1701462,PLANT03,PORT09,693,870.71,PLANT03,1013,30
1447146664.7,2017-10-11,PORT04,V444_0,2,DTP,0,0,V55555_26,1664051,PLANT03,PORT09,510,716.0226203634934,PLANT03,1013,24
1447283648.7,2017-10-11,PORT04,V444_0,2,DTP,0,0,V55555_26,1664051,PLANT03,PORT09,628,766.94,PLANT03,1013,26
1447294179.7,2017-10-12,PORT04,V444_0,2,DTP,0,0,V55555_26,1683560,PLANT03,PORT09,268,351.12,PLANT03,1013,12
1447278145.7,2017-10-13,PORT04,V444_0,2,DTP,0,0,V55555_26,1683560,PLANT03,PORT09,372,503.3,PLANT03,1013,17
1447192669.7,2017-10-13,PORT04,V444_0,2,DTP,0,0,V55555_26,1683560,PLANT03,PORT09,333,498.189057480154,PLANT03,1013,17
1447353676.7,2017-10-14,PORT04,V444_0,2,DTP,0,0,V55555_26,1683560,PLANT03,PORT09,519,733.51,PLANT03,1013,25
1447133209.7,2017-10-15,PORT04,V444_0,2,DTP,0,0,V55555_26,1683560,PLANT03,PORT09,211,286.33,PLANT03,1013,10
1447209099.7,2017-10-15,PORT04,V444_0,2,DTP,0,0,V55555_26,1683560,PLANT03,PORT09,237,325.68,PLANT03,1013,11
1447371076.7,2017-10-16,PORT04,V444_0,2,DTP,0,0,V55555_26,1683560,PLANT03,PORT09,601,617.27,PLANT03,1013,21
1447252160.7,2017-10-17,PORT04,V444_0,2,DTP,0,0,V55555_26,1683560,PLANT03,PORT09,220,256.36962503454964,PLANT03,1013,9
1447248458.7,2017-10-17,PORT04,V444_0,2,DTP,0,0,V55555_26,1683560,PLANT03,PORT09,640,829.48,PLANT03,1013,28
1447135953.7,2017-10-18,PORT04,V444_0,2,DTP,0,0,V55555_26,1683560,PLANT03,PORT09,402,415.3484944949193,PLANT03,1013,14
1447209100.7,2017-10-18,PORT04,V444_0,2,DTP,0,0,V55555_26,1683560,PLANT03,PORT09,400,581.0746376524855,PLANT03,1013,20
1447313766.7,2017-10-19,PORT04,V444_0,2,DTP,0,0,V55555_26,1683560,PLANT03,PORT09,604,865.3596803349712,PLANT03,1013,29
1447313767.7,2017-10-20,PORT04,V444_0,2,DTP,0,0,V55555_26,1683560,PLANT03,PORT09,510,621.0242960126434,PLANT03,1013,21
1447141860.7,2017-10-21,PORT04,V444_0,2,DTP,0,0,V55555_26,1683560,PLANT03,PORT09,286,369.42,PLANT03,1013,13
1447313769.7,2017-10-21,PORT04,V444_0,2,DTP,0,0,V55555_26,1683560,PLANT03,PORT09,659,783.62,PLANT03,1013,27
1447266818.7,2017-10-22,PORT04,V444_0,2,DTP,0,0,V55555_26,1683560,PLANT03,PORT09,547,702.890301008894,PLANT03,1013,24
1447167517.7,2017-10-23,PORT04,V444_0,2,DTP,0,0,V55555_26,1683560,PLANT03,PORT09,426,466.55,PLANT03,1013,16
1447294177.7,2017-10-23,PORT04,V444_0,2,DTP,0,0,V55555_26,1683560,PLANT03,PORT09,669,684.58,PLANT03,1013,23
1447313762.7,2017-10-24,PORT04,V444_0,2,DTP,0,0,V55555_26,1683560,PLANT03,PORT09,390,474.64,PLANT03,1013,16
1447183210.7,2017-10-25,PORT04,V444_0,2,DTP,0,0,V55555_26,1683560,PLANT03,PORT09,231,303.77,PLANT03,1013,11
1447288722.7,2017-10-25,PORT04,V444_0,2,DTP,0,0,V55555_26,1683560,PLANT03,PORT09,493,540.3260157318897,PLANT03,1013,19
1447294178.7,2017-10-26,PORT04,V444_0,2,DTP,0,0,V55555_26,1683560,PLANT03,PORT09,501,613.54,PLANT03,1013,21
1447313765.7,2017-10-26,PORT04,V444_0,2,DTP,0,0,V55555_26,1683560,PLANT03,PORT09,435,462.7,PLANT03,1013,16
1447313768.7,2017-10-27,PORT04,V444_0,2,DTP,0,0,V55555_26,1683560,PLANT03,PORT09,627,937.6162250890516,PLANT03,1013,32
1447313756.7,2017-10-28,PORT04,V444_0,2,DTP,0,0,V55555_26,1683560,PLANT03,PORT09,251,317.4867518647282,PLANT03,1013,11
1447313772.7,2017-10-29,PORT04,V444_0,2,DTP,0,0,V55555_26,1683560,PLANT03,PORT09,572,828.16,PLANT03,1013,28
1447398620.7,2017-10-30,PORT04,V444_0,2,DTP,0,0,V55555_26,1683560,PLANT03,PORT09,677,939.94,PLANT03,1013,32
1447313770.7,2017-10-31,PORT04,V444_0,2,DTP,0,0,V55555_26,1683560,PLANT03,PORT09,385,433.9,PLANT03,1013,15
1447248460.7,2017-11-01,PORT04,V444_0,2,DTP,0,0,V55555_26,1683560,PLANT03,PORT09,413,526.11,PLANT03,1013,18
1447327866.7,2017-11-02,PORT04,V444_0,2,DTP,0,0,V55555_26,1683560,PLANT03,PORT09,257,317.8986892770881,PLANT03,1013,11
1447133755.7,2017-11-02,PORT04,V444_0,2,DTP,0,0,V55555_26,1664067,PLANT03,PORT09,697,1027.6727747057707,PLANT03,1013,35
1447172178.7,2017-11-03,PORT04,V444_0,2,DTP,0,0,V55555_26,1664067,PLANT03,PORT09,662,967.6403251049296,PLANT03,1013,33
1447149290.7,2017-11-03,PORT04,V444_0,2,DTP,0,0,V55555_26,1664067,PLANT03,PORT09,550,789.58,PLANT03,1013,27
1447139268.7,2017-11-04,PORT04,V444_0,2,DTP,0,0,V55555_26,1664067,PLANT03,PORT09,510,646.82,PLANT03,1013,22
1447204285.7,2017-11-04,PORT04,V444_0,2,DTP,0,0,V55555_26,1664067,PLANT03,PORT09,546,800.02,PLANT03,1013,27
1447133758.7,2017-11-05,PORT04,V444_0,2,DTP,0,0,V55555_26,1664067,PLANT03,PORT09,507,607.6920516417985,PLANT03,1013,21
1447133757.7,2017-11-05,PORT04,V444_0,2,DTP,0,0,V55555_26,1664067,PLANT03,PORT09,571,609.4070280485622,PLANT03,1013,21
1447302690.7,2017-11-06,PORT04,V444_0,2,DTP,0,0,V55555_26,1664067,PLANT03,PORT09,277,317.27,PLANT03,1013,11
1447133756.7,2017-11-06,PORT04,V444_0,2,DTP,0,0,V55555_26,1664067,PLANT03,PORT09,407,411.8385589184338,PLANT03,1013,14
1447346411.7,2017-11-07,PORT04,V444_0,2,DTP,0,0,V55555_26,1664067,PLANT03,PORT09,541,683.0671951624306,PLANT03,1013,23
1447165317.7,2017-11-08,PORT04,V444_0,2,DTP,0,0,V55555_26,1664067,PLANT03,PORT09,511,652.82,PLANT03,1013,22
1447266828.7,2017-11-08,PORT04,V444_0,2,DTP,0,0,V55555_26,1664067,PLANT03,PORT09,300,345.66,PLANT03,1013,12
1447396735.7,2017-11-09,PORT04,V444_0,2,DTP,0,0,V55555_26,1664067,PLANT03,PORT09,547,736.7,PLANT03,1013,25
1447266827.7,2017-11-09,PORT04,V444_0,2,DTP,0,0,V55555_26,1664067,PLANT03,PORT09,486,668.4471656739887,PLANT03,1013,23
1447332067.7,2017-11-10,PORT04,V444_0,2,DTP,0,0,V55555_26,1664067,PLANT03,PORT09,505,730.8114805629586,PLANT03,1013,25
1447133214.7,2017-11-11,PORT04,V444_0,2,DTP,0,0,V55555_26,1664069,PLANT03,PORT09,577,638.8711991600206,PLANT03,1013,22
1447396726.7,2017-11-11,PORT04,V444_0,2,DTP,0,0,V55555_26,1664069,PLANT03,PORT09,240,296.4346172043811,PLANT03,1013,10
1447149291.7,2017-11-12,PORT04,V444_0,2,DTP,0,0,V55555_26,1664069,PLANT03,PORT09,524,626.8205503181536,PLANT03,1013,21
1447162874.7,2017-11-13,PORT04,V444_0,2,DTP,0,0,V55555_26,1664069,PLANT03,PORT09,438,633.9500793936998,PLANT03,1013,22
1447332111.7,2017-11-13,PORT04,V444_0,2,DTP,0,0,V55555_26,1664069,PLANT03,PORT09,310,454.85650124420863,PLANT03,1013,16
1447396727.7,2017-11-14,PORT04,V444_0,2,DTP,0,0,V55555_26,1664069,PLANT03,PORT09,223,272.74,PLANT03,1013,10
1447213203.7,2017-11-14,PORT04,V444_0,2,DTP,0,0,V55555_26,1664069,PLANT03,PORT09,545,739.79,PLANT03,1013,25
1447332068.7,2017-11-15,PORT04,V444_0,2,DTP,0,0,V55555_26,1664069,PLANT03,PORT09,457,619.7189758723499,PLANT03,1013,21
1447396734.7,2017-11-15,PORT04,V444_0,2,DTP,0,0,V55555_26,1664069,PLANT03,PORT09,270,270.4573594776563,PLANT03,1013,10
1447377400.7,2017-11-16,PORT04,V444_0,2,DTP,0,0,V55555_26,1693230,PLANT03,PORT09,285,299.14,PLANT03,1013,10
1447133210.7,2017-11-17,PORT04,V444_0,2,DTP,0,0,V55555_26,1693230,PLANT03,PORT09,671,739.6411575948907,PLANT03,1013,25
1447377402.7,2017-11-18,PORT04,V444_0,2,DTP,0,0,V55555_26,1693230,PLANT03,PORT09,687,952.12,PLANT03,1013,32
1447367933.7,2017-11-19,PORT04,V444_0,2,DTP,0,0,V55555_26,1693230,PLANT03,PORT09,499,545.9558954291257,PLANT03,1013,19
1447133213.7,2017-11-19,PORT04,V444_0,2,DTP,0,0,V55555_26,1693230,PLANT03,PORT09,480,483.5685538429248,PLANT03,1013,17
1447346525.7,2017-11-20,PORT04,V444_0,2,DTP,0,0,V55555_26,1693230,PLANT03,PORT09,541,791.1134097901787,PLANT03,1013,27
1447323878.7,2017-11-20,PORT04,V444_0,2,DTP,0,0,V55555_26,1693230,PLANT03,PORT09,297,364.7035166477839,PLANT03,1013,13
1447133212.7,2017-11-21,PORT04,V444_0,2,DTP,0,0,V55555_26,1693230,PLANT03,PORT09,415,465.49,PLANT03,1013,16
1447377401.7,2017-11-21,PORT04,V444_0,2,DTP,0,0,V55555_26,1693230,PLANT03,PORT09,561,596.9816346757498,PLANT03,1013,20
1447377403.7,2017-11-22,PORT04,V444_0,2,DTP,0,0,V55555_26,1693230,PLANT03,PORT09,302,434.6560985686664,PLANT03,1013,15
1447133211.7,2017-11-22,PORT04,V444_0,2,DTP,0,0,V55555_26,1693230,PLANT03,PORT09,423,524.07,PLANT03,1013,18
1447133248.7,2017-11-23,PORT04,V444_0,2,DTP,0,0,V55555_26,1687661,PLANT03,PORT09,203,221.71337615899893,PLANT03,1013,8
1447323833.7,2017-11-24,PORT04,V444_0,2,DTP,0,0,V55555_26,1687346,PLANT03,PORT09,216,322.06081926092946,PLANT03,1013,11
1447149338.7,2017-11-25,PORT04,V444_0,2,DTP,0,0,V55555_26,1687346,PLANT03,PORT09,346,454.38,PLANT03,1013,16
1447323802.7,2017-11-26,PORT04,V444_0,2,DTP,0,0,V55555_26,1687346,PLANT03,PORT09,663,701.51,PLANT03,1013,24
1447283735.7,2017-11-27,PORT04,V444_0,2,DTP,0,0,V55555_26,1669409,PLANT03,PORT09,688,1011.42,PLANT03,1013,34
1447185738.7,2017-11-28,PORT04,V444_0,2,DTP,0,0,V55555_26,1669409,PLANT03,PORT09,255,259.7883988918742,PLANT03,1013,9
1447283649.7,2017-11-28,PORT04,V444_0,2,DTP,0,0,V55555_26,1669409,PLANT03,PORT09,427,550.5059838025384,PLANT03,1013,19
1447149337.7,2017-11-29,PORT04,V444_0,2,DTP,0,0,V55555_26,1669409,PLANT03,PORT09,533,620.6991316011936,PLANT03,1013,21
1447367880.7,2017-11-29,PORT04,V444_0,2,DTP,0,0,V55555_26,1669409,PLANT03,PORT09,475,685.86,PLANT03,1013,23
1447367934.7,2017-11-30,PORT04,V444_0,2,DTP,0,0,V55555_26,1669409,PLANT03,PORT09,644,763.9349983296989,PLANT03,1013,26
1447283037.7,2017-11-30,PORT04,V444_0,2,DTP,0,0,V55555_26,1677891,PLANT03,PORT09,326,485.89,PLANT03,1013,17
1447323784.7,2017-12-01,PORT04,V444_0,2,DTP,0,0,V55555_26,1677891,PLANT03,PORT09,588,765.5401289494818,PLANT03,1013,26
1447367883.7,2017-12-01,PORT04,V444_0,2,DTP,0,0,V55555_26,1677891,PLANT03,PORT09,569,672.6155323437874,PLANT03,1013,23
1447283036.7,2017-12-02,PORT04,V444_0,2,DTP,0,0,V55555_26,1677891,PLANT03,PORT09,607,754.6251615437948,PLANT03,1013,26
1447149320.7,2017-12-02,PORT04,V444_0,2,DTP,0,0,V55555_26,1677891,PLANT03,PORT09,364,435.7,PLANT03,1013,15
1447185818.7,2017-12-03,PORT04,V444_0,2,DTP,0,0,V55555_26,1677891,PLANT03,PORT09,561,771.97045612874,PLANT03,1013,26
1447367910.7,2017-12-04,PORT04,V444_0,2,DTP,0,0,V55555_26,1677891,PLANT03,PORT09,538,542.96,PLANT03,1013,19
1447283670.7,2017-12-04,PORT04,V444_0,2,DTP,0,0,V55555_26,1677891,PLANT03,PORT09,567,694.8800663623476,PLANT03,1013,24
1447165476.7,2017-12-05,PORT04,V444_0,2,DTP,0,0,V55555_26,1677891,PLANT03,PORT09,241,314.05,PLANT03,1013,11
1447200081.7,2017-12-05,PORT04,V444_0,2,DTP,0,0,V55555_26,1655723,PLANT03,PORT09,356,406.71,PLANT03,1013,14
1447283764.7,2017-12-06,PORT04,V444_0,2,DTP,0,0,V55555_26,1651933,PLANT03,PORT09,636,726.0930046488838,PLANT03,1013,25
1447389181.7,2017-12-06,PORT04,V444_0,2,DTP,0,0,V55555_26,1652499,PLANT03,PORT09,284,384.8051515401664,PLANT03,1013,13
1447135962.7,2017-12-07,PORT04,V444_0,2,DTP,0,0,V55555_26,1652499,PLANT03,PORT09,560,757.4096662337331,PLANT03,1013,26
1447165487.7,2017-12-08,PORT04,V444_0,2,DTP,0,0,V55555_26,1652611,PLANT03,PORT09,579,761.61,PLANT03,1013,26
1447283666.7,2017-12-09,PORT04,V444_0,2,DTP,0,0,V55555_26,1652611,PLANT03,PORT09,525,651.64,PLANT03,1013,22
1447133258.7,2017-12-10,PORT04,V444_0,2,DTP,0,0,V55555_26,1652611,PLANT03,PORT09,439,592.279774604953,PLANT03,1013,20
1447283665.7,2017-12-11,PORT04,V444_0,2,DTP,0,0,V55555_26,1652611,PLANT03,PORT09,298,329.876133637356,PLANT03,1013,11
1447149350.7,2017-12-11,PORT04,V444_0,2,DTP,0,0,V55555_26,1652604,PLANT03,PORT09,342,479.8867530157039,PLANT03,1013,16
1447185802.7,2017-12-12,PORT04,V444_0,2,DTP,0,0,V55555_26,1652604,PLANT03,PORT09,625,779.323731453726,PLANT03,1013,26
1447323929.7,2017-12-12,PORT04,V444_0,2,DTP,0,0,V55555_26,1652604,PLANT03,PORT09,612,892.6,PLANT03,1013,30
1447283675.7,2017-12-13,PORT04,V444_0,2,DTP,0,0,V55555_26,1660563,PLANT03,PORT09,669,697.4470913268808,PLANT03,1013,24
1447185807.7,2017-12-14,PORT04,V444_0,2,DTP,0,0,V55555_26,1660563,PLANT03,PORT09,258,350.3804656214991,PLANT03,1013,12
1447215399.7,2017-12-14,PORT04,V444_0,2,DTP,0,0,V55555_26,1660563,PLANT03,PORT09,518,630.2119423581994,PLANT03,1013,22
1447185801.7,2017-12-15,PORT04,V444_0,2,DTP,0,0,V55555_26,1660563,PLANT03,PORT09,402,537.0048774991036,PLANT03,1013,18
1447283762.7,2017-12-15,PORT04,V444_0,2,DTP,0,0,V55555_26,1660563,PLANT03,PORT09,321,386.5622259156048,PLANT03,1013,13
1447367903.7,2017-12-16,PORT04,V444_0,2,DTP,0,0,V55555_26,1660563,PLANT03,PORT09,460,482.2988203041445,PLANT03,1013,17
1447185800.7,2017-12-16,PORT04,V444_0,2,DTP,0,0,V55555_26,1660563,PLANT03,PORT09,269,339.7,PLANT03,1013,12
1447302770.7,2017-12-17,PORT04,V444_0,2,DTP,0,0,V55555_26,1660563,PLANT03,PORT09,366,486.3927601665852,PLANT03,1013,17
1447150702.7,2017-12-18,PORT04,V444_0,2,DTP,0,0,V55555_26,1656839,PLANT03,PORT09,307,353.2,PLANT03,1013,12
1447356667.7,2017-12-19,PORT04,V444_0,2,DTP,0,0,V55555_26,1656839,PLANT03,PORT09,332,385.32598571290544,PLANT03,1013,13
1447356752.7,2017-12-19,PORT04,V444_0,2,DTP,0,0,V55555_26,1656839,PLANT03,PORT09,362,512.81,PLANT03,1013,18
1447266942.7,2017-12-20,PORT04,V444_0,2,DTP,0,0,V55555_26,1656839,PLANT03,PORT09,295,426.24,PLANT03,1013,15
1447283664.7,2017-12-21,PORT04,V444_0,2,DTP,0,0,V55555_26,1656839,PLANT03,PORT09,391,475.01522200029285,PLANT03,1013,16
1447283783.7,2017-12-21,PORT04,V444_0,2,DTP,0,0,V55555_26,1656839,PLANT03,PORT09,217,261.2670759564502,PLANT03,1013,9
1447185804.7,2017-12-22,PORT04,V444_0,2,DTP,0,0,V55555_26,1660885,PLANT03,PORT09,279,370.4,PLANT03,1013,13
1447150752.7,2017-12-23,PORT04,V444_0,2,DTP,0,0,V55555_26,1660885,PLANT03,PORT09,258,281.7681822097819,PLANT03,1013,10
1447185799.7,2017-12-24,PORT04,V444_0,2,DTP,0,0,V55555_26,1660885,PLANT03,PORT09,469,515.8176065386874,PLANT03,1013,18
1447344848.7,2017-12-25,PORT04,V444_0,2,DTP,0,0,V55555_26,1660885,PLANT03,PORT09,572,729.0,PLANT03,1013,25
1447283763.7,2017-12-26,PORT04,V444_0,2,DTP,0,0,V55555_26,1660885,PLANT03,PORT09,438,562.1611427880445,PLANT03,1013,19
1447185808.7,2017-12-27,PORT04,V444_0,2,DTP,0,0,V55555_26,1660885,PLANT03,PORT09,635,647.2001424904012,PLANT03,1013,22
1447283667.7,2017-12-28,PORT04,V444_0,2,DTP,0,0,V55555_26,1660885,PLANT03,PORT09,321,404.89,PLANT03,1013,14
1447283694.7,2017-12-28,PORT04,V444_0,2,DTP,0,0,V55555_26,1660885,PLANT03,PORT09,413,589.62,PLANT03,1013,20
1447283663.7,2017-12-29,PORT04,V444_0,2,DTP,0,0,V55555_26,1660885,PLANT03,PORT09,441,647.7908991418205,PLANT03,1013,22
1447367968.7,2017-12-29,PORT04,V444_0,2,DTP,0,0,V55555_26,1660885,PLANT03,PORT09,249,310.41,PLANT03,1013,11
1447367967.7,2017-12-30,PORT04,V444_0,2,DTP,0,0,V55555_26,1660897,PLANT03,PORT09,431,527.8232494031428,PLANT03,1013,18
1447344847.7,2017-12-31,PORT04,V444_0,2,DTP,0,0,V55555_26,1660897,PLANT03,PORT09,312,431.11,PLANT03,1013,15
1447165430.7,2018-01-01,PORT04,V444_0,2,DTP,0,0,V55555_26,1660897,PLANT03,PORT09,647,780.0410532889914,PLANT03,1013,27
1447185761.7,2018-01-02,PORT04,V444_0,2,DTP,0,0,V55555_26,1660897,PLANT03,PORT09,672,898.1003889604241,PLANT03,1013,30
1447283693.7,2018-01-02,PORT04,V444_0,2,DTP,0,0,V55555_26,1660897,PLANT03,PORT09,409,416.91,PLANT03,1013,14
1447367965.7,2018-01-03,PORT04,V444_0,2,DTP,0,0,V55555_26,1660897,PLANT03,PORT09,255,301.9991331935318,PLANT03,1013,11
1447185803.7,2018-01-03,PORT04,V444_0,2,DTP,0,0,V55555_26,1660897,PLANT03,PORT09,407,610.36,PLANT03,1013,21
1447266839.7,2018-01-04,PORT04,V444_0,2,DTP,0,0,V55555_26,1660897,PLANT03,PORT09,209,286.286788171377,PLANT03,1013,10
1447344846.7,2018-01-04,PORT04,V444_0,2,DTP,0,0,V55555_26,1660897,PLANT03,PORT09,308,391.739418211473,PLANT03,1013,14
1447283754.7,2018-01-05,PORT04,V444_0,2,DTP,0,0,V55555_26,1660897,PLANT03,PORT09,692,821.5895087480602,PLANT03,1013,28
1447367966.7,2018-01-05,PORT04,V444_0,2,DTP,0,0,V55555_26,1660897,PLANT03,PORT09,635,763.6370957498574,PLANT03,1013,26
1447283668.7,2018-01-06,PORT04,V444_0,2,DTP,0,0,V55555_26,1660897,PLANT03,PORT09,371,511.22,PLANT03,1013,18
1447389199.7,2018-01-07,PORT04,V444_0,2,DTP,0,0,V55555_26,1654498,PLANT03,PORT09,265,361.93805262882944,PLANT03,1013,13
1447334180.7,2018-01-08,PORT04,V444_0,2,DTP,0,0,V55555_26,1654498,PLANT03,PORT09,357,480.28,PLANT03,1013,17
1447389178.7,2018-01-09,PORT04,V444_0,2,DTP,0,0,V55555_26,1668545,PLANT03,PORT09,631,798.6541107351771,PLANT03,1013,27
1447283736.7,2018-01-09,PORT04,V444_0,2,DTP,0,0,V55555_26,1668545,PLANT03,PORT09,529,586.1156549633257,PLANT03,1013,20
1447389177.7,2018-01-10,PORT04,V444_0,2,DTP,0,0,V55555_26,1668545,PLANT03,PORT09,602,756.83,PLANT03,1013,26
1447283699.7,2018-01-11,PORT04,V444_0,2,DTP,0,0,V55555_26,1668547,PLANT03,PORT09,379,503.36,PLANT03,1013,17
1447391520.7,2018-01-12,PORT04,V444_0,2,DTP,0,0,V55555_26,1662238,PLANT03,PORT09,496,613.5044918701144,PLANT03,1013,21
1447155768.7,2018-01-13,PORT04,V444_0,2,DTP,0,0,V55555_26,1662238,PLANT03,PORT09,644,718.0601457205848,PLANT03,1013,24
1447185806.7,2018-01-14,PORT04,V444_0,2,DTP,0,0,V55555_26,1662274,PLANT03,PORT09,387,426.18,PLANT03,1013,15
1447389170.7,2018-01-14,PORT04,V444_0,2,DTP,0,0,V55555_26,1662274,PLANT03,PORT09,665,871.14,PLANT03,1013,30
1447200082.7,2018-01-15,PORT04,V444_0,2,DTP,0,0,V55555_26,1662274,PLANT03,PORT09,398,414.22,PLANT03,1013,14
1447206394.7,2018-01-15,PORT04,V444_0,2,DTP,0,0,V55555_26,1662274,PLANT03,PORT09,470,638.45,PLANT03,1013,22
1447212846.7,2018-01-16,PORT04,V444_0,2,DTP,0,0,V55555_26,1662274,PLANT03,PORT09,230,232.92,PLANT03,1013,8
1447283692.7,2018-01-16,PORT04,V444_0,2,DTP,0,0,V55555_26,1663341,PLANT03,PORT09,376,396.06,PLANT03,1013,14
1447192336.7,2018-01-17,PORT04,V444_0,2,DTP,0,0,V55555_26,1663341,PLANT03,PORT09,429,478.3534273560904,PLANT03,1013,16
1447392335.7,2018-01-18,PORT04,V444_0,2,DTP,0,0,V55555_26,1663341,PLANT03,PORT09,254,291.68,PLANT03,1013,10
1447323836.7,2018-01-18,PORT04,V444_0,2,DTP,0,0,V55555_26,1664346,PLANT03,PORT09,327,397.8086132889485,PLANT03,1013,14
1447302784.7,2018-01-19,PORT04,V444_0,2,DTP,0,0,V55555_26,1664346,PLANT03,PORT09,589,647.3416852040002,PLANT03,1013,22
1447215474.7,2018-01-20,PORT04,V444_0,2,DTP,0,0,V55555_26,1664346,PLANT03,PORT09,244,319.92,PLANT03,1013,11
1447283723.7,2018-01-20,PORT04,V444_0,2,DTP,0,0,V55555_26,1664346,PLANT03,PORT09,658,975.81,PLANT03,1013,33
1447346617.7,2018-01-21,PORT04,V444_0,2,DTP,0,0,V55555_26,1671942,PLANT03,PORT09,394,556.6744161505428,PLANT03,1013,19
1447227183.7,2018-01-21,PORT04,V444_0,2,DTP,0,0,V55555_26,1699951,PLANT03,PORT09,321,356.71,PLANT03,1013,12
1447149416.7,2018-01-22,PORT04,V444_0,2,DTP,0,0,V55555_26,1699951,PLANT03,PORT09,645,893.8237324832418,PLANT03,1013,30
1447146923.7,2018-01-22,PORT04,V444_0,2,DTP,0,0,V55555_26,1699952,PLANT03,PORT09,291,295.75,PLANT03,1013,10
1447198885.7,2018-01-23,PORT04,V444_0,2,DTP,0,0,V55555_26,1699952,PLANT03,PORT09,642,694.2118870576409,PLANT03,1013,24
1447185885.7,2018-01-24,PORT04,V444_0,2,DTP,0,0,V55555_26,1699952,PLANT03,PORT09,427,568.1235637982521,PLANT03,1013,19
1447149402.7,2018-01-24,PORT04,V444_0,2,DTP,0,0,V55555_26,1699952,PLANT03,PORT09,588,730.6994771341379,PLANT03,1013,25
1447185888.7,2018-01-25,PORT04,V444_0,2,DTP,0,0,V55555_26,1699952,PLANT03,PORT09,677,733.1496774982683,PLANT03,1013,25
1447224516.7,2018-01-25,PORT04,V444_0,2,DTP,0,0,V55555_26,1699952,PLANT03,PORT09,365,484.9926969722519,PLANT03,1013,17
1447206404.7,2018-01-26,PORT04,V444_0,2,DTP,0,0,V55555_26,1699952,PLANT03,PORT09,536,789.6791099183034,PLANT03,1013,27
1447204442.7,2018-01-27,PORT04,V444_0,2,DTP,0,0,V55555_26,1699952,PLANT03,PORT09,619,848.0762373494043,PLANT03,1013,29
1447227184.7,2018-01-27,PORT04,V444_0,2,DTP,0,0,V55555_26,1699952,PLANT03,PORT09,693,999.2468605842556,PLANT03,1013,34
1447204441.7,2018-01-28,PORT04,V444_0,2,DTP,0,0,V55555_26,1699948,PLANT03,PORT09,641,722.03,PLANT03,1013,25
1447224515.7,2018-01-28,PORT04,V444_0,2,DTP,0,0,V55555_26,1699948,PLANT03,PORT09,476,685.1300249506061,PLANT03,1013,23
1447206403.7,2018-01-29,PORT04,V444_0,2,DTP,0,0,V55555_26,1699948,PLANT03,PORT09,294,325.4343167558038,PLANT03,1013,11
1447198884.7,2018-01-29,PORT04,V444_0,2,DTP,0,0,V55555_26,1699948,PLANT03,PORT09,354,455.1314226314408,PLANT03,1013,16
1447192322.7,2018-01-30,PORT04,V444_0,2,DTP,0,0,V55555_26,1699948,PLANT03,PORT09,460,476.15,PLANT03,1013,16
1447183523.7,2018-01-30,PORT04,V444_0,2,DTP,0,0,V55555_26,1699953,PLANT03,PORT09,470,582.86,PLANT03,1013,20
1447224514.7,2018-01-31,PORT04,V444_0,2,DTP,0,0,V55555_26,1699946,PLANT03,PORT09,527,771.19,PLANT03,1013,26
1447374459.7,2018-01-31,PORT04,V444_0,2,DTP,0,0,V55555_26,1697087,PLANT03,PORT09,282,407.6,PLANT03,1013,14
1447389279.7,2018-02-01,PORT04,V444_0,2,DTP,0,0,V55555_26,1697086,PLANT03,PORT09,291,370.52,PLANT03,1013,13
1447374458.7,2018-02-02,PORT04,V444_0,2,DTP,0,0,V55555_26,1697086,PLANT03,PORT09,358,455.51681107140666,PLANT03,1013,16
1447335471.7,2018-02-03,PORT04,V444_0,2,DTP,0,0,V55555_26,1654622,PLANT03,PORT09,266,355.89,PLANT03,1013,12
1447165428.7,2018-02-04,PORT04,V444_0,2,DTP,0,0,V55555_26,1677884,PLANT03,PORT09,347,388.76,PLANT03,1013,13
1447389191.7,2018-02-05,PORT04,V444_0,2,DTP,0,0,V55555_26,1677884,PLANT03,PORT09,534,658.5,PLANT03,1013,22
1447266950.7,2018-02-06,PORT04,V444_0,2,DTP,0,0,V55555_26,1677878,PLANT03,PORT09,699,766.62,PLANT03,1013,26
1447323919.7,2018-02-06,PORT04,V444_0,2,DTP,0,0,V55555_26,1677878,PLANT03,PORT09,212,313.02,PLANT03,1013,11
1447283688.7,2018-02-07,PORT04,V444_0,2,DTP,0,0,V55555_26,1677878,PLANT03,PORT09,331,481.0874536660532,PLANT03,1013,17
1447323803.7,2018-02-08,PORT04,V444_0,2,DTP,0,0,V55555_26,1677878,PLANT03,PORT09,252,323.3747923534339,PLANT03,1013,11
1447185795.7,2018-02-09,PORT04,V444_0,2,DTP,0,0,V55555_26,1677884,PLANT03,PORT09,296,419.0068280742264,PLANT03,1013,14
1447283657.7,2018-02-10,PORT04,V444_0,2,DTP,0,0,V55555_26,1677884,PLANT03,PORT09,264,264.32400541058746,PLANT03,1013,9
1447391186.7,2018-02-11,PORT04,V444_0,2,DTP,0,0,V55555_26,1613321,PLANT03,PORT09,211,295.27,PLANT03,1013,10
1447389064.7,2018-02-11,PORT04,V444_0,2,DTP,0,0,V55555_26,1613321,PLANT03,PORT09,541,711.54,PLANT03,1013,24
1447215397.7,2018-02-12,PORT04,V444_0,2,DTP,0,0,V55555_26,1666466,PLANT03,PORT09,674,1000.36,PLANT03,1013,34
1447283765.7,2018-02-12,PORT04,V444_0,2,DTP,0,0,V55555_26,1666466,PLANT03,PORT09,518,549.69,PLANT03,1013,19
1447283696.7,2018-02-13,PORT04,V444_0,2,DTP,0,0,V55555_26,1666466,PLANT03,PORT09,240,277.34003577257226,PLANT03,1013,10
1447367929.7,2018-02-14,PORT04,V444_0,2,DTP,0,0,V55555_26,1666466,PLANT03,PORT09,534,578.96,PLANT03,1013,20
1447283695.7,2018-02-14,PORT04,V444_0,2,DTP,0,0,V55555_26,1666466,PLANT03,PORT09,372,396.81,PLANT03,1013,14
1447367964.7,2018-02-15,PORT04,V444_0,2,DTP,0,0,V55555_26,1666466,PLANT03,PORT09,695,1038.4007137226235,PLANT03,1013,35
1447302732.7,2018-02-15,PORT04,V444_0,2,DTP,0,0,V55555_26,1666295,PLANT03,PORT09,363,439.6460184797035,PLANT03,1013,15
1447302783.7,2018-02-16,PORT04,V444_0,2,DTP,0,0,V55555_26,1666295,PLANT03,PORT09,479,504.902106067668,PLANT03,1013,17
1447266845.7,2018-02-16,PORT04,V444_0,2,DTP,0,0,V55555_26,1666295,PLANT03,PORT09,547,782.55,PLANT03,1013,27
1447391519.7,2018-02-17,PORT04,V444_0,2,DTP,0,0,V55555_26,1666295,PLANT03,PORT09,214,223.74603239216552,PLANT03,1013,8
1447187833.7,2018-02-18,PORT04,V444_0,2,DTP,0,0,V55555_26,1666295,PLANT03,PORT09,557,619.52,PLANT03,1013,21
1447227099.7,2018-02-19,PORT04,V444_0,2,DTP,0,0,V55555_26,1666441,PLANT03,PORT09,651,965.43,PLANT03,1013,33
1447283722.7,2018-02-20,PORT04,V444_0,2,DTP,0,0,V55555_26,1666295,PLANT03,PORT09,469,655.4480095248309,PLANT03,1013,22
1447291830.7,2018-02-20,PORT04,V444_0,2,DTP,0,0,V55555_26,1666317,PLANT03,PORT09,538,611.6636376377007,PLANT03,1013,21
1447356694.7,2018-02-21,PORT04,V444_0,2,DTP,0,0,V55555_26,1666954,PLANT03,PORT09,646,967.754913206114,PLANT03,1013,33
1447346526.7,2018-02-22,PORT04,V444_0,2,DTP,0,0,V55555_26,1666954,PLANT03,PORT09,383,501.35,PLANT03,1013,17
1447170809.7,2018-02-22,PORT04,V444_0,2,DTP,0,0,V55555_26,1666954,PLANT03,PORT09,235,290.25,PLANT03,1013,10
1447283775.7,2018-02-23,PORT04,V444_0,2,DTP,0,0,V55555_26,1666954,PLANT03,PORT09,611,845.91,PLANT03,1013,29
1447367955.7,2018-02-24,PORT04,V444_0,2,DTP,0,0,V55555_26,1666954,PLANT03,PORT09,560,765.6511480450904,PLANT03,1013,26
1447266915.7,2018-02-25,PORT04,V444_0,2,DTP,0,0,V55555_26,1666954,PLANT03,PORT09,650,824.4,PLANT03,1013,28
1447266884.7,2018-02-26,PORT04,V444_0,2,DTP,0,0,V55555_26,1666954,PLANT03,PORT09,207,208.1433795295225,PLANT03,1013,7
1447283686.7,2018-02-26,PORT04,V444_0,2,DTP,0,0,V55555_26,1623991,PLANT03,PORT09,267,303.39,PLANT03,1013,11
1447266644.7,2018-02-27,PORT04,V444_0,2,DTP,0,0,V55555_26,1623991,PLANT03,PORT09,318,375.59,PLANT03,1013,13
1447165426.7,2018-02-27,PORT04,V444_0,2,DTP,0,0,V55555_26,1623991,PLANT03,PORT09,406,489.21,PLANT03,1013,17
1447283700.7,2018-02-28,PORT04,V444_0,2,DTP,0,0,V55555_26,1623991,PLANT03,PORT09,529,766.46,PLANT03,1013,26
1447149217.7,2018-02-28,PORT04,V444_0,2,DTP,0,0,V55555_26,1623991,PLANT03,PORT09,578,638.5415183659643,PLANT03,1013,22
1447382542.7,2018-03-01,PORT04,V444_0,2,DTP,0,0,V55555555_5,1667817,PLANT03,PORT09,339,435.53,PLANT03,1013,15
1447389218.7,2018-03-02,PORT04,V444_0,2,DTP,0,0,V55555555_5,1667817,PLANT03,PORT09,512,647.37,PLANT03,1013,22
1447403233.7,2018-03-02,PORT04,V444_0,2,DTP,0,0,V55555555_5,1667817,PLANT03,PORT09,684,723.27,PLANT03,1013,25
1447178900.7,2018-03-03,PORT04,V444_0,2,DTP,0,0,V55555555_5,1667817,PLANT03,PORT09,506,669.5018869672692,PLANT03,1013,23
1447317044.7,2018-03-03,PORT04,V444_0,2,DTP,0,0,V55555555_5,1667817,PLANT03,PORT09,562,765.01,PLANT03,1013,26
1447339803.7,2018-03-04,PORT04,V444_0,2,DTP,0,0,V55555555_5,1667817,PLANT03,PORT09,275,336.59,PLANT03,1013,12
1447317048.7,2018-03-05,PORT04,V444_0,2,DTP,0,0,V55555555_5,1658532,PLANT03,PORT09,489,559.4525500686601,PLANT03,1013,19
1447411608.7,2018-03-05,PORT04,V444_0,2,DTP,0,0,V55555555_5,1658528,PLANT03,PORT09,389,571.8537082488986,PLANT03,1013,20
1447167540.7,2018-03-06,PORT04,V444_0,2,DTP,0,0,V55555555_5,1658528,PLANT03,PORT09,457,515.49,PLANT03,1013,18
1447391526.7,2018-03-07,PORT04,V444_0,2,DTP,0,0,V55555555_5,1658528,PLANT03,PORT09,209,291.14751757050163,PLANT03,1013,10
1447167734.7,2018-03-07,PORT04,V444_0,2,DTP,0,0,V55555555_5,1658528,PLANT03,PORT09,675,747.96,PLANT03,1013,25
1447345007.7,2018-03-08,PORT04,V444_0,2,DTP,0,0,V55555555_5,1658528,PLANT03,PORT09,254,339.1865227573648,PLANT03,1013,12
1447187875.7,2018-03-09,PORT04,V444_0,2,DTP,0,0,V55555555_5,1649002,PLANT03,PORT09,698,998.98,PLANT03,1013,34
1447190911.7,2018-03-09,PORT04,V444_0,2,DTP,3,0,V55555555_5,1690006,PLANT03,PORT09,348,376.19,PLANT03,1013,13
1447406366.7,2018-03-10,PORT04,V444_0,2,DTP,3,0,V55555555_5,1692109,PLANT03,PORT09,313,350.5,PLANT03,1013,12
1447152991.7,2018-03-11,PORT04,V444_0,2,DTP,3,0,V55555555_5,1692109,PLANT03,PORT09,594,818.7944314729516,PLANT03,1013,28
1447406317.7,2018-03-12,PORT04,V444_0,2,DTP,3,0,V55555555_5,1692108,PLANT03,PORT09,696,721.01,PLANT03,1013,25
1447392210.7,2018-03-12,PORT04,V444_0,2,DTP,3,0,V55555555_5,1700362,PLANT03,PORT09,309,437.98,PLANT03,1013,15
1447312524.7,2018-03-13,PORT04,V444_0,2,DTP,3,0,V55555555_5,1700139,PLANT03,PORT09,301,381.3604603137075,PLANT03,1013,13
1447398159.7,2018-03-13,PORT04,V444_0,2,DTP,3,0,V55555555_5,1700139,PLANT03,PORT09,412,425.37,PLANT03,1013,15
1447304637.7,2018-03-14,PORT04,V444_0,2,DTP,3,0,V55555555_5,1700139,PLANT03,PORT09,470,616.284101595964,PLANT03,1013,21
1447312427.7,2018-03-14,PORT04,V444_0,2,DTP,3,0,V55555555_5,1700139,PLANT03,PORT09,531,715.12,PLANT03,1013,24
1447365226.7,2018-03-15,PORT04,V444_0,2,DTP,3,0,V55555555_5,1700139,PLANT03,PORT09,550,627.014631544553,PLANT03,1013,21
1447285081.7,2018-03-15,PORT04,V444_0,2,DTP,3,0,V55555555_5,1700139,PLANT03,PORT09,400,406.16,PLANT03,1013,14
1447360737.7,2018-03-16,PORT04,V444_0,2,DTP,3,0,V55555555_5,1700139,PLANT03,PORT09,683,954.69,PLANT03,1013,32
1447326102.7,2018-03-17,PORT04,V444_0,2,DTP,3,0,V55555555_5,1700139,PLANT03,PORT09,351,524.7786590136684,PLANT03,1013,18
1447304638.7,2018-03-17,PORT04,V444_0,2,DTP,3,0,V55555555_5,1700130,PLANT03,PORT09,357,521.02,PLANT03,1013,18
1447400278.7,2018-03-18,PORT04,V444_0,2,DTP,3,0,V55555555_5,1700130,PLANT03,PORT09,645,694.4898283548823,PLANT03,1013,24
1447205076.7,2018-03-18,PORT04,V444_0,2,DTP,3,0,V55555555_5,1700130,PLANT03,PORT09,620,812.9932290297098,PLANT03,1013,28
1447301174.7,2018-03-19,PORT04,V444_0,2,DTP,3,0,V55555555_5,1700130,PLANT03,PORT09,427,584.89,PLANT03,1013,20
1447408691.7,2018-03-20,PORT04,V444_0,2,DTP,3,0,V55555555_5,1700130,PLANT03,PORT09,374,469.83,PLANT03,1013,16
1447232283.7,2018-03-20,PORT04,V444_0,2,DTP,3,0,V55555555_5,1700130,PLANT03,PORT09,460,599.49,PLANT03,1013,20
1447322539.7,2018-03-21,PORT04,V444_0,2,DTP,3,0,V55555555_5,1700130,PLANT03,PORT09,268,390.67,PLANT03,1013,14
1447288796.7,2018-03-21,PORT04,V444_0,2,DTP,3,0,V55555555_5,1700130,PLANT03,PORT09,672,712.28,PLANT03,1013,24
1447323636.7,2018-03-22,PORT04,V444_0,2,DTP,3,0,V55555555_5,1700137,PLANT03,PORT09,636,693.4295941137021,PLANT03,1013,24
1447240402.7,2018-03-22,PORT04,V444_0,2,DTP,3,0,V55555555_5,1700137,PLANT03,PORT09,636,901.4860899451136,PLANT03,1013,31
1447225312.7,2018-03-23,PORT04,V444_0,2,DTP,3,0,V55555555_5,1700137,PLANT03,PORT09,472,484.388155412915,PLANT03,1013,17
1447225221.7,2018-03-24,PORT04,V444_0,2,DTP,3,0,V55555555_5,1700137,PLANT03,PORT09,422,482.3292131859623,PLANT03,1013,17
1447352342.7,2018-03-24,PORT04,V444_0,2,DTP,3,0,V55555555_5,1700137,PLANT03,PORT09,577,797.66,PLANT03,1013,27
1447275548.7,2018-03-25,PORT04,V444_0,2,DTP,3,0,V55555555_5,1700137,PLANT03,PORT09,254,307.8,PLANT03,1013,11
1447365221.7,2018-03-25,PORT04,V444_0,2,DTP,3,0,V55555555_5,1700137,PLANT03,PORT09,602,605.12,PLANT03,1013,21
1447364686.7,2018-03-26,PORT04,V444_0,2,DTP,3,0,V55555555_5,1700137,PLANT03,PORT09,465,534.37,PLANT03,1013,18
1447178502.7,2018-03-26,PORT04,V444_0,2,DTP,3,0,V55555555_5,1700137,PLANT03,PORT09,228,299.5615318540983,PLANT03,1013,10
1447305231.7,2018-03-27,PORT04,V444_0,2,DTP,0,0,V55555555_5,1675615,PLANT03,PORT09,556,703.09,PLANT03,1013,24
1447175354.7,2018-03-28,PORT04,V444_0,2,DTP,0,0,V55555555_5,1675615,PLANT03,PORT09,327,372.6888360355687,PLANT03,1013,13
1447158619.7,2018-03-28,PORT04,V444_0,2,DTP,0,0,V55555555_5,1675655,PLANT03,PORT09,332,429.65908971717806,PLANT03,1013,15
1447326516.7,2018-03-29,PORT04,V444_0,2,DTP,0,0,V55555555_5,1675655,PLANT03,PORT09,674,750.8958906725308,PLANT03,1013,26
1447326517.7,2018-03-29,PORT04,V444_0,2,DTP,0,0,V55555555_5,1675655,PLANT03,PORT09,316,371.4807031079763,PLANT03,1013,13
1447329755.7,2018-03-30,PORT04,V444_0,2,DTP,0,0,V55555555_5,1675655,PLANT03,PORT09,365,466.06,PLANT03,1013,16
1447267044.7,2018-03-30,PORT04,V444_0,2,DTP,0,0,V55555555_5,1675654,PLANT03,PORT09,444,572.6840679361422,PLANT03,1013,20
1447348787.7,2018-03-31,PORT04,V444_0,2,DTP,0,0,V55555555_5,1675654,PLANT03,PORT09,357,458.7874766770031,PLANT03,1013,16
1447229596.7,2018-04-01,PORT04,V444_0,2,DTP,0,0,V55555555_5,1675654,PLANT03,PORT09,448,537.5624708944459,PLANT03,1013,18
1447360924.7,2018-04-02,PORT04,V444_0,2,DTP,0,0,V55555555_5,1675654,PLANT03,PORT09,568,723.0240698896125,PLANT03,1013,25
1447391525.7,2018-04-02,PORT04,V444_0,2,DTP,0,0,V55555555_5,1675655,PLANT03,PORT09,613,835.74,PLANT03,1013,28
1447382540.7,2018-04-03,PORT04,V444_0,2,DTP,0,0,V55555555_5,1675654,PLANT03,PORT09,276,304.22,PLANT03,1013,11
1447391524.7,2018-04-04,PORT04,V444_0,2,DTP,0,0,V55555555_5,1675655,PLANT03,PORT09,238,255.8374211440508,PLANT03,1013,9
1447167731.7,2018-04-04,PORT04,V444_0,2,DTP,0,0,V55555555_5,1675655,PLANT03,PORT09,371,494.23765821831626,PLANT03,1013,17
1447345011.7,2018-04-05,PORT04,V444_0,2,DTP,0,0,V55555555_5,1675655,PLANT03,PORT09,244,297.2256299880271,PLANT03,1013,10
1447209217.7,2018-04-06,PORT04,V444_0,2,DTP,3,0,V55555555_5,1693700,PLANT03,PORT09,682,943.0519887478667,PLANT03,1013,32
1447209216.7,2018-04-06,PORT04,V444_0,2,DTP,3,0,V55555555_5,1693700,PLANT03,PORT09,313,351.39,PLANT03,1013,12
1447209215.7,2018-04-07,PORT04,V444_0,2,DTP,3,0,V55555555_5,1693700,PLANT03,PORT09,388,558.6657834136819,PLANT03,1013,19
1447209214.7,2018-04-07,PORT04,V444_0,2,DTP,3,0,V55555555_5,1693700,PLANT03,PORT09,622,813.3043671731469,PLANT03,1013,28
1447152136.7,2018-04-08,PORT04,V444_0,2,DTP,3,0,V55555555_5,1693700,PLANT03,PORT09,541,602.02,PLANT03,1013,21
1447209218.7,2018-04-08,PORT04,V444_0,2,DTP,3,0,V55555555_5,1693700,PLANT03,PORT09,265,338.38,PLANT03,1013,12
1447137162.7,2018-04-09,PORT04,V444_0,2,DTP,3,0,V55555555_5,1696074,PLANT03,PORT09,404,406.26225966165225,PLANT03,1013,14
1447152994.7,2018-04-10,PORT04,V444_0,2,DTP,3,0,V55555555_5,1696074,PLANT03,PORT09,334,444.9454966746073,PLANT03,1013,15
1447137166.7,2018-04-11,PORT04,V444_0,2,DTP,3,0,V55555555_5,1696074,PLANT03,PORT09,533,585.68,PLANT03,1013,20
1447137159.7,2018-04-11,PORT04,V444_0,2,DTP,3,0,V55555555_5,1696074,PLANT03,PORT09,697,921.8302876915984,PLANT03,1013,31
1447269698.7,2018-04-12,PORT04,V444_0,2,DTP,3,0,V55555555_5,1696074,PLANT03,PORT09,689,1014.55,PLANT03,1013,34
1447269696.7,2018-04-13,PORT04,V444_0,2,DTP,3,0,V55555555_5,1696074,PLANT03,PORT09,348,487.63,PLANT03,1013,17
1447137167.7,2018-04-13,PORT04,V444_0,2,DTP,3,0,V55555555_5,1696074,PLANT03,PORT09,556,685.23,PLANT03,1013,23
1447152993.7,2018-04-14,PORT04,V444_0,2,DTP,3,0,V55555555_5,1696074,PLANT03,PORT09,560,778.29,PLANT03,1013,26
1447137165.7,2018-04-14,PORT04,V444_0,2,DTP,3,0,V55555555_5,1696074,PLANT03,PORT09,598,637.06,PLANT03,1013,22
1447137161.7,2018-04-15,PORT04,V444_0,2,DTP,3,0,V55555555_5,1696074,PLANT03,PORT09,521,745.1867558386057,PLANT03,1013,25
1447137158.7,2018-04-15,PORT04,V444_0,2,DTP,3,0,V55555555_5,1696074,PLANT03,PORT09,391,400.13,PLANT03,1013,14
1447269697.7,2018-04-16,PORT04,V444_0,2,DTP,3,0,V55555555_5,1696074,PLANT03,PORT09,442,539.8121741547054,PLANT03,1013,18
1447152992.7,2018-04-16,PORT04,V444_0,2,DTP,3,0,V55555555_5,1696074,PLANT03,PORT09,277,286.47,PLANT03,1013,10
1447152996.7,2018-04-17,PORT04,V444_0,2,DTP,3,0,V55555555_5,1696074,PLANT03,PORT09,311,448.86,PLANT03,1013,15
1447137164.7,2018-04-18,PORT04,V444_0,2,DTP,3,0,V55555555_5,1696074,PLANT03,PORT09,355,455.4326937325556,PLANT03,1013,16
1447269695.7,2018-04-19,PORT04,V444_0,2,DTP,3,0,V55555555_5,1696074,PLANT03,PORT09,217,310.22126863610526,PLANT03,1013,11
1447137157.7,2018-04-20,PORT04,V444_0,2,DTP,3,0,V55555555_5,1696074,PLANT03,PORT09,465,504.4986518925391,PLANT03,1013,17
1447137160.7,2018-04-20,PORT04,V444_0,2,DTP,3,0,V55555555_5,1696074,PLANT03,PORT09,211,295.4826501109457,PLANT03,1013,10
1447152995.7,2018-04-21,PORT04,V444_0,2,DTP,3,0,V55555555_5,1696074,PLANT03,PORT09,394,480.27,PLANT03,1013,17
1447137163.7,2018-04-22,PORT04,V444_0,2,DTP,3,0,V55555555_5,1696074,PLANT03,PORT09,509,693.3746569488768,PLANT03,1013,24
1447369960.7,2018-04-23,PORT04,V444_0,2,DTP,3,0,V55555555_5,1696073,PLANT03,PORT09,391,470.0,PLANT03,1013,16
1447220216.7,2018-04-23,PORT04,V444_0,2,DTP,3,0,V55555555_5,1696073,PLANT03,PORT09,643,683.93,PLANT03,1013,23
1447269701.7,2018-04-24,PORT04,V444_0,2,DTP,3,0,V55555555_5,1696075,PLANT03,PORT09,310,359.60858003359914,PLANT03,1013,12
1447182491.7,2018-04-25,PORT04,V444_0,2,DTP,3,0,V55555555_5,1696075,PLANT03,PORT09,281,283.4542723041999,PLANT03,1013,10
1447269700.7,2018-04-25,PORT04,V444_0,2,DTP,3,0,V55555555_5,1696075,PLANT03,PORT09,586,657.52,PLANT03,1013,22
1447182490.7,2018-04-26,PORT04,V444_0,2,DTP,3,0,V55555555_5,1696075,PLANT03,PORT09,661,985.3451329798074,PLANT03,1013,33
1447269699.7,2018-04-27,PORT04,V444_0,2,DTP,3,0,V55555555_5,1696075,PLANT03,PORT09,335,491.2712268849858,PLANT03,1013,17
1447137155.7,2018-04-27,PORT04,V444_0,2,DTP,3,0,V55555555_5,1695348,PLANT03,PORT09,497,604.9033211478517,PLANT03,1013,21
1447189693.7,2018-04-28,PORT04,V444_0,2,DTP,3,0,V55555555_5,1695348,PLANT03,PORT09,248,271.65,PLANT03,1013,10
1447383111.7,2018-04-28,PORT04,V444_0,2,DTP,3,0,V55555555_5,1695348,PLANT03,PORT09,467,520.1914764589519,PLANT03,1013,18
1447137154.7,2018-04-29,PORT04,V444_0,2,DTP,3,0,V55555555_5,1695348,PLANT03,PORT09,642,884.51,PLANT03,1013,30
1447199986.7,2018-04-29,PORT04,V444_0,2,DTP,3,0,V55555555_5,1695348,PLANT03,PORT09,282,384.1833027959467,PLANT03,1013,13
1447361236.7,2018-04-30,PORT04,V444_0,2,DTP,3,0,V55555555_5,1695348,PLANT03,PORT09,427,554.7031174566088,PLANT03,1013,19
1447137153.7,2018-05-01,PORT04,V444_0,2,DTP,3,0,V55555555_5,1695348,PLANT03,PORT09,265,266.45268403992947,PLANT03,1013,9
1447189692.7,2018-05-02,PORT04,V444_0,2,DTP,3,0,V55555555_5,1695348,PLANT03,PORT09,692,903.78,PLANT03,1013,31
1447361237.7,2018-05-03,PORT04,V444_0,2,DTP,3,0,V55555555_5,1695348,PLANT03,PORT09,414,572.07,PLANT03,1013,20
1447137152.7,2018-05-03,PORT04,V444_0,2,DTP,3,0,V55555555_5,1695348,PLANT03,PORT09,347,424.83,PLANT03,1013,15
1447199985.7,2018-05-04,PORT04,V444_0,2,DTP,3,0,V55555555_5,1695348,PLANT03,PORT09,319,386.72,PLANT03,1013,13
1447361235.7,2018-05-05,PORT04,V444_0,2,DTP,3,0,V55555555_5,1695348,PLANT03,PORT09,683,972.45,PLANT03,1013,33
1447137156.7,2018-05-06,PORT04,V444_0,2,DTP,3,0,V55555555_5,1695348,PLANT03,PORT09,453,654.58,PLANT03,1013,22
1447199984.7,2018-05-07,PORT04,V444_0,2,DTP,3,0,V55555555_5,1695348,PLANT03,PORT09,645,900.2550033061842,PLANT03,1013,31
1447189691.7,2018-05-07,PORT04,V444_0,2,DTP,3,0,V55555555_5,1695348,PLANT03,PORT09,277,290.67951361872707,PLANT03,1013,10
1447267047.7,2018-05-08,PORT04,V444_0,2,DTP,0,0,V55555555_5,1679638,PLANT03,PORT09,610,892.2910193879782,PLANT03,1013,30
1447403236.7,2018-05-08,PORT04,V444_0,2,DTP,0,0,V55555555_5,1655818,PLANT03,PORT09,577,660.914245284918,PLANT03,1013,23
1447403234.7,2018-05-09,PORT04,V444_0,2,DTP,0,0,V55555555_5,1655818,PLANT03,PORT09,209,235.8370087663015,PLANT03,1013,8
1447403235.7,2018-05-10,PORT04,V444_0,2,DTP,0,0,V55555555_5,1655818,PLANT03,PORT09,585,608.29,PLANT03,1013,21
1447370097.7,2018-05-10,PORT04,V444_0,2,DTP,0,0,V55555555_5,1655818,PLANT03,PORT09,388,518.7000596578447,PLANT03,1013,18
1447370095.7,2018-05-11,PORT04,V444_0,2,DTP,0,0,V55555555_5,1655818,PLANT03,PORT09,389,426.5,PLANT03,1013,15
1447370099.7,2018-05-12,PORT04,V444_0,2,DTP,0,0,V55555555_5,1655818,PLANT03,PORT09,436,537.24,PLANT03,1013,18
1447370096.7,2018-05-13,PORT04,V444_0,2,DTP,0,0,V55555555_5,1655818,PLANT03,PORT09,647,807.4,PLANT03,1013,27
1447370098.7,2018-05-13,PORT04,V444_0,2,DTP,0,0,V55555555_5,1655818,PLANT03,PORT09,603,874.568831752381,PLANT03,1013,30
1447300249.7,2018-05-14,PORT04,V444_0,2,DTP,0,0,V55555555_5,1655818,PLANT03,PORT09,698,802.47,PLANT03,1013,27
1447285150.7,2018-05-14,PORT04,V444_0,2,DTP,3,0,V55555555_5,1700142,PLANT03,PORT09,408,506.78,PLANT03,1013,17
1447306365.7,2018-05-15,PORT04,V444_0,2,DTP,3,0,V55555555_5,1700142,PLANT03,PORT09,398,480.5093924168991,PLANT03,1013,17
1447375087.7,2018-05-16,PORT04,V444_0,2,DTP,3,0,V55555555_5,1700142,PLANT03,PORT09,633,688.16,PLANT03,1013,23
1447360738.7,2018-05-17,PORT04,V444_0,2,DTP,3,0,V55555555_5,1700142,PLANT03,PORT09,592,710.25,PLANT03,1013,24
1447327136.7,2018-05-18,PORT04,V444_0,2,DTP,3,0,V55555555_5,1700142,PLANT03,PORT09,391,473.8320112159301,PLANT03,1013,16
1447265524.7,2018-05-18,PORT04,V444_0,2,DTP,3,0,V55555555_5,1700142,PLANT03,PORT09,425,544.2032561431436,PLANT03,1013,19
1447309527.7,2018-05-19,PORT04,V444_0,2,DTP,3,0,V55555555_5,1700142,PLANT03,PORT09,483,560.1004943173671,PLANT03,1013,19
1447400280.7,2018-05-20,PORT04,V444_0,2,DTP,3,0,V55555555_5,1700140,PLANT03,PORT09,449,658.1,PLANT03,1013,22
1447398242.7,2018-05-20,PORT04,V444_0,2,DTP,3,0,V55555555_5,1700140,PLANT03,PORT09,532,714.5750139175232,PLANT03,1013,24
1447258671.7,2018-05-21,PORT04,V444_0,2,DTP,3,0,V55555555_5,1700140,PLANT03,PORT09,402,413.7767684297372,PLANT03,1013,14
1447309533.7,2018-05-21,PORT04,V444_0,2,DTP,3,0,V55555555_5,1700140,PLANT03,PORT09,452,637.95,PLANT03,1013,22
1447205136.7,2018-05-22,PORT04,V444_0,2,DTP,3,0,V55555555_5,1700140,PLANT03,PORT09,571,687.24,PLANT03,1013,23
1447225222.7,2018-05-22,PORT04,V444_0,2,DTP,3,0,V55555555_5,1700140,PLANT03,PORT09,355,410.82,PLANT03,1013,14
1447232284.7,2018-05-23,PORT04,V444_0,2,DTP,3,0,V55555555_5,1700140,PLANT03,PORT09,491,586.53,PLANT03,1013,20
1447292282.7,2018-05-24,PORT04,V444_0,2,DTP,3,0,V55555555_5,1700140,PLANT03,PORT09,255,276.10574981846787,PLANT03,1013,10
1447266647.7,2018-05-25,PORT04,V444_0,2,DTP,3,0,V55555555_5,1700140,PLANT03,PORT09,674,809.1,PLANT03,1013,27
1447400281.7,2018-05-25,PORT04,V444_0,2,DTP,3,0,V55555555_5,1700140,PLANT03,PORT09,484,658.95,PLANT03,1013,22
1447408693.7,2018-05-26,PORT04,V444_0,2,DTP,3,0,V55555555_5,1700140,PLANT03,PORT09,377,527.5876191581887,PLANT03,1013,18
1447205141.7,2018-05-27,PORT04,V444_0,2,DTP,3,0,V55555555_5,1700143,PLANT03,PORT09,531,787.2448560458556,PLANT03,1013,27
1447288797.7,2018-05-28,PORT04,V444_0,2,DTP,3,0,V55555555_5,1700143,PLANT03,PORT09,277,340.52,PLANT03,1013,12
1447291613.7,2018-05-28,PORT04,V444_0,2,DTP,3,0,V55555555_5,1700143,PLANT03,PORT09,696,1003.8,PLANT03,1013,34
1447226828.7,2018-05-29,PORT04,V444_0,2,DTP,3,0,V55555555_5,1700143,PLANT03,PORT09,502,638.43,PLANT03,1013,22
1447408692.7,2018-05-29,PORT04,V444_0,2,DTP,3,0,V55555555_5,1700143,PLANT03,PORT09,373,549.9765406877805,PLANT03,1013,19
1447299385.7,2018-05-30,PORT04,V444_0,2,DTP,3,0,V55555555_5,1700143,PLANT03,PORT09,622,815.1932449719005,PLANT03,1013,28
1447265523.7,2018-05-31,PORT04,V444_0,2,DTP,3,0,V55555555_5,1700143,PLANT03,PORT09,365,430.9648229713539,PLANT03,1013,15
1447304636.7,2018-05-31,PORT04,V444_0,2,DTP,3,0,V55555555_5,1700143,PLANT03,PORT09,309,405.9797139013143,PLANT03,1013,14
1447400279.7,2018-06-01,PORT04,V444_0,2,DTP,3,0,V55555555_5,1700143,PLANT03,PORT09,484,655.66,PLANT03,1013,22
1447167727.7,2018-06-01,PORT04,V444_0,2,DTP,0,0,V55555555_5,1654766,PLANT03,PORT09,427,578.31,PLANT03,1013,20
1447295509.7,2018-06-02,PORT04,V444_0,2,DTP,0,0,V55555555_5,1654766,PLANT03,PORT09,361,489.613832648506,PLANT03,1013,17
1447345006.7,2018-06-03,PORT04,V444_0,2,DTP,0,0,V55555555_5,1654766,PLANT03,PORT09,431,485.4,PLANT03,1013,17
1447144657.7,2018-06-03,PORT04,V444_0,2,DTP,0,0,V55555555_5,1654766,PLANT03,PORT09,631,848.69,PLANT03,1013,29
1447391527.7,2018-06-04,PORT04,V444_0,2,DTP,0,0,V55555555_5,1655982,PLANT03,PORT09,269,390.2146310905127,PLANT03,1013,14
1447241613.7,2018-06-04,PORT04,V444_0,2,DTP,0,0,V55555555_5,1655982,PLANT03,PORT09,423,470.4535840569383,PLANT03,1013,16
1447144416.7,2018-06-05,PORT04,V444_0,2,DTP,0,0,V55555555_5,1655982,PLANT03,PORT09,441,561.57,PLANT03,1013,19
1447145262.7,2018-06-05,PORT04,V444_0,2,DTP,0,0,V55555555_5,1655982,PLANT03,PORT09,254,359.7603508934947,PLANT03,1013,12
1447411607.7,2018-06-06,PORT04,V444_0,2,DTP,0,0,V55555555_5,1651302,PLANT03,PORT09,385,477.6456589734862,PLANT03,1013,16
1447329754.7,2018-06-06,PORT04,V444_0,2,DTP,0,0,V55555555_5,1651299,PLANT03,PORT09,633,826.9513810810854,PLANT03,1013,28
1447391528.7,2018-06-07,PORT04,V444_0,2,DTP,0,0,V55555555_5,1651299,PLANT03,PORT09,461,660.43,PLANT03,1013,23
1447267045.7,2018-06-07,PORT04,V444_0,2,DTP,0,0,V55555555_5,1651299,PLANT03,PORT09,382,520.31,PLANT03,1013,18
1447295513.7,2018-06-08,PORT04,V444_0,2,DTP,0,0,V55555555_5,1651299,PLANT03,PORT09,311,405.38,PLANT03,1013,14
1447382541.7,2018-06-08,PORT04,V444_0,2,DTP,0,0,V55555555_5,1651299,PLANT03,PORT09,377,440.6481878189771,PLANT03,1013,15
1447144656.7,2018-06-09,PORT04,V444_0,2,DTP,0,0,V55555555_5,1651299,PLANT03,PORT09,310,362.00679215923424,PLANT03,1013,13
1447329753.7,2018-06-09,PORT04,V444_0,2,DTP,0,0,V55555555_5,1651299,PLANT03,PORT09,420,602.6513992829244,PLANT03,1013,21
1447237190.7,2018-06-10,PORT04,V444_0,2,DTP,3,0,V55555555_5,1689543,PLANT03,PORT09,498,563.5874993770053,PLANT03,1013,19
1447329457.7,2018-06-10,PORT04,V444_0,2,DTP,3,0,V55555555_5,1688288,PLANT03,PORT09,691,756.0,PLANT03,1013,26
1447373165.7,2018-06-11,PORT04,V444_0,2,DTP,3,0,V55555555_5,1688288,PLANT03,PORT09,257,323.89,PLANT03,1013,11
1447348988.7,2018-06-11,PORT04,V444_0,2,DTP,3,0,V55555555_5,1688288,PLANT03,PORT09,410,468.77,PLANT03,1013,16
1447237189.7,2018-06-12,PORT04,V444_0,2,DTP,3,0,V55555555_5,1688288,PLANT03,PORT09,449,594.29,PLANT03,1013,20
1447267038.7,2018-06-13,PORT04,V444_0,2,DTP,0,0,V55555555_5,1688633,PLANT03,PORT09,573,805.357713982223,PLANT03,1013,27
1447295517.7,2018-06-13,PORT04,V444_0,2,DTP,0,0,V55555555_5,1688633,PLANT03,PORT09,229,231.66637059617565,PLANT03,1013,8
1447144654.7,2018-06-14,PORT04,V444_0,2,DTP,0,0,V55555555_5,1688575,PLANT03,PORT09,362,454.3225232000781,PLANT03,1013,16
1447382544.7,2018-06-15,PORT04,V444_0,2,DTP,0,0,V55555555_5,1688575,PLANT03,PORT09,262,375.06,PLANT03,1013,13
1447144653.7,2018-06-15,PORT04,V444_0,2,DTP,0,0,V55555555_5,1688575,PLANT03,PORT09,623,770.28,PLANT03,1013,26
1447382543.7,2018-06-16,PORT04,V444_0,2,DTP,0,0,V55555555_5,1688575,PLANT03,PORT09,470,539.17,PLANT03,1013,18
1447360925.7,2018-06-16,PORT04,V444_0,2,DTP,0,0,V55555555_5,1689546,PLANT03,PORT09,203,229.9786413257603,PLANT03,1013,8
1447382546.7,2018-06-17,PORT04,V444_0,2,DTP,0,0,V55555555_5,1689546,PLANT03,PORT09,342,386.06,PLANT03,1013,13
1447305236.7,2018-06-17,PORT04,V444_0,2,DTP,0,0,V55555555_5,1689546,PLANT03,PORT09,310,439.65,PLANT03,1013,15
1447382545.7,2018-06-18,PORT04,V444_0,2,DTP,0,0,V55555555_5,1689546,PLANT03,PORT09,482,572.99,PLANT03,1013,20
1447345010.7,2018-06-18,PORT04,V444_0,2,DTP,0,0,V55555555_5,1689546,PLANT03,PORT09,396,581.6750970712737,PLANT03,1013,20
1447410956.7,2018-06-19,PORT04,V444_0,2,DTP,0,0,V55555555_5,1689546,PLANT03,PORT09,348,493.88,PLANT03,1013,17
1447345009.7,2018-06-19,PORT04,V444_0,2,DTP,0,0,V55555555_5,1689546,PLANT03,PORT09,625,689.54,PLANT03,1013,23
1447360918.7,2018-06-20,PORT04,V444_0,2,DTP,0,0,V55555555_5,1689546,PLANT03,PORT09,285,396.97395643111,PLANT03,1013,14
1447317052.7,2018-06-21,PORT04,V444_0,2,DTP,0,0,V55555555_5,1689546,PLANT03,PORT09,646,942.4502204876956,PLANT03,1013,32
1447382548.7,2018-06-21,PORT04,V444_0,2,DTP,0,0,V55555555_5,1689546,PLANT03,PORT09,239,336.8860614765396,PLANT03,1013,12
1447267039.7,2018-06-22,PORT04,V444_0,2,DTP,0,0,V55555555_5,1689546,PLANT03,PORT09,294,382.47,PLANT03,1013,13
1447317051.7,2018-06-22,PORT04,V444_0,2,DTP,0,0,V55555555_5,1689546,PLANT03,PORT09,337,465.154042465107,PLANT03,1013,16
1447295518.7,2018-06-23,PORT04,V444_0,2,DTP,0,0,V55555555_5,1689546,PLANT03,PORT09,611,738.81,PLANT03,1013,25
1447382547.7,2018-06-23,PORT04,V444_0,2,DTP,0,0,V55555555_5,1689546,PLANT03,PORT09,689,715.7316779907834,PLANT03,1013,24
1447339802.7,2018-06-24,PORT04,V444_0,2,DTP,0,0,V55555555_5,1689548,PLANT03,PORT09,200,202.25,PLANT03,1013,7
1447242896.7,2018-06-24,PORT04,V444_0,2,DTP,0,0,V55555555_5,1689548,PLANT03,PORT09,493,682.33,PLANT03,1013,23
1447317053.7,2018-06-25,PORT04,V444_0,2,DTP,0,0,V55555555_5,1689548,PLANT03,PORT09,231,325.99,PLANT03,1013,11
1447295519.7,2018-06-26,PORT04,V444_0,2,DTP,0,0,V55555555_5,1689548,PLANT03,PORT09,434,626.3892924300945,PLANT03,1013,21
1447149403.7,2018-06-27,PORT04,V444_0,2,DTP,0,0,V55555555_5,1689548,PLANT03,PORT09,558,704.87,PLANT03,1013,24
1447374422.7,2018-06-28,PORT04,V444_0,2,DTP,0,0,V55555555_5,1689548,PLANT03,PORT09,578,650.8691133320845,PLANT03,1013,22
1447149404.7,2018-06-28,PORT04,V444_0,2,DTP,0,0,V55555555_5,1689548,PLANT03,PORT09,372,385.7571528323978,PLANT03,1013,13
1447348792.7,2018-06-29,PORT04,V444_0,2,DTP,0,0,V55555555_5,1689548,PLANT03,PORT09,700,913.04,PLANT03,1013,31
1447267041.7,2018-06-29,PORT04,V444_0,2,DTP,0,0,V55555555_5,1689548,PLANT03,PORT09,465,571.0,PLANT03,1013,20
1447348791.7,2018-06-30,PORT04,V444_0,2,DTP,0,0,V55555555_5,1689547,PLANT03,PORT09,435,552.12,PLANT03,1013,19
1447305237.7,2018-06-30,PORT04,V444_0,2,DTP,0,0,V55555555_5,1689547,PLANT03,PORT09,513,716.95,PLANT03,1013,24
1447220218.7,2018-07-01,PORT04,V444_0,2,DTP,0,0,V55555555_5,1689547,PLANT03,PORT09,301,387.43,PLANT03,1013,13
1447267040.7,2018-07-01,PORT04,V444_0,2,DTP,0,0,V55555555_5,1689547,PLANT03,PORT09,506,525.4890959959808,PLANT03,1013,18
1447348989.7,2018-07-02,PORT04,V444_0,2,DTP,3,0,V55555555_5,1690621,PLANT03,PORT09,688,945.36,PLANT03,1013,32
1447392208.7,2018-07-03,PORT04,V444_0,2,DTP,3,0,V55555555_5,1690621,PLANT03,PORT09,377,455.425595618281,PLANT03,1013,16
1447348990.7,2018-07-03,PORT04,V444_0,2,DTP,3,0,V55555555_5,1690627,PLANT03,PORT09,386,505.06,PLANT03,1013,17
1447392209.7,2018-07-04,PORT04,V444_0,2,DTP,3,0,V55555555_5,1690627,PLANT03,PORT09,324,350.60705289015107,PLANT03,1013,12
1447334103.7,2018-07-05,PORT04,V444_0,2,DTP,3,0,V55555555_5,1689788,PLANT03,PORT09,549,623.44,PLANT03,1013,21
1447349661.7,2018-07-06,PORT04,V444_0,2,DTP,3,0,V55555555_5,1689788,PLANT03,PORT09,557,573.37,PLANT03,1013,20
1447191826.7,2018-07-07,PORT04,V444_0,2,DTP,3,0,V55555555_5,1689788,PLANT03,PORT09,389,516.1035972853292,PLANT03,1013,18
1447168263.7,2018-07-08,PORT04,V444_0,2,DTP,3,0,V55555555_5,1689788,PLANT03,PORT09,492,681.95,PLANT03,1013,23
1447334102.7,2018-07-08,PORT04,V444_0,2,DTP,3,0,V55555555_5,1689788,PLANT03,PORT09,336,343.549156012058,PLANT03,1013,12
1447349660.7,2018-07-09,PORT04,V444_0,2,DTP,3,0,V55555555_5,1689788,PLANT03,PORT09,347,378.18,PLANT03,1013,13
1447191825.7,2018-07-10,PORT04,V444_0,2,DTP,3,0,V55555555_5,1689788,PLANT03,PORT09,499,615.79,PLANT03,1013,21
1447168264.7,2018-07-11,PORT04,V444_0,2,DTP,3,0,V55555555_5,1689788,PLANT03,PORT09,454,604.0737695074341,PLANT03,1013,21
1447349663.7,2018-07-11,PORT04,V444_0,2,DTP,3,0,V55555555_5,1689788,PLANT03,PORT09,596,878.95,PLANT03,1013,30
1447349662.7,2018-07-12,PORT04,V444_0,2,DTP,3,0,V55555555_5,1689788,PLANT03,PORT09,296,384.65,PLANT03,1013,13
1447305820.7,2018-07-13,PORT04,V444_0,2,DTP,3,0,V55555555_5,1683282,PLANT03,PORT09,355,477.3976829617237,PLANT03,1013,16
1447339005.7,2018-07-14,PORT04,V444_0,2,DTP,3,0,V55555555_5,1683282,PLANT03,PORT09,404,485.3562309869832,PLANT03,1013,17
1447361714.7,2018-07-15,PORT04,V444_0,2,DTP,3,0,V55555555_5,1683282,PLANT03,PORT09,316,355.9333416622556,PLANT03,1013,12
1447260494.7,2018-07-15,PORT04,V444_0,2,DTP,3,0,V55555555_5,1683282,PLANT03,PORT09,481,662.16,PLANT03,1013,23
1447295508.7,2018-07-16,PORT04,V444_0,2,DTP,0,0,V55555555_5,1678494,PLANT03,PORT09,657,663.17,PLANT03,1013,23
1447170621.7,2018-07-16,PORT04,V444_0,2,DTP,0,0,V55555555_5,1678494,PLANT03,PORT09,380,416.58,PLANT03,1013,14
1447170507.7,2018-07-17,PORT04,V444_0,2,DTP,0,0,V55555555_5,1678494,PLANT03,PORT09,328,345.04,PLANT03,1013,12
1447381143.7,2018-07-17,PORT04,V444_0,2,DTP,0,0,V55555555_5,1678494,PLANT03,PORT09,667,802.85,PLANT03,1013,27
1447326519.7,2018-07-18,PORT04,V444_0,2,DTP,0,0,V55555555_5,1656246,PLANT03,PORT09,220,308.5772895659782,PLANT03,1013,11
1447317047.7,2018-07-18,PORT04,V444_0,2,DTP,0,0,V55555555_5,1656246,PLANT03,PORT09,315,416.49,PLANT03,1013,14
1447360922.7,2018-07-19,PORT04,V444_0,2,DTP,0,0,V55555555_5,1656246,PLANT03,PORT09,646,750.113659711553,PLANT03,1013,26
1447305230.7,2018-07-19,PORT04,V444_0,2,DTP,0,0,V55555555_5,1656246,PLANT03,PORT09,520,600.73,PLANT03,1013,21
1447220693.7,2018-07-20,PORT04,V444_0,2,DTP,0,0,V55555555_5,1672706,PLANT03,PORT09,536,579.49,PLANT03,1013,20
1447361713.7,2018-07-20,PORT04,V444_0,2,DTP,0,0,V55555555_5,1672713,PLANT03,PORT09,686,769.7137637077234,PLANT03,1013,26
1447305235.7,2018-07-21,PORT04,V444_0,2,DTP,0,0,V55555555_5,1672712,PLANT03,PORT09,563,804.53,PLANT03,1013,27
1447411610.7,2018-07-21,PORT04,V444_0,2,DTP,0,0,V55555555_5,1672712,PLANT03,PORT09,648,836.92,PLANT03,1013,28
1447185849.7,2018-07-22,PORT04,V444_0,2,DTP,0,0,V55555555_5,1672721,PLANT03,PORT09,345,402.3817170951402,PLANT03,1013,14
1447200760.7,2018-07-22,PORT04,V444_0,2,DTP,0,0,V55555555_5,1672707,PLANT03,PORT09,265,332.47,PLANT03,1013,12
1447167735.7,2018-07-23,PORT04,V444_0,2,DTP,0,0,V55555555_5,1672721,PLANT03,PORT09,562,720.8461977470689,PLANT03,1013,25
1447187873.7,2018-07-23,PORT04,V444_0,2,DTP,0,0,V55555555_5,1672721,PLANT03,PORT09,558,682.86,PLANT03,1013,23
1447348986.7,2018-07-24,PORT04,V444_0,2,DTP,0,0,V55555555_5,1672713,PLANT03,PORT09,354,355.8113925843501,PLANT03,1013,12
1447136686.7,2018-07-24,PORT04,V444_0,2,DTP,0,0,V55555555_5,1672721,PLANT03,PORT09,524,733.21,PLANT03,1013,25
1447149405.7,2018-07-25,PORT04,V444_0,2,DTP,0,0,V55555555_5,1672713,PLANT03,PORT09,503,507.59,PLANT03,1013,17
1447410496.7,2018-07-25,PORT04,V444_0,2,DTP,3,0,V55555555_5,1682651,PLANT03,PORT09,453,481.86,PLANT03,1013,17
1447392207.7,2018-07-26,PORT04,V444_0,2,DTP,3,0,V55555555_5,1682769,PLANT03,PORT09,413,553.0194678066549,PLANT03,1013,19
1447200832.7,2018-07-26,PORT04,V444_0,2,DTP,3,0,V55555555_5,1682769,PLANT03,PORT09,592,880.69,PLANT03,1013,30
1447410497.7,2018-07-27,PORT04,V444_0,2,DTP,3,0,V55555555_5,1682736,PLANT03,PORT09,640,670.3,PLANT03,1013,23
1447403228.7,2018-07-27,PORT04,V444_0,2,DTP,0,0,V55555555_5,1682832,PLANT03,PORT09,603,777.5493726612115,PLANT03,1013,26
1447150728.7,2018-07-28,PORT04,V444_0,2,DTP,0,0,V55555555_5,1682832,PLANT03,PORT09,528,744.0079683618023,PLANT03,1013,25
1447370094.7,2018-07-28,PORT04,V444_0,2,DTP,0,0,V55555555_5,1682832,PLANT03,PORT09,213,291.04,PLANT03,1013,10
1447178895.7,2018-07-29,PORT04,V444_0,2,DTP,0,0,V55555555_5,1682805,PLANT03,PORT09,499,688.3834765117434,PLANT03,1013,23
1447242377.7,2018-07-30,PORT04,V444_0,2,DTP,0,0,V55555555_5,1682805,PLANT03,PORT09,673,1008.56,PLANT03,1013,34
1447220220.7,2018-07-30,PORT04,V444_0,2,DTP,0,0,V55555555_5,1682805,PLANT03,PORT09,419,495.1800133675574,PLANT03,1013,17
1447178894.7,2018-07-31,PORT04,V444_0,2,DTP,0,0,V55555555_5,1682805,PLANT03,PORT09,292,437.2427022783508,PLANT03,1013,15
1447242379.7,2018-07-31,PORT04,V444_0,2,DTP,0,0,V55555555_5,1682805,PLANT03,PORT09,474,512.01,PLANT03,1013,18
1447178893.7,2018-08-01,PORT04,V444_0,2,DTP,0,0,V55555555_5,1682805,PLANT03,PORT09,571,847.0646225113135,PLANT03,1013,29
1447178892.7,2018-08-02,PORT04,V444_0,2,DTP,0,0,V55555555_5,1682805,PLANT03,PORT09,454,552.53,PLANT03,1013,19
1447242378.7,2018-08-02,PORT04,V444_0,2,DTP,0,0,V55555555_5,1682805,PLANT03,PORT09,382,480.47,PLANT03,1013,17
1447229595.7,2018-08-03,PORT04,V444_0,2,DTP,0,0,V55555555_5,1689147,PLANT03,PORT09,358,493.4354790681002,PLANT03,1013,17
1447165446.7,2018-08-04,PORT04,V444_0,2,DTP,0,0,V55555555_5,1660583,PLANT03,PORT09,507,673.4792060867812,PLANT03,1013,23
1447167002.7,2018-08-04,PORT04,V444_0,2,DTP,0,0,V55555555_5,1660583,PLANT03,PORT09,286,312.95,PLANT03,1013,11
1447125805.7,2018-08-05,PORT04,V444_0,2,DTP,0,0,V55555555_5,1660583,PLANT03,PORT09,289,324.00305288095416,PLANT03,1013,11
1447160937.7,2018-08-06,PORT04,V444_0,2,DTP,0,0,V55555555_5,1660583,PLANT03,PORT09,366,402.42,PLANT03,1013,14
1447167004.7,2018-08-06,PORT04,V444_0,2,DTP,0,0,V55555555_5,1660583,PLANT03,PORT09,305,457.36,PLANT03,1013,16
1447167003.7,2018-08-07,PORT04,V444_0,2,DTP,0,0,V55555555_5,1660583,PLANT03,PORT09,353,506.68,PLANT03,1013,17
1447178897.7,2018-08-07,PORT04,V444_0,2,DTP,0,0,V55555555_5,1660585,PLANT03,PORT09,245,256.4326947330538,PLANT03,1013,9
1447391523.7,2018-08-08,PORT04,V444_0,2,DTP,0,0,V55555555_5,1660579,PLANT03,PORT09,273,354.03,PLANT03,1013,12
1447178896.7,2018-08-08,PORT04,V444_0,2,DTP,0,0,V55555555_5,1660579,PLANT03,PORT09,534,674.6416765988223,PLANT03,1013,23
1447305232.7,2018-08-09,PORT04,V444_0,2,DTP,0,0,V55555555_5,1662552,PLANT03,PORT09,283,287.33,PLANT03,1013,10
1447144655.7,2018-08-10,PORT04,V444_0,2,DTP,0,0,V55555555_5,1641237,PLANT03,PORT09,518,760.2349721087209,PLANT03,1013,26
1447200235.7,2018-08-11,PORT04,V444_0,2,DTP,0,0,V55555555_5,1687346,PLANT03,PORT09,487,719.33,PLANT03,1013,24
1447227182.7,2018-08-12,PORT04,V444_0,2,DTP,0,0,V55555555_5,1687346,PLANT03,PORT09,212,255.18,PLANT03,1013,9
1447411609.7,2018-08-12,PORT04,V444_0,2,DTP,0,0,V55555555_5,1687346,PLANT03,PORT09,658,918.64,PLANT03,1013,31
1447407296.7,2018-08-13,PORT04,V444_0,2,DTP,0,0,V55555555_5,1687346,PLANT03,PORT09,456,459.38,PLANT03,1013,16
1447352665.7,2018-08-14,PORT04,V444_0,2,DTP,0,0,V55555555_5,1687346,PLANT03,PORT09,360,502.074080839467,PLANT03,1013,17
1447408912.7,2018-08-15,PORT04,V444_0,2,DTP,0,0,V55555555_5,1687346,PLANT03,PORT09,415,419.33,PLANT03,1013,14
1447411612.7,2018-08-15,PORT04,V444_0,2,DTP,0,0,V55555555_5,1687346,PLANT03,PORT09,229,311.024256810558,PLANT03,1013,11
1447241612.7,2018-08-16,PORT04,V444_0,2,DTP,0,0,V55555555_5,1677891,PLANT03,PORT09,556,686.0658409862975,PLANT03,1013,23
1447144417.7,2018-08-17,PORT04,V444_0,2,DTP,0,0,V55555555_5,1677891,PLANT03,PORT09,435,468.62,PLANT03,1013,16
1447144418.7,2018-08-18,PORT04,V444_0,2,DTP,0,0,V55555555_5,1677891,PLANT03,PORT09,536,573.1026260367648,PLANT03,1013,20
1447403232.7,2018-08-18,PORT04,V444_0,2,DTP,0,0,V55555555_5,1677891,PLANT03,PORT09,368,407.8703424417923,PLANT03,1013,14
1447295514.7,2018-08-19,PORT04,V444_0,2,DTP,0,0,V55555555_5,1677891,PLANT03,PORT09,245,332.9841543852073,PLANT03,1013,12
1447339805.7,2018-08-20,PORT04,V444_0,2,DTP,0,0,V55555555_5,1677891,PLANT03,PORT09,539,619.28,PLANT03,1013,21
1447403231.7,2018-08-21,PORT04,V444_0,2,DTP,0,0,V55555555_5,1677891,PLANT03,PORT09,674,901.3651353118056,PLANT03,1013,31
1447352440.7,2018-08-21,PORT04,V444_0,2,DTP,0,0,V55555555_5,1677891,PLANT03,PORT09,391,403.58,PLANT03,1013,14
1447317046.7,2018-08-22,PORT04,V444_0,2,DTP,0,0,V55555555_5,1660897,PLANT03,PORT09,387,476.1120385748888,PLANT03,1013,16
1447178899.7,2018-08-23,PORT04,V444_0,2,DTP,0,0,V55555555_5,1660897,PLANT03,PORT09,675,951.03,PLANT03,1013,32
1447360921.7,2018-08-24,PORT04,V444_0,2,DTP,0,0,V55555555_5,1660897,PLANT03,PORT09,465,587.4683277746485,PLANT03,1013,20
1447326518.7,2018-08-25,PORT04,V444_0,2,DTP,0,0,V55555555_5,1660897,PLANT03,PORT09,494,730.46,PLANT03,1013,25
1447178898.7,2018-08-25,PORT04,V444_0,2,DTP,0,0,V55555555_5,1660897,PLANT03,PORT09,507,628.1418969830502,PLANT03,1013,21
1447360923.7,2018-08-26,PORT04,V444_0,2,DTP,0,0,V55555555_5,1660885,PLANT03,PORT09,501,733.1,PLANT03,1013,25
1447305229.7,2018-08-26,PORT04,V444_0,2,DTP,0,0,V55555555_5,1660885,PLANT03,PORT09,579,834.89,PLANT03,1013,28
1447391530.7,2018-08-27,PORT04,V444_0,2,DTP,0,0,V55555555_5,1668545,PLANT03,PORT09,307,324.6211809342182,PLANT03,1013,11
1447317049.7,2018-08-27,PORT04,V444_0,2,DTP,0,0,V55555555_5,1668545,PLANT03,PORT09,518,581.37,PLANT03,1013,20
1447295516.7,2018-08-28,PORT04,V444_0,2,DTP,0,0,V55555555_5,1668545,PLANT03,PORT09,557,621.3168900429743,PLANT03,1013,21
1447167730.7,2018-08-29,PORT04,V444_0,2,DTP,0,0,V55555555_5,1668547,PLANT03,PORT09,421,483.31,PLANT03,1013,17
1447167729.7,2018-08-29,PORT04,V444_0,2,DTP,0,0,V55555555_5,1668547,PLANT03,PORT09,248,288.12,PLANT03,1013,10
1447317050.7,2018-08-30,PORT04,V444_0,2,DTP,0,0,V55555555_5,1668547,PLANT03,PORT09,671,844.79,PLANT03,1013,29
1447158863.7,2018-08-31,PORT04,V444_0,2,DTP,0,0,V55555555_5,1668547,PLANT03,PORT09,607,656.3576879318201,PLANT03,1013,22
1447345005.7,2018-08-31,PORT04,V444_0,2,DTP,0,0,V55555555_5,1668547,PLANT03,PORT09,567,785.77,PLANT03,1013,27
1447208419.7,2018-09-01,PORT04,V444_0,2,DTP,0,0,V55555555_5,1668547,PLANT03,PORT09,358,517.38,PLANT03,1013,18
1447345004.7,2018-09-02,PORT04,V444_0,2,DTP,0,0,V55555555_5,1668547,PLANT03,PORT09,487,532.7512028913573,PLANT03,1013,18
1447352439.7,2018-09-02,PORT04,V444_0,2,DTP,0,0,V55555555_5,1668547,PLANT03,PORT09,325,475.25,PLANT03,1013,16
1447411611.7,2018-09-03,PORT04,V444_0,2,DTP,0,0,V55555555_5,1668547,PLANT03,PORT09,386,438.58,PLANT03,1013,15
1447144658.7,2018-09-03,PORT04,V444_0,2,DTP,0,0,V55555555_5,1668547,PLANT03,PORT09,316,340.71,PLANT03,1013,12
1447295507.7,2018-09-04,PORT04,V444_0,2,DTP,0,0,V55555555_5,1668547,PLANT03,PORT09,343,363.16,PLANT03,1013,13
1447348790.7,2018-09-05,PORT04,V444_0,2,DTP,0,0,V55555555_5,1685213,PLANT03,PORT09,267,310.9540044149376,PLANT03,1013,11
1447348788.7,2018-09-06,PORT04,V444_0,2,DTP,0,0,V55555555_5,1683197,PLANT03,PORT09,551,650.2162799817023,PLANT03,1013,22
1447403229.7,2018-09-07,PORT04,V444_0,2,DTP,0,0,V55555555_5,1683197,PLANT03,PORT09,620,662.54,PLANT03,1013,23
1447360917.7,2018-09-08,PORT04,V444_0,2,DTP,0,0,V55555555_5,1683203,PLANT03,PORT09,391,546.05,PLANT03,1013,19
1447348789.7,2018-09-09,PORT04,V444_0,2,DTP,0,0,V55555555_5,1683199,PLANT03,PORT09,439,574.7995376406158,PLANT03,1013,20
1447295510.7,2018-09-09,PORT04,V444_0,2,DTP,0,0,V55555555_5,1662317,PLANT03,PORT09,248,259.7783439771867,PLANT03,1013,9
1447167728.7,2018-09-10,PORT04,V444_0,2,DTP,0,0,V55555555_5,1662317,PLANT03,PORT09,224,293.73050521502125,PLANT03,1013,10
1447391532.7,2018-09-11,PORT04,V444_0,2,DTP,0,0,V55555555_5,1662238,PLANT03,PORT09,649,794.23,PLANT03,1013,27
1447391529.7,2018-09-11,PORT04,V444_0,2,DTP,0,0,V55555555_5,1663337,PLANT03,PORT09,356,499.74,PLANT03,1013,17
1447295512.7,2018-09-12,PORT04,V444_0,2,DTP,0,0,V55555555_5,1663337,PLANT03,PORT09,271,285.0,PLANT03,1013,10
1447360919.7,2018-09-13,PORT04,V444_0,2,DTP,0,0,V55555555_5,1663337,PLANT03,PORT09,540,655.86,PLANT03,1013,22
1447295511.7,2018-09-13,PORT04,V444_0,2,DTP,0,0,V55555555_5,1663341,PLANT03,PORT09,458,498.13,PLANT03,1013,17
1447360920.7,2018-09-14,PORT04,V444_0,2,DTP,0,0,V55555555_5,1663341,PLANT03,PORT09,430,451.5946898403228,PLANT03,1013,16
1447403230.7,2018-09-14,PORT04,V444_0,2,DTP,0,0,V55555555_5,1663337,PLANT03,PORT09,647,875.9418006593227,PLANT03,1013,30
1447305228.7,2018-09-15,PORT04,V444_0,2,DTP,0,0,V55555555_5,1671942,PLANT03,PORT09,559,829.39,PLANT03,1013,28
1447326697.7,2018-09-16,PORT04,V444_0,2,DTP,0,0,V55555555_5,1671942,PLANT03,PORT09,229,237.09,PLANT03,1013,8
1447241608.7,2018-09-16,PORT04,V444_0,2,DTP,0,0,V55555555_5,1671942,PLANT03,PORT09,539,560.56877755192,PLANT03,1013,19
1447242895.7,2018-09-17,PORT04,V444_0,2,DTP,0,0,V55555555_5,1671942,PLANT03,PORT09,545,689.07,PLANT03,1013,23
1447241609.7,2018-09-18,PORT04,V444_0,2,DTP,0,0,V55555555_5,1671942,PLANT03,PORT09,561,804.9823686108055,PLANT03,1013,27
1447144414.7,2018-09-19,PORT04,V444_0,2,DTP,0,0,V55555555_5,1671942,PLANT03,PORT09,276,408.457144633045,PLANT03,1013,14
1447389219.7,2018-09-20,PORT04,V444_0,2,DTP,0,0,V55555555_5,1671942,PLANT03,PORT09,353,502.60340754906207,PLANT03,1013,17
1447208418.7,2018-09-21,PORT04,V444_0,2,DTP,0,0,V55555555_5,1671942,PLANT03,PORT09,592,613.51,PLANT03,1013,21
1447403227.7,2018-09-22,PORT04,V444_0,2,DTP,0,0,V55555555_5,1671942,PLANT03,PORT09,329,340.64901837795827,PLANT03,1013,12
1447144652.7,2018-09-22,PORT04,V444_0,2,DTP,0,0,V55555555_5,1672000,PLANT03,PORT09,537,718.44,PLANT03,1013,24
1447220217.7,2018-09-23,PORT04,V444_0,2,DTP,0,0,V55555555_5,1672000,PLANT03,PORT09,402,504.54,PLANT03,1013,17
1447220219.7,2018-09-23,PORT04,V444_0,2,DTP,0,0,V55555555_5,1671942,PLANT03,PORT09,265,339.8854564496717,PLANT03,1013,12
1447348786.7,2018-09-24,PORT04,V444_0,2,DTP,0,0,V55555555_5,1699976,PLANT03,PORT09,313,391.6253696075133,PLANT03,1013,14
1447267043.7,2018-09-25,PORT04,V444_0,2,DTP,0,0,V55555555_5,1699993,PLANT03,PORT09,627,797.51,PLANT03,1013,27
1447167736.7,2018-09-26,PORT04,V444_0,2,DTP,0,0,V55555555_5,1699993,PLANT03,PORT09,226,252.92,PLANT03,1013,9
1447168262.7,2018-09-26,PORT04,V444_0,2,DTP,3,0,V55555555_5,1699951,PLANT03,PORT09,295,325.80396142236185,PLANT03,1013,11
1447168261.7,2018-09-27,PORT04,V444_0,2,DTP,3,0,V55555555_5,1699951,PLANT03,PORT09,572,703.01,PLANT03,1013,24
1447191824.7,2018-09-27,PORT04,V444_0,2,DTP,3,0,V55555555_5,1699951,PLANT03,PORT09,405,552.104375016752,PLANT03,1013,19
1447191823.7,2018-09-28,PORT04,V444_0,2,DTP,3,0,V55555555_5,1699951,PLANT03,PORT09,536,799.51,PLANT03,1013,27
1447191822.7,2018-09-28,PORT04,V444_0,2,DTP,3,0,V55555555_5,1699952,PLANT03,PORT09,572,602.94,PLANT03,1013,21
1447208246.7,2018-09-29,PORT04,V444_0,2,DTP,3,0,V55555555_5,1699952,PLANT03,PORT09,558,808.86,PLANT03,1013,27
1447168260.7,2018-09-30,PORT04,V444_0,2,DTP,3,0,V55555555_5,1699952,PLANT03,PORT09,510,612.9153150451126,PLANT03,1013,21
1447187874.7,2018-09-30,PORT04,V444_0,2,DTP,0,0,V55555555_5,1699952,PLANT03,PORT09,683,725.31,PLANT03,1013,25
1447208252.7,2018-10-01,PORT04,V444_0,2,DTP,3,0,V55555555_5,1699952,PLANT03,PORT09,669,934.26,PLANT03,1013,32
1447159086.7,2018-10-01,PORT04,V444_0,2,DTP,3,0,V55555555_5,1699952,PLANT03,PORT09,272,297.7849866640302,PLANT03,1013,10
1447191220.7,2018-10-02,PORT04,V444_0,2,DTP,0,0,V55555555_5,1696654,PLANT03,PORT09,467,560.73,PLANT03,1013,19
1447267381.7,2018-10-03,PORT04,V444_0,2,DTP,0,0,V55555555_5,1696654,PLANT03,PORT09,680,1010.644751173894,PLANT03,1013,34
1447208250.7,2018-10-04,PORT04,V444_0,2,DTP,3,0,V55555555_5,1699948,PLANT03,PORT09,314,352.6059755636576,PLANT03,1013,12
1447208256.7,2018-10-04,PORT04,V444_0,2,DTP,3,0,V55555555_5,1699948,PLANT03,PORT09,350,503.1825894616339,PLANT03,1013,17
1447208247.7,2018-10-05,PORT04,V444_0,2,DTP,3,0,V55555555_5,1699948,PLANT03,PORT09,559,565.7,PLANT03,1013,19
1447208257.7,2018-10-05,PORT04,V444_0,2,DTP,3,0,V55555555_5,1699948,PLANT03,PORT09,689,890.96,PLANT03,1013,30
1447208249.7,2018-10-06,PORT04,V444_0,2,DTP,3,0,V55555555_5,1699948,PLANT03,PORT09,633,696.78,PLANT03,1013,24
1447208255.7,2018-10-06,PORT04,V444_0,2,DTP,3,0,V55555555_5,1699948,PLANT03,PORT09,291,382.29,PLANT03,1013,13
1447208248.7,2018-10-07,PORT04,V444_0,2,DTP,3,0,V55555555_5,1699948,PLANT03,PORT09,252,321.2056601936147,PLANT03,1013,11
1447208254.7,2018-10-07,PORT04,V444_0,2,DTP,3,0,V55555555_5,1699948,PLANT03,PORT09,461,639.0692705071885,PLANT03,1013,22
1447206371.7,2018-10-08,PORT04,V444_0,2,DTP,0,0,V55555555_5,1699948,PLANT03,PORT09,537,768.5284188730882,PLANT03,1013,26
1447208253.7,2018-10-09,PORT04,V444_0,2,DTP,3,0,V55555555_5,1699948,PLANT03,PORT09,401,581.4402564832385,PLANT03,1013,20
1447208251.7,2018-10-10,PORT04,V444_0,2,DTP,3,0,V55555555_5,1699948,PLANT03,PORT09,476,504.2440531130893,PLANT03,1013,17
1447391522.7,2018-10-10,PORT04,V444_0,2,DTP,0,0,V55555555_5,1696210,PLANT03,PORT09,341,476.9293475413875,PLANT03,1013,16
1447267042.7,2018-10-11,PORT04,V444_0,2,DTP,0,0,V55555555_5,1696210,PLANT03,PORT09,617,851.1305061476293,PLANT03,1013,29
1447215483.7,2018-10-11,PORT04,V444_0,2,DTP,3,0,V55555555_5,1699946,PLANT03,PORT09,540,801.42,PLANT03,1013,27
1447215489.7,2018-10-12,PORT04,V444_0,2,DTP,3,0,V55555555_5,1699946,PLANT03,PORT09,374,548.36,PLANT03,1013,19
1447215488.7,2018-10-12,PORT04,V444_0,2,DTP,3,0,V55555555_5,1699946,PLANT03,PORT09,349,522.7337201592674,PLANT03,1013,18
1447215482.7,2018-10-13,PORT04,V444_0,2,DTP,3,0,V55555555_5,1699946,PLANT03,PORT09,271,379.68,PLANT03,1013,13
1447215491.7,2018-10-13,PORT04,V444_0,2,DTP,3,0,V55555555_5,1699946,PLANT03,PORT09,322,463.29985832563176,PLANT03,1013,16
1447215486.7,2018-10-14,PORT04,V444_0,2,DTP,3,0,V55555555_5,1699946,PLANT03,PORT09,389,419.0044007221717,PLANT03,1013,14
1447215487.7,2018-10-15,PORT04,V444_0,2,DTP,3,0,V55555555_5,1699946,PLANT03,PORT09,298,331.74,PLANT03,1013,12
1447215485.7,2018-10-15,PORT04,V444_0,2,DTP,3,0,V55555555_5,1699946,PLANT03,PORT09,282,376.5071798426904,PLANT03,1013,13
1447219011.7,2018-10-16,PORT04,V444_0,2,DTP,3,0,V55555555_5,1699946,PLANT03,PORT09,221,251.11469417894284,PLANT03,1013,9
1447215490.7,2018-10-16,PORT04,V444_0,2,DTP,3,0,V55555555_5,1699946,PLANT03,PORT09,463,666.43,PLANT03,1013,23
1447215484.7,2018-10-17,PORT04,V444_0,2,DTP,3,0,V55555555_5,1699946,PLANT03,PORT09,517,526.2,PLANT03,1013,18
1447339006.7,2018-10-18,PORT04,V444_0,2,DTP,3,0,V55555555_5,1697083,PLANT03,PORT09,266,279.42,PLANT03,1013,10
1447306749.7,2018-10-18,PORT04,V444_0,2,DTP,3,0,V55555555_5,1697083,PLANT03,PORT09,339,452.59643672619967,PLANT03,1013,16
1447340462.7,2018-10-19,PORT04,V444_0,2,DTP,3,0,V55555555_5,1697071,PLANT03,PORT09,330,437.0021035952887,PLANT03,1013,15
1447340488.7,2018-10-20,PORT04,V444_0,2,DTP,3,0,V55555555_5,1697072,PLANT03,PORT09,271,288.534106581106,PLANT03,1013,10
1447269702.7,2018-10-21,PORT04,V444_0,2,DTP,3,0,V55555555_5,1697072,PLANT03,PORT09,431,536.0434220952344,PLANT03,1013,18
1447306748.7,2018-10-22,PORT04,V444_0,2,DTP,3,0,V55555555_5,1697072,PLANT03,PORT09,445,577.640718727479,PLANT03,1013,20
1447137231.7,2018-10-23,PORT04,V444_0,2,DTP,3,0,V55555555_5,1697080,PLANT03,PORT09,393,408.2578153669217,PLANT03,1013,14
1447137234.7,2018-10-24,PORT04,V444_0,2,DTP,3,0,V55555555_5,1697080,PLANT03,PORT09,209,248.38,PLANT03,1013,9
1447137230.7,2018-10-24,PORT04,V444_0,2,DTP,3,0,V55555555_5,1697080,PLANT03,PORT09,330,370.68,PLANT03,1013,13
1447137236.7,2018-10-25,PORT04,V444_0,2,DTP,3,0,V55555555_5,1697080,PLANT03,PORT09,212,251.95087178983263,PLANT03,1013,9
1447137229.7,2018-10-25,PORT04,V444_0,2,DTP,3,0,V55555555_5,1697080,PLANT03,PORT09,443,565.5781059436014,PLANT03,1013,19
1447137237.7,2018-10-26,PORT04,V444_0,2,DTP,3,0,V55555555_5,1697080,PLANT03,PORT09,558,803.3574295637665,PLANT03,1013,27
1447137233.7,2018-10-26,PORT04,V444_0,2,DTP,3,0,V55555555_5,1697080,PLANT03,PORT09,247,350.43363544754953,PLANT03,1013,12
1447137235.7,2018-10-27,PORT04,V444_0,2,DTP,3,0,V55555555_5,1697080,PLANT03,PORT09,698,834.79,PLANT03,1013,28
1447137232.7,2018-10-27,PORT04,V444_0,2,DTP,3,0,V55555555_5,1697080,PLANT03,PORT09,328,345.347740730627,PLANT03,1013,12
1447137228.7,2018-10-28,PORT04,V444_0,2,DTP,3,0,V55555555_5,1697080,PLANT03,PORT09,413,526.5726078763194,PLANT03,1013,18
1447187876.7,2018-10-28,PORT04,V444_0,2,DTP,0,0,V55555555_5,1697086,PLANT03,PORT09,248,350.06,PLANT03,1013,12
1447201970.7,2018-10-29,PORT04,V444_0,2,DTP,3,0,V55555555_5,1697085,PLANT03,PORT09,232,327.2107641040568,PLANT03,1013,11
1447403132.7,2018-10-30,PORT04,V444_0,2,DTP,3,0,V55555555_5,1697084,PLANT03,PORT09,526,575.6872925786898,PLANT03,1013,20
1447391477.7,2018-10-31,PORT04,V444_0,2,DTP,3,0,V55555555_5,1697084,PLANT03,PORT09,440,652.39,PLANT03,1013,22
1447167733.7,2018-10-31,PORT04,V444_0,2,DTP,0,0,V55555555_5,1677889,PLANT03,PORT09,527,739.2979418690611,PLANT03,1013,25
1447339806.7,2018-11-01,PORT04,V444_0,2,DTP,0,0,V55555555_5,1677889,PLANT03,PORT09,244,326.8999787738598,PLANT03,1013,11
1447295515.7,2018-11-01,PORT04,V444_0,2,DTP,0,0,V55555555_5,1677887,PLANT03,PORT09,680,739.71,PLANT03,1013,25
1447167732.7,2018-11-02,PORT04,V444_0,2,DTP,0,0,V55555555_5,1677878,PLANT03,PORT09,559,802.77,PLANT03,1013,27
1447339804.7,2018-11-03,PORT04,V444_0,2,DTP,0,0,V55555555_5,1677878,PLANT03,PORT09,585,846.48,PLANT03,1013,29
1447284947.7,2018-11-04,PORT04,V444_0,2,DTP,0,0,V55555555_5,1677878,PLANT03,PORT09,230,260.45,PLANT03,1013,9
1447267046.7,2018-11-05,PORT04,V444_0,2,DTP,0,0,V55555555_5,1677878,PLANT03,PORT09,442,632.489644239399,PLANT03,1013,22
1447305233.7,2018-11-06,PORT04,V444_0,2,DTP,0,0,V55555555_5,1677878,PLANT03,PORT09,249,249.62,PLANT03,1013,9
1447305234.7,2018-11-06,PORT04,V444_0,2,DTP,0,0,V55555555_5,1677878,PLANT03,PORT09,677,788.1471769849281,PLANT03,1013,27
1447317045.7,2018-11-07,PORT04,V444_0,2,DTP,0,0,V55555555_5,1677878,PLANT03,PORT09,653,716.9415124784673,PLANT03,1013,24
1447352441.7,2018-11-08,PORT04,V444_0,2,DTP,0,0,V55555555_5,1677887,PLANT03,PORT09,216,268.43355624591425,PLANT03,1013,9
1447200761.7,2018-11-09,PORT04,V444_0,2,DTP,0,0,V55555555_5,1686758,PLANT03,PORT09,495,631.1981419878246,PLANT03,1013,22
1447410053.7,2018-11-10,PORT04,V444_0,2,DTP,0,0,V55555555_5,1687644,PLANT03,PORT09,676,1006.2894558267574,PLANT03,1013,34
1447373158.7,2018-11-10,PORT04,V444_0,2,DTP,3,0,V55555555_5,1686215,PLANT03,PORT09,637,658.5155932283446,PLANT03,1013,22
1447373157.7,2018-11-11,PORT04,V444_0,2,DTP,3,0,V55555555_5,1686215,PLANT03,PORT09,533,698.0,PLANT03,1013,24
1447374430.7,2018-11-11,PORT04,V444_0,2,DTP,3,0,V55555555_5,1686215,PLANT03,PORT09,521,779.4260224193239,PLANT03,1013,26
1447373156.7,2018-11-12,PORT04,V444_0,2,DTP,3,0,V55555555_5,1686215,PLANT03,PORT09,215,306.98,PLANT03,1013,11
1447281276.7,2018-11-12,PORT04,V444_0,2,DTP,3,1,V555_15,1650905,PLANT03,PORT09,203,292.31,PLANT03,1013,10
1447293680.7,2018-11-13,PORT04,V444_0,2,DTP,3,1,V555_15,1650905,PLANT03,PORT09,622,687.13,PLANT03,1013,23
1447170173.7,2018-11-14,PORT04,V444_0,2,DTP,3,1,V555_15,1650905,PLANT03,PORT09,394,547.37,PLANT03,1013,19
1447389467.7,2018-11-15,PORT04,V444_0,2,DTP,3,1,V555_15,1676853,PLANT03,PORT09,357,499.35,PLANT03,1013,17
1447284400.7,2018-11-16,PORT04,V444_0,2,DTP,3,1,V555_15,1676853,PLANT03,PORT09,381,487.89,PLANT03,1013,17
1447284401.7,2018-11-16,PORT04,V444_0,2,DTP,3,1,V555_15,1676853,PLANT03,PORT09,627,937.44,PLANT03,1013,32
1447389466.7,2018-11-17,PORT04,V444_0,2,DTP,3,1,V555_15,1676853,PLANT03,PORT09,273,332.62,PLANT03,1013,12
1447170174.7,2018-11-18,PORT04,V444_0,2,DTP,3,1,V555_15,1676853,PLANT03,PORT09,659,681.5732434390414,PLANT03,1013,23
1447284399.7,2018-11-19,PORT04,V444_0,2,DTP,3,1,V555_15,1676853,PLANT03,PORT09,521,689.9,PLANT03,1013,23
1447204329.7,2018-11-20,PORT04,V444_0,2,DTP,3,1,V555_15,1676853,PLANT03,PORT09,417,591.67,PLANT03,1013,20
1447392957.7,2018-11-20,PORT04,V444_0,2,DTP,3,1,V555_15,1680210,PLANT03,PORT09,646,752.4970326587878,PLANT03,1013,26
1447343586.7,2018-11-21,PORT04,V444_0,2,DTP,3,1,V555_15,1680210,PLANT03,PORT09,270,351.2,PLANT03,1013,12
1447343585.7,2018-11-22,PORT04,V444_0,2,DTP,3,1,V555_15,1680210,PLANT03,PORT09,567,705.3,PLANT03,1013,24
1447386497.7,2018-11-23,PORT04,V444_0,2,DTP,3,1,V555_15,1655818,PLANT03,PORT09,699,845.040737189485,PLANT03,1013,29
1447298346.7,2018-11-23,PORT04,V444_0,2,DTP,3,1,V555_15,1655818,PLANT03,PORT09,459,596.21,PLANT03,1013,20
1447393142.7,2018-11-24,PORT04,V444_0,2,DTP,3,1,V555_15,1694720,PLANT03,PORT09,445,529.48,PLANT03,1013,18
1447281275.7,2018-11-24,PORT04,V444_0,2,DTP,3,1,V555_15,1651377,PLANT03,PORT09,401,483.27,PLANT03,1013,17
1447281277.7,2018-11-25,PORT04,V444_0,2,DTP,3,1,V555_15,1651377,PLANT03,PORT09,689,777.34,PLANT03,1013,26
1447183450.7,2018-11-25,PORT04,V444_0,2,DTP,3,1,V555_15,1651298,PLANT03,PORT09,472,589.084719817381,PLANT03,1013,20
1447146801.7,2018-11-26,PORT04,V444_0,2,DTP,3,1,V555_15,1651298,PLANT03,PORT09,543,598.8542906743044,PLANT03,1013,20
1447300147.7,2018-11-26,PORT04,V444_0,2,DTP,3,1,V555_15,1651298,PLANT03,PORT09,613,718.59,PLANT03,1013,24
1447365252.7,2018-11-27,PORT04,V444_0,2,DTP,3,1,V555_15,1651298,PLANT03,PORT09,627,712.9,PLANT03,1013,24
1447265592.7,2018-11-28,PORT04,V444_0,2,DTP,3,1,V555_15,1651298,PLANT03,PORT09,551,598.5,PLANT03,1013,20
1447281347.7,2018-11-29,PORT04,V444_0,2,DTP,3,1,V555_15,1651298,PLANT03,PORT09,477,639.1025187770414,PLANT03,1013,22
1447183449.7,2018-11-29,PORT04,V444_0,2,DTP,3,1,V555_15,1651298,PLANT03,PORT09,229,271.94372729839387,PLANT03,1013,10
1447365251.7,2018-11-30,PORT04,V444_0,2,DTP,3,1,V555_15,1651298,PLANT03,PORT09,266,319.1195812897922,PLANT03,1013,11
1447196657.7,2018-12-01,PORT04,V444_0,2,DTP,3,1,V555_15,1651298,PLANT03,PORT09,662,957.91,PLANT03,1013,32
1447300146.7,2018-12-02,PORT04,V444_0,2,DTP,3,1,V555_15,1651298,PLANT03,PORT09,201,201.82,PLANT03,1013,7
1447206290.7,2018-12-03,PORT04,V444_0,2,DTP,3,1,V555_15,1651298,PLANT03,PORT09,267,303.39,PLANT03,1013,11
1447350790.7,2018-12-03,PORT04,V444_0,2,DTP,3,1,V555_15,1689548,PLANT03,PORT09,542,789.1694667295014,PLANT03,1013,27
1447302839.7,2018-12-04,PORT04,V444_0,2,DTP,3,1,V555_15,1689548,PLANT03,PORT09,296,441.87,PLANT03,1013,15
1447262162.7,2018-12-05,PORT04,V444_0,2,DTP,3,1,V555_15,1689548,PLANT03,PORT09,552,646.557260856201,PLANT03,1013,22
1447310718.7,2018-12-05,PORT04,V444_0,2,DTP,3,1,V555_15,1689548,PLANT03,PORT09,262,315.55,PLANT03,1013,11
1447287694.7,2018-12-06,PORT04,V444_0,2,DTP,3,1,V555_15,1689548,PLANT03,PORT09,230,341.92721743784193,PLANT03,1013,12
1447227168.7,2018-12-07,PORT04,V444_0,2,DTP,3,1,V555_15,1689548,PLANT03,PORT09,410,603.8,PLANT03,1013,21
1447310717.7,2018-12-08,PORT04,V444_0,2,DTP,3,1,V555_15,1689548,PLANT03,PORT09,616,664.02,PLANT03,1013,23
1447347948.7,2018-12-08,PORT04,V444_0,2,DTP,3,1,V555_15,1689548,PLANT03,PORT09,368,377.53,PLANT03,1013,13
1447231563.7,2018-12-09,PORT04,V444_0,2,DTP,3,1,V555_15,1689548,PLANT03,PORT09,296,329.42,PLANT03,1013,11
1447231562.7,2018-12-10,PORT04,V444_0,2,DTP,3,1,V555_15,1689548,PLANT03,PORT09,398,496.8445198096557,PLANT03,1013,17
1447183404.7,2018-12-10,PORT04,V444_0,2,DTP,3,1,V555_15,1682832,PLANT03,PORT09,621,861.2141782742887,PLANT03,1013,29
1447183401.7,2018-12-11,PORT04,V444_0,2,DTP,3,1,V555_15,1682832,PLANT03,PORT09,417,578.5515893474885,PLANT03,1013,20
1447183403.7,2018-12-11,PORT04,V444_0,2,DTP,3,1,V555_15,1682832,PLANT03,PORT09,603,618.14,PLANT03,1013,21
1447183402.7,2018-12-12,PORT04,V444_0,2,DTP,3,1,V555_15,1682832,PLANT03,PORT09,425,601.4989565868209,PLANT03,1013,21
1447204425.7,2018-12-13,PORT04,V444_0,2,DTP,3,1,V555_15,1689145,PLANT03,PORT09,518,735.7902449682747,PLANT03,1013,25
1447348038.7,2018-12-14,PORT04,V444_0,2,DTP,3,1,V555_15,1689145,PLANT03,PORT09,618,732.3310940376847,PLANT03,1013,25
1447204424.7,2018-12-15,PORT04,V444_0,2,DTP,3,1,V555_15,1689145,PLANT03,PORT09,678,972.42,PLANT03,1013,33
1447348037.7,2018-12-15,PORT04,V444_0,2,DTP,3,1,V555_15,1689145,PLANT03,PORT09,397,501.67,PLANT03,1013,17
1447300215.7,2018-12-16,PORT04,V444_0,2,DTP,3,1,V555_15,1662551,PLANT03,PORT09,361,464.64,PLANT03,1013,16
1447300214.7,2018-12-17,PORT04,V444_0,2,DTP,3,1,V555_15,1662551,PLANT03,PORT09,649,797.0062021433355,PLANT03,1013,27
1447187015.7,2018-12-17,PORT04,V444_0,2,DTP,3,1,V555_15,1687346,PLANT03,PORT09,328,463.13,PLANT03,1013,16
1447163016.7,2018-12-18,PORT04,V444_0,2,DTP,3,1,V555_15,1687346,PLANT03,PORT09,527,669.57,PLANT03,1013,23
1447163017.7,2018-12-18,PORT04,V444_0,2,DTP,3,1,V555_15,1687346,PLANT03,PORT09,504,671.19,PLANT03,1013,23
1447187016.7,2018-12-19,PORT04,V444_0,2,DTP,3,1,V555_15,1687346,PLANT03,PORT09,391,461.4,PLANT03,1013,16
1447228702.7,2018-12-20,PORT04,V444_0,2,DTP,3,1,V555_15,1689469,PLANT03,PORT09,652,826.5814377587654,PLANT03,1013,28
1447375233.7,2018-12-21,PORT04,V444_0,2,DTP,3,1,V555_15,1689469,PLANT03,PORT09,408,515.7239180659934,PLANT03,1013,18
1447343700.7,2018-12-22,PORT04,V444_0,2,DTP,3,1,V555_15,1689469,PLANT03,PORT09,697,1045.0464209216884,PLANT03,1013,35
1447228701.7,2018-12-22,PORT04,V444_0,2,DTP,3,1,V555_15,1689469,PLANT03,PORT09,442,569.42,PLANT03,1013,19
1447146889.7,2018-12-23,PORT04,V444_0,2,DTP,3,1,V555_15,1689469,PLANT03,PORT09,268,284.45,PLANT03,1013,10
1447146888.7,2018-12-24,PORT04,V444_0,2,DTP,3,1,V555_15,1689469,PLANT03,PORT09,235,281.10689451333093,PLANT03,1013,10
1447375234.7,2018-12-24,PORT04,V444_0,2,DTP,3,1,V555_15,1689469,PLANT03,PORT09,696,731.1915654872171,PLANT03,1013,25
1447343701.7,2018-12-25,PORT04,V444_0,2,DTP,3,1,V555_15,1689469,PLANT03,PORT09,296,411.5842113062717,PLANT03,1013,14
1447375422.7,2018-12-25,PORT04,V444_0,2,DTP,3,1,V555_15,1689469,PLANT03,PORT09,256,345.72,PLANT03,1013,12
1447375423.7,2018-12-26,PORT04,V444_0,2,DTP,3,1,V555_15,1689469,PLANT03,PORT09,420,475.67,PLANT03,1013,16
1447321393.7,2018-12-26,PORT04,V444_0,2,DTP,3,1,V555_15,1689469,PLANT03,PORT09,209,256.94,PLANT03,1013,9
1447321392.7,2018-12-27,PORT04,V444_0,2,DTP,3,1,V555_15,1689469,PLANT03,PORT09,325,429.96,PLANT03,1013,15
1447300258.7,2018-12-27,PORT04,V444_0,2,DTP,3,1,V555_15,1668557,PLANT03,PORT09,313,322.8621258939955,PLANT03,1013,11
1447146747.7,2018-12-28,PORT04,V444_0,2,DTP,3,1,V555_15,1668555,PLANT03,PORT09,630,730.2636765375007,PLANT03,1013,25
1447210685.7,2018-12-29,PORT04,V444_0,2,DTP,3,1,V555_15,1668555,PLANT03,PORT09,431,642.049930241799,PLANT03,1013,22
1447187065.7,2018-12-29,PORT04,V444_0,2,DTP,3,1,V555_15,1668555,PLANT03,PORT09,428,606.23,PLANT03,1013,21
1447146749.7,2018-12-30,PORT04,V444_0,2,DTP,3,1,V555_15,1668554,PLANT03,PORT09,468,522.2806178049219,PLANT03,1013,18
1447146748.7,2018-12-31,PORT04,V444_0,2,DTP,3,1,V555_15,1668554,PLANT03,PORT09,419,525.4,PLANT03,1013,18
1447347959.7,2018-12-31,PORT04,V444_0,2,DTP,3,1,V555_15,1699976,PLANT03,PORT09,318,384.7397690119947,PLANT03,1013,13
1447368565.7,2019-01-01,PORT04,V444_0,2,DTP,3,1,V555_15,1699954,PLANT03,PORT09,534,658.93,PLANT03,1013,22
1447307115.7,2019-01-01,PORT04,V444_0,2,DTP,3,1,V555_15,1677878,PLANT03,PORT09,377,433.6492937394565,PLANT03,1013,15
1447343672.7,2019-01-02,PORT04,V444_0,2,DTP,3,1,V555_15,1677878,PLANT03,PORT09,296,365.3498110475206,PLANT03,1013,13
1447386473.7,2019-01-02,PORT04,V444_0,2,DTP,3,1,V555_15,1677878,PLANT03,PORT09,330,490.06,PLANT03,1013,17
1447365324.7,2019-01-03,PORT04,V444_0,2,DTP,3,1,V555_15,1677878,PLANT03,PORT09,639,844.59,PLANT03,1013,29
1447321395.7,2019-01-04,PORT04,V444_0,2,DTP,3,1,V555_15,1677878,PLANT03,PORT09,397,515.0630786359807,PLANT03,1013,18
1447386472.7,2019-01-05,PORT04,V444_0,2,DTP,3,1,V555_15,1677878,PLANT03,PORT09,619,853.1961038289325,PLANT03,1013,29
1447386482.7,2019-01-06,PORT04,V444_0,2,DTP,3,1,V555_15,1677878,PLANT03,PORT09,386,424.97,PLANT03,1013,15
1447386471.7,2019-01-06,PORT04,V444_0,2,DTP,3,1,V555_15,1677878,PLANT03,PORT09,240,321.78174425308055,PLANT03,1013,11
1447307118.7,2019-01-07,PORT04,V444_0,2,DTP,3,1,V555_15,1677878,PLANT03,PORT09,322,382.2681207451751,PLANT03,1013,13
1447321394.7,2019-01-08,PORT04,V444_0,2,DTP,3,1,V555_15,1677878,PLANT03,PORT09,406,574.52,PLANT03,1013,20
1447365323.7,2019-01-09,PORT04,V444_0,2,DTP,3,1,V555_15,1677878,PLANT03,PORT09,329,339.66,PLANT03,1013,12
1447386481.7,2019-01-09,PORT04,V444_0,2,DTP,3,1,V555_15,1677878,PLANT03,PORT09,575,738.98,PLANT03,1013,25
1447307117.7,2019-01-10,PORT04,V444_0,2,DTP,3,1,V555_15,1677878,PLANT03,PORT09,640,826.1697954962308,PLANT03,1013,28
1447343673.7,2019-01-10,PORT04,V444_0,2,DTP,3,1,V555_15,1677878,PLANT03,PORT09,511,563.91017275881,PLANT03,1013,19
1447307116.7,2019-01-11,PORT04,V444_0,2,DTP,3,1,V555_15,1677878,PLANT03,PORT09,255,264.46,PLANT03,1013,9
1447386483.7,2019-01-11,PORT04,V444_0,2,DTP,3,1,V555_15,1677878,PLANT03,PORT09,539,707.88,PLANT03,1013,24
1447386470.7,2019-01-12,PORT04,V444_0,2,DTP,3,1,V555_15,1677878,PLANT03,PORT09,691,939.061929004043,PLANT03,1013,32
1447321404.7,2019-01-13,PORT04,V444_0,2,DTP,3,1,V555_15,1670215,PLANT03,PORT09,311,414.81,PLANT03,1013,14
1447321403.7,2019-01-13,PORT04,V444_0,2,DTP,3,1,V555_15,1670215,PLANT03,PORT09,215,320.62,PLANT03,1013,11
1447293679.7,2019-01-14,PORT04,V444_0,2,DTP,3,1,V555_15,1657475,PLANT03,PORT09,365,401.76,PLANT03,1013,14
1447296419.7,2019-01-15,PORT04,V444_0,2,DTP,3,0,V5555555_12,1620510,PLANT03,PORT09,570,852.025970347775,PLANT03,1013,29
1447292436.7,2019-01-15,PORT04,V444_0,2,DTP,3,0,V5555555_12,1620510,PLANT03,PORT09,380,448.48,PLANT03,1013,15
1447323157.7,2019-01-16,PORT04,V444_0,2,DTP,3,0,V5555555_12,1620510,PLANT03,PORT09,572,592.42,PLANT03,1013,20
1447277442.7,2019-01-17,PORT04,V444_0,2,DTP,3,0,V5555555_12,1658528,PLANT03,PORT09,203,293.3952666523738,PLANT03,1013,10
1447242469.7,2019-01-18,PORT04,V444_0,2,DTP,3,0,V5555555_12,1658528,PLANT03,PORT09,538,779.0850784158811,PLANT03,1013,26
1447386428.7,2019-01-18,PORT04,V444_0,2,DTP,3,0,V5555555_12,1684559,PLANT03,PORT09,692,896.7174119253523,PLANT03,1013,30
1447286458.7,2019-01-19,PORT04,V444_0,2,DTP,3,0,V5555555_12,1684559,PLANT03,PORT09,604,790.0617657691051,PLANT03,1013,27
1447258805.7,2019-01-19,PORT04,V444_0,2,DTP,3,0,V5555555_12,1696752,PLANT03,PORT09,395,583.5433347077752,PLANT03,1013,20
1447369237.7,2019-01-20,PORT04,V444_0,2,DTP,3,0,V5555555_12,1700138,PLANT03,PORT09,407,489.1487340063556,PLANT03,1013,17
1447163638.7,2019-01-21,PORT04,V444_0,2,DTP,3,0,V5555555_12,1684709,PLANT03,PORT09,444,563.23,PLANT03,1013,19
1447372641.7,2019-01-22,PORT04,V444_0,2,DTP,3,0,V5555555_12,1700141,PLANT03,PORT09,283,408.83,PLANT03,1013,14
1447269642.7,2019-01-22,PORT04,V444_0,2,DTP,3,0,V5555555_12,1668492,PLANT03,PORT09,579,642.0325554145136,PLANT03,1013,22
1447189410.7,2019-01-23,PORT04,V444_0,2,DTP,3,0,V5555555_12,1668612,PLANT03,PORT09,468,609.7,PLANT03,1013,21
1447236876.7,2019-01-24,PORT04,V444_0,2,DTP,3,0,V5555555_12,1689296,PLANT03,PORT09,422,603.6984812824488,PLANT03,1013,21
1447297179.7,2019-01-24,PORT04,V444_0,2,DTP,3,0,V5555555_12,1672706,PLANT03,PORT09,400,505.0717536947207,PLANT03,1013,17
1447312510.7,2019-01-25,PORT04,V444_0,2,DTP,3,0,V5555555_12,1672706,PLANT03,PORT09,662,762.12,PLANT03,1013,26
1447413502.7,2019-01-25,PORT04,V444_0,2,DTP,3,0,V5555555_12,1673710,PLANT03,PORT09,620,817.59,PLANT03,1013,28
1447394178.7,2019-01-26,PORT04,V444_0,2,DTP,3,0,V5555555_12,1673710,PLANT03,PORT09,282,391.7827915767784,PLANT03,1013,14
1447200229.7,2019-01-26,PORT04,V444_0,2,DTP,3,0,V5555555_12,1673710,PLANT03,PORT09,636,849.92,PLANT03,1013,29
1447371647.7,2019-01-27,PORT04,V444_0,2,DTP,3,0,V5555555_12,1660577,PLANT03,PORT09,507,735.119458464787,PLANT03,1013,25
1447288751.7,2019-01-27,PORT04,V444_0,2,DTP,3,0,V5555555_12,1660577,PLANT03,PORT09,568,733.1483599332366,PLANT03,1013,25
1447277443.7,2019-01-28,PORT04,V444_0,2,DTP,3,0,V5555555_12,1662552,PLANT03,PORT09,642,902.4618083669106,PLANT03,1013,31
1447189614.7,2019-01-29,PORT04,V444_0,2,DTP,3,0,V5555555_12,1662552,PLANT03,PORT09,487,631.7543836712226,PLANT03,1013,22
1447305023.7,2019-01-30,PORT04,V444_0,2,DTP,3,0,V5555555_12,1639636,PLANT03,PORT09,468,594.7441128329344,PLANT03,1013,20
1447281393.7,2019-01-31,PORT04,V444_0,2,DTP,3,0,V5555555_12,1652644,PLANT03,PORT09,378,529.56,PLANT03,1013,18
1447400493.7,2019-02-01,PORT04,V444_0,2,DTP,3,0,V5555555_12,1644200,PLANT03,PORT09,423,596.9423185684426,PLANT03,1013,20
1447269641.7,2019-02-01,PORT04,V444_0,2,DTP,3,0,V5555555_12,1644200,PLANT03,PORT09,295,388.6,PLANT03,1013,13
1447144969.7,2019-02-02,PORT04,V444_0,2,DTP,3,0,V5555555_12,1644200,PLANT03,PORT09,607,809.4299054560071,PLANT03,1013,27
1447296418.7,2019-02-03,PORT04,V444_0,2,DTP,3,0,V5555555_12,1644062,PLANT03,PORT09,369,441.1165941471104,PLANT03,1013,15
1447269640.7,2019-02-04,PORT04,V444_0,2,DTP,3,0,V5555555_12,1644062,PLANT03,PORT09,281,285.42,PLANT03,1013,10
1447354864.7,2019-02-04,PORT04,V444_0,2,DTP,3,0,V5555555_12,1701972,PLANT03,PORT09,247,342.75,PLANT03,1013,12
1447165485.7,2019-02-05,PORT04,V444_0,2,DTP,3,0,V5555555_12,1693192,PLANT03,PORT09,314,388.7151242002301,PLANT03,1013,13
1447250624.7,2019-02-06,PORT04,V444_0,2,DTP,3,0,V5555555_12,1693192,PLANT03,PORT09,459,647.3450004905457,PLANT03,1013,22
1447323154.7,2019-02-06,PORT04,V444_0,2,DTP,3,0,V5555555_12,1695062,PLANT03,PORT09,344,447.0,PLANT03,1013,15
1447395192.7,2019-02-07,PORT04,V444_0,2,DTP,3,0,V5555555_12,1695062,PLANT03,PORT09,635,683.257638258685,PLANT03,1013,23
1447281395.7,2019-02-07,PORT04,V444_0,2,DTP,3,0,V5555555_12,1687661,PLANT03,PORT09,293,331.24628618466573,PLANT03,1013,12
1447277441.7,2019-02-08,PORT04,V444_0,2,DTP,3,0,V5555555_12,1687661,PLANT03,PORT09,568,752.3849361259837,PLANT03,1013,26
1447208244.7,2019-02-08,PORT04,V444_0,2,DTP,3,0,V5555555_12,1687346,PLANT03,PORT09,699,900.47,PLANT03,1013,31
1447281394.7,2019-02-09,PORT04,V444_0,2,DTP,3,0,V5555555_12,1687346,PLANT03,PORT09,691,913.12,PLANT03,1013,31
1447350618.7,2019-02-09,PORT04,V444_0,2,DTP,3,0,V5555555_12,1669409,PLANT03,PORT09,383,421.6264227395036,PLANT03,1013,15
1447308287.7,2019-02-10,PORT04,V444_0,2,DTP,3,0,V5555555_12,1677891,PLANT03,PORT09,272,337.15,PLANT03,1013,12
1447357633.7,2019-02-10,PORT04,V444_0,2,DTP,3,0,V5555555_12,1668547,PLANT03,PORT09,492,673.5952067418268,PLANT03,1013,23
1447209432.7,2019-02-11,PORT04,V444_0,2,DTP,3,0,V5555555_12,1683197,PLANT03,PORT09,295,304.47,PLANT03,1013,11
1447376695.7,2019-02-12,PORT04,V444_0,2,DTP,3,0,V5555555_12,1683197,PLANT03,PORT09,492,544.97,PLANT03,1013,19
1447398886.7,2019-02-12,PORT04,V444_0,2,DTP,3,0,V5555555_12,1683197,PLANT03,PORT09,420,479.71,PLANT03,1013,16
1447398887.7,2019-02-13,PORT04,V444_0,2,DTP,3,0,V5555555_12,1683200,PLANT03,PORT09,625,930.324610505138,PLANT03,1013,32
1447376696.7,2019-02-14,PORT04,V444_0,2,DTP,3,0,V5555555_12,1683200,PLANT03,PORT09,516,529.4257621251966,PLANT03,1013,18
1447163637.7,2019-02-14,PORT04,V444_0,2,DTP,3,0,V5555555_12,1683203,PLANT03,PORT09,476,515.4175741396208,PLANT03,1013,18
1447301177.7,2019-02-15,PORT04,V444_0,2,DTP,3,0,V5555555_12,1683203,PLANT03,PORT09,519,756.9733306450865,PLANT03,1013,26
1447146789.7,2019-02-15,PORT04,V444_0,2,DTP,3,0,V5555555_12,1663341,PLANT03,PORT09,512,524.2068849279394,PLANT03,1013,18
1447390467.7,2019-02-16,PORT04,V444_0,2,DTP,3,0,V5555555_12,1671807,PLANT03,PORT09,550,783.71,PLANT03,1013,27
1447371585.7,2019-02-16,PORT04,V444_0,2,DTP,3,0,V5555555_12,1700003,PLANT03,PORT09,288,289.13,PLANT03,1013,10
1447371584.7,2019-02-17,PORT04,V444_0,2,DTP,3,0,V5555555_12,1700014,PLANT03,PORT09,233,264.02,PLANT03,1013,9
1447216048.7,2019-02-17,PORT04,V444_0,2,DTP,3,0,V5555555_12,1690294,PLANT03,PORT09,591,719.57,PLANT03,1013,24
1447178424.7,2019-02-18,PORT04,V444_0,2,DTP,3,0,V5555555_12,1690294,PLANT03,PORT09,667,702.85,PLANT03,1013,24
1447189613.7,2019-02-18,PORT04,V444_0,2,DTP,3,0,V5555555_12,1677884,PLANT03,PORT09,228,264.62308976918604,PLANT03,1013,9
1447307777.7,2019-02-19,PORT04,V444_0,2,DTP,3,0,V5555555_12,1677884,PLANT03,PORT09,361,378.02,PLANT03,1013,13
1447350383.7,2019-02-20,PORT04,V444_0,2,DTP,3,0,V5555555_12,1677884,PLANT03,PORT09,587,685.89,PLANT03,1013,23
1447307778.7,2019-02-21,PORT04,V444_0,2,DTP,3,0,V5555555_12,1677884,PLANT03,PORT09,447,617.6,PLANT03,1013,21
1447321398.7,2019-02-21,PORT04,V444_0,2,DTP,3,0,V5555555_12,1677889,PLANT03,PORT09,449,499.015224465136,PLANT03,1013,17
1447216050.7,2019-02-22,PORT04,V444_0,2,DTP,3,0,V5555555_12,1677878,PLANT03,PORT09,270,389.84074628656185,PLANT03,1013,13
1447279003.7,2019-02-23,PORT04,V444_0,2,DTP,3,0,V5555555_12,1622685,PLANT03,PORT09,267,379.95,PLANT03,1013,13
1447279002.7,2019-02-24,PORT04,V444_0,2,DTP,3,0,V5555555_12,1622685,PLANT03,PORT09,309,342.06,PLANT03,1013,12
1447154087.7,2019-02-25,PORT04,V444_0,2,DTP,3,0,V5555555_12,1622685,PLANT03,PORT09,419,625.84,PLANT03,1013,21
1447400494.7,2019-02-25,PORT04,V444_0,2,DTP,3,0,V5555555_12,1622685,PLANT03,PORT09,208,283.1,PLANT03,1013,10
1447146649.7,2019-02-26,PORT04,V444_0,2,DTP,3,0,V5555555_12,1622685,PLANT03,PORT09,500,708.99,PLANT03,1013,24
1447205749.7,2019-02-26,PORT04,V444_0,2,DTP,3,0,V5555555_12,1670215,PLANT03,PORT09,570,778.8828439947123,PLANT03,1013,26
1447367087.7,2019-02-27,PORT04,V444_0,2,DTP,3,0,V5555555_12,1687644,PLANT03,PORT09,335,342.6555581269634,PLANT03,1013,12
1447406612.7,2019-02-27,PORT04,V444_0,2,DTP,3,0,V5555555_12,1635536,PLANT03,PORT09,618,889.0014268198458,PLANT03,1013,30
1447216081.7,2019-02-28,PORT04,V444_0,2,DTP,3,0,V5555555_12,1635536,PLANT03,PORT09,418,513.508895162253,PLANT03,1013,18
1447148225.7,2019-02-28,PORT04,V444_0,2,DTP,0,0,V555555555_27,1697444,PLANT03,PORT09,269,311.57,PLANT03,1013,11
1447167163.7,2019-03-01,PORT04,V444_0,2,DTP,0,0,V555555555_27,1697444,PLANT03,PORT09,614,642.37,PLANT03,1013,22
1447225587.7,2019-03-02,PORT04,V444_0,2,DTP,0,0,V555555555_27,1697444,PLANT03,PORT09,250,257.05,PLANT03,1013,9
1447231131.7,2019-03-03,PORT04,V444_0,2,DTP,0,0,V555555555_27,1620510,PLANT03,PORT09,545,773.16,PLANT03,1013,26
1447403873.7,2019-03-03,PORT04,V444_0,2,DTP,0,0,V555555555_27,1620510,PLANT03,PORT09,268,389.1,PLANT03,1013,13
1447265641.7,2019-03-04,PORT04,V444_0,2,DTP,0,0,V555555555_27,1620510,PLANT03,PORT09,230,336.51,PLANT03,1013,12
1447326460.7,2019-03-05,PORT04,V444_0,2,DTP,0,0,V555555555_27,1620510,PLANT03,PORT09,344,441.9897502980285,PLANT03,1013,15
1447225528.7,2019-03-05,PORT04,V444_0,2,DTP,0,0,V555555555_27,1620510,PLANT03,PORT09,402,480.66,PLANT03,1013,17
1447364434.7,2019-03-06,PORT04,V444_0,2,DTP,0,0,V555555555_27,1658528,PLANT03,PORT09,681,1009.17,PLANT03,1013,34
1447364433.7,2019-03-07,PORT04,V444_0,2,DTP,0,0,V555555555_27,1658528,PLANT03,PORT09,649,887.23,PLANT03,1013,30
1447371399.7,2019-03-08,PORT04,V444_0,2,DTP,0,3,V555555555_27,1684560,PLANT03,PORT09,434,435.2227428899301,PLANT03,1013,15
1447295149.7,2019-03-09,PORT04,V444_0,2,DTP,0,3,V555555555_27,1684560,PLANT03,PORT09,580,801.2216933377349,PLANT03,1013,27
1447266925.7,2019-03-09,PORT04,V444_0,2,DTP,0,0,V555555555_27,1649002,PLANT03,PORT09,565,635.2114205686262,PLANT03,1013,22
1447296255.7,2019-03-10,PORT04,V444_0,2,DTP,0,0,V555555555_27,1692402,PLANT03,PORT09,654,711.4262797262915,PLANT03,1013,24
1447159720.7,2019-03-10,PORT04,V444_0,2,DTP,0,0,V555555555_27,1692402,PLANT03,PORT09,294,413.34,PLANT03,1013,14
1447159728.7,2019-03-11,PORT04,V444_0,2,DTP,0,0,V555555555_27,1692402,PLANT03,PORT09,318,433.56,PLANT03,1013,15
1447176711.7,2019-03-12,PORT04,V444_0,2,DTP,0,0,V555555555_27,1692402,PLANT03,PORT09,507,676.8,PLANT03,1013,23
1447159729.7,2019-03-13,PORT04,V444_0,2,DTP,0,0,V555555555_27,1692402,PLANT03,PORT09,559,660.56,PLANT03,1013,23
1447369674.7,2019-03-13,PORT04,V444_0,2,DTP,0,0,V555555555_27,1690001,PLANT03,PORT09,364,440.42,PLANT03,1013,15
1447326104.7,2019-03-14,PORT04,V444_0,2,DTP,0,0,V555555555_27,1690006,PLANT03,PORT09,635,808.26,PLANT03,1013,27
1447165488.7,2019-03-14,PORT04,V444_0,2,DTP,0,0,V555555555_27,1690006,PLANT03,PORT09,328,378.72406245057687,PLANT03,1013,13
1447185916.7,2019-03-15,PORT04,V444_0,2,DTP,0,0,V555555555_27,1690006,PLANT03,PORT09,270,349.19,PLANT03,1013,12
1447163000.7,2019-03-16,PORT04,V444_0,2,DTP,0,0,V555555555_27,1690006,PLANT03,PORT09,365,427.58283769995296,PLANT03,1013,15
1447196800.7,2019-03-16,PORT04,V444_0,2,DTP,0,0,V555555555_27,1690006,PLANT03,PORT09,633,689.42,PLANT03,1013,23
1447266912.7,2019-03-17,PORT04,V444_0,2,DTP,0,0,V555555555_27,1690006,PLANT03,PORT09,412,441.8834712959273,PLANT03,1013,15
1447323871.7,2019-03-18,PORT04,V444_0,2,DTP,0,0,V555555555_27,1690006,PLANT03,PORT09,475,475.0281781663269,PLANT03,1013,16
1447163001.7,2019-03-19,PORT04,V444_0,2,DTP,0,0,V555555555_27,1690006,PLANT03,PORT09,598,804.71,PLANT03,1013,27
